Building cacio with JDK 25 (/usr/lib/jvm/java-25-openjdk-amd64)
WARNING: A restricted method in java.lang.System has been called
WARNING: java.lang.System::load has been called by org.fusesource.jansi.internal.JansiLoader in an unnamed module (file:/usr/share/maven/lib/jansi-2.4.2.jar)
WARNING: Use --enable-native-access=ALL-UNNAMED to avoid a warning for callers in this module
WARNING: Restricted methods will be blocked in a future release unless native access is enabled

SLF4J: Class path contains multiple SLF4J bindings.
SLF4J: Found binding in [jar:file:/usr/share/maven/lib/maven-slf4j-provider-3.9.12.jar!/org/slf4j/impl/StaticLoggerBinder.class]
SLF4J: Found binding in [jar:file:/usr/share/maven/lib/maven-slf4j-provider-3.x.jar!/org/slf4j/impl/StaticLoggerBinder.class]
SLF4J: See http://www.slf4j.org/codes.html#multiple_bindings for an explanation.
SLF4J: Actual binding is of type [org.slf4j.impl.MavenSimpleLoggerFactory]
SLF4J: Class path contains multiple SLF4J bindings.
SLF4J: Found binding in [jar:file:/usr/share/maven/lib/maven-slf4j-provider-3.9.12.jar!/org/slf4j/impl/StaticLoggerBinder.class]
SLF4J: Found binding in [jar:file:/usr/share/maven/lib/maven-slf4j-provider-3.x.jar!/org/slf4j/impl/StaticLoggerBinder.class]
SLF4J: See http://www.slf4j.org/codes.html#multiple_bindings for an explanation.
SLF4J: Actual binding is of type [org.slf4j.impl.MavenSimpleLoggerFactory]
[INFO] Scanning for projects...
[INFO] Downloading from central: https://repo.maven.apache.org/maven2/org/junit/junit-bom/5.8.2/junit-bom-5.8.2.pom
[INFO] Downloaded from central: https://repo.maven.apache.org/maven2/org/junit/junit-bom/5.8.2/junit-bom-5.8.2.pom (5.6 kB at 7.0 kB/s)
[INFO] ------------------------------------------------------------------------
[INFO] Reactor Build Order:
[INFO]
[INFO] Caciocavallo Main Module                                           [pom]
[INFO] Cacio Shared Module                                                [jar]
[INFO] CacioTAA Java Module                                               [jar]
[INFO]
[INFO] ----------------< com.github.caciocavallosilano:cacio >-----------------
[INFO] Building Caciocavallo Main Module 1.18-SNAPSHOT                    [1/3]
[INFO]   from pom.xml
[INFO] --------------------------------[ pom ]---------------------------------
[INFO] Downloading from central: https://repo.maven.apache.org/maven2/org/apache/maven/plugins/maven-javadoc-plugin/3.1.1/maven-javadoc-plugin-3.1.1.pom
[INFO] Downloaded from central: https://repo.maven.apache.org/maven2/org/apache/maven/plugins/maven-javadoc-plugin/3.1.1/maven-javadoc-plugin-3.1.1.pom (18 kB at 480 kB/s)
[INFO] Downloading from central: https://repo.maven.apache.org/maven2/org/apache/maven/plugins/maven-plugins/33/maven-plugins-33.pom
[INFO] Downloaded from central: https://repo.maven.apache.org/maven2/org/apache/maven/plugins/maven-plugins/33/maven-plugins-33.pom (11 kB at 314 kB/s)
[INFO] Downloading from central: https://repo.maven.apache.org/maven2/org/apache/maven/maven-parent/33/maven-parent-33.pom
[INFO] Downloaded from central: https://repo.maven.apache.org/maven2/org/apache/maven/maven-parent/33/maven-parent-33.pom (44 kB at 1.3 MB/s)
[INFO] Downloading from central: https://repo.maven.apache.org/maven2/org/apache/apache/21/apache-21.pom
[INFO] Downloaded from central: https://repo.maven.apache.org/maven2/org/apache/apache/21/apache-21.pom (17 kB at 389 kB/s)
[INFO] Downloading from central: https://repo.maven.apache.org/maven2/org/apache/maven/plugins/maven-javadoc-plugin/3.1.1/maven-javadoc-plugin-3.1.1.jar
[INFO] Downloaded from central: https://repo.maven.apache.org/maven2/org/apache/maven/plugins/maven-javadoc-plugin/3.1.1/maven-javadoc-plugin-3.1.1.jar (481 kB at 5.4 MB/s)
[INFO] Downloading from central: https://repo.maven.apache.org/maven2/org/apache/maven/plugins/maven-source-plugin/3.0.0/maven-source-plugin-3.0.0.pom
[INFO] Downloaded from central: https://repo.maven.apache.org/maven2/org/apache/maven/plugins/maven-source-plugin/3.0.0/maven-source-plugin-3.0.0.pom (5.7 kB at 190 kB/s)
[INFO] Downloading from central: https://repo.maven.apache.org/maven2/org/apache/maven/plugins/maven-plugins/28/maven-plugins-28.pom
[INFO] Downloaded from central: https://repo.maven.apache.org/maven2/org/apache/maven/plugins/maven-plugins/28/maven-plugins-28.pom (12 kB at 388 kB/s)
[INFO] Downloading from central: https://repo.maven.apache.org/maven2/org/apache/maven/maven-parent/27/maven-parent-27.pom
[INFO] Downloaded from central: https://repo.maven.apache.org/maven2/org/apache/maven/maven-parent/27/maven-parent-27.pom (41 kB at 1.3 MB/s)
[INFO] Downloading from central: https://repo.maven.apache.org/maven2/org/apache/apache/17/apache-17.pom
[INFO] Downloaded from central: https://repo.maven.apache.org/maven2/org/apache/apache/17/apache-17.pom (16 kB at 502 kB/s)
[INFO] Downloading from central: https://repo.maven.apache.org/maven2/org/apache/maven/plugins/maven-source-plugin/3.0.0/maven-source-plugin-3.0.0.jar
[INFO] Downloaded from central: https://repo.maven.apache.org/maven2/org/apache/maven/plugins/maven-source-plugin/3.0.0/maven-source-plugin-3.0.0.jar (31 kB at 1.1 MB/s)
[INFO]
[INFO] --- javadoc:3.1.1:jar (attach-javadocs) @ cacio ---
[INFO] Downloading from central: https://repo.maven.apache.org/maven2/org/apache/maven/maven-core/3.0/maven-core-3.0.pom
[INFO] Downloaded from central: https://repo.maven.apache.org/maven2/org/apache/maven/maven-core/3.0/maven-core-3.0.pom (6.6 kB at 214 kB/s)
[INFO] Downloading from central: https://repo.maven.apache.org/maven2/org/apache/maven/maven/3.0/maven-3.0.pom
[INFO] Downloaded from central: https://repo.maven.apache.org/maven2/org/apache/maven/maven/3.0/maven-3.0.pom (22 kB at 730 kB/s)
[INFO] Downloading from central: https://repo.maven.apache.org/maven2/org/apache/maven/maven-parent/15/maven-parent-15.pom
[INFO] Downloaded from central: https://repo.maven.apache.org/maven2/org/apache/maven/maven-parent/15/maven-parent-15.pom (24 kB at 828 kB/s)
[INFO] Downloading from central: https://repo.maven.apache.org/maven2/org/apache/apache/6/apache-6.pom
[INFO] Downloaded from central: https://repo.maven.apache.org/maven2/org/apache/apache/6/apache-6.pom (13 kB at 492 kB/s)
[INFO] Downloading from central: https://repo.maven.apache.org/maven2/org/apache/maven/maven-model/3.0/maven-model-3.0.pom
[INFO] Downloaded from central: https://repo.maven.apache.org/maven2/org/apache/maven/maven-model/3.0/maven-model-3.0.pom (3.9 kB at 134 kB/s)
[INFO] Downloading from central: https://repo.maven.apache.org/maven2/org/codehaus/plexus/plexus-utils/2.0.4/plexus-utils-2.0.4.pom
[INFO] Downloaded from central: https://repo.maven.apache.org/maven2/org/codehaus/plexus/plexus-utils/2.0.4/plexus-utils-2.0.4.pom (3.3 kB at 115 kB/s)
[INFO] Downloading from central: https://repo.maven.apache.org/maven2/org/codehaus/plexus/plexus/2.0.6/plexus-2.0.6.pom
[INFO] Downloaded from central: https://repo.maven.apache.org/maven2/org/codehaus/plexus/plexus/2.0.6/plexus-2.0.6.pom (17 kB at 621 kB/s)
[INFO] Downloading from central: https://repo.maven.apache.org/maven2/org/apache/maven/maven-settings/3.0/maven-settings-3.0.pom
[INFO] Downloaded from central: https://repo.maven.apache.org/maven2/org/apache/maven/maven-settings/3.0/maven-settings-3.0.pom (1.9 kB at 63 kB/s)
[INFO] Downloading from central: https://repo.maven.apache.org/maven2/org/apache/maven/maven-settings-builder/3.0/maven-settings-builder-3.0.pom
[INFO] Downloaded from central: https://repo.maven.apache.org/maven2/org/apache/maven/maven-settings-builder/3.0/maven-settings-builder-3.0.pom (2.2 kB at 74 kB/s)
[INFO] Downloading from central: https://repo.maven.apache.org/maven2/org/codehaus/plexus/plexus-interpolation/1.14/plexus-interpolation-1.14.pom
[INFO] Downloaded from central: https://repo.maven.apache.org/maven2/org/codehaus/plexus/plexus-interpolation/1.14/plexus-interpolation-1.14.pom (910 B at 31 kB/s)
[INFO] Downloading from central: https://repo.maven.apache.org/maven2/org/codehaus/plexus/plexus-components/1.1.18/plexus-components-1.1.18.pom
[INFO] Downloaded from central: https://repo.maven.apache.org/maven2/org/codehaus/plexus/plexus-components/1.1.18/plexus-components-1.1.18.pom (5.4 kB at 185 kB/s)
[INFO] Downloading from central: https://repo.maven.apache.org/maven2/org/codehaus/plexus/plexus/2.0.7/plexus-2.0.7.pom
[INFO] Downloaded from central: https://repo.maven.apache.org/maven2/org/codehaus/plexus/plexus/2.0.7/plexus-2.0.7.pom (17 kB at 618 kB/s)
[INFO] Downloading from central: https://repo.maven.apache.org/maven2/org/codehaus/plexus/plexus-component-annotations/1.7.1/plexus-component-annotations-1.7.1.pom
[INFO] Downloaded from central: https://repo.maven.apache.org/maven2/org/codehaus/plexus/plexus-component-annotations/1.7.1/plexus-component-annotations-1.7.1.pom (770 B at 26 kB/s)
[INFO] Downloading from central: https://repo.maven.apache.org/maven2/org/codehaus/plexus/plexus-containers/1.7.1/plexus-containers-1.7.1.pom
[INFO] Downloaded from central: https://repo.maven.apache.org/maven2/org/codehaus/plexus/plexus-containers/1.7.1/plexus-containers-1.7.1.pom (5.0 kB at 174 kB/s)
[INFO] Downloading from central: https://repo.maven.apache.org/maven2/org/codehaus/plexus/plexus/4.0/plexus-4.0.pom
[INFO] Downloaded from central: https://repo.maven.apache.org/maven2/org/codehaus/plexus/plexus/4.0/plexus-4.0.pom (22 kB at 796 kB/s)
[INFO] Downloading from central: https://repo.maven.apache.org/maven2/org/sonatype/forge/forge-parent/10/forge-parent-10.pom
[INFO] Downloaded from central: https://repo.maven.apache.org/maven2/org/sonatype/forge/forge-parent/10/forge-parent-10.pom (14 kB at 468 kB/s)
[INFO] Downloading from central: https://repo.maven.apache.org/maven2/org/sonatype/plexus/plexus-sec-dispatcher/1.3/plexus-sec-dispatcher-1.3.pom
[INFO] Downloaded from central: https://repo.maven.apache.org/maven2/org/sonatype/plexus/plexus-sec-dispatcher/1.3/plexus-sec-dispatcher-1.3.pom (3.0 kB at 99 kB/s)
[INFO] Downloading from central: https://repo.maven.apache.org/maven2/org/sonatype/spice/spice-parent/12/spice-parent-12.pom
[INFO] Downloaded from central: https://repo.maven.apache.org/maven2/org/sonatype/spice/spice-parent/12/spice-parent-12.pom (6.8 kB at 227 kB/s)
[INFO] Downloading from central: https://repo.maven.apache.org/maven2/org/sonatype/forge/forge-parent/4/forge-parent-4.pom
[INFO] Downloaded from central: https://repo.maven.apache.org/maven2/org/sonatype/forge/forge-parent/4/forge-parent-4.pom (8.4 kB at 300 kB/s)
[INFO] Downloading from central: https://repo.maven.apache.org/maven2/org/codehaus/plexus/plexus-utils/1.5.5/plexus-utils-1.5.5.pom
[INFO] Downloaded from central: https://repo.maven.apache.org/maven2/org/codehaus/plexus/plexus-utils/1.5.5/plexus-utils-1.5.5.pom (5.1 kB at 191 kB/s)
[INFO] Downloading from central: https://repo.maven.apache.org/maven2/org/codehaus/plexus/plexus/1.0.11/plexus-1.0.11.pom
[INFO] Downloaded from central: https://repo.maven.apache.org/maven2/org/codehaus/plexus/plexus/1.0.11/plexus-1.0.11.pom (9.0 kB at 332 kB/s)
[INFO] Downloading from central: https://repo.maven.apache.org/maven2/org/sonatype/plexus/plexus-cipher/1.4/plexus-cipher-1.4.pom
[INFO] Downloaded from central: https://repo.maven.apache.org/maven2/org/sonatype/plexus/plexus-cipher/1.4/plexus-cipher-1.4.pom (2.1 kB at 63 kB/s)
[INFO] Downloading from central: https://repo.maven.apache.org/maven2/org/apache/maven/maven-repository-metadata/3.0/maven-repository-metadata-3.0.pom
[INFO] Downloaded from central: https://repo.maven.apache.org/maven2/org/apache/maven/maven-repository-metadata/3.0/maven-repository-metadata-3.0.pom (1.9 kB at 64 kB/s)
[INFO] Downloading from central: https://repo.maven.apache.org/maven2/org/apache/maven/maven-artifact/3.0/maven-artifact-3.0.pom
[INFO] Downloaded from central: https://repo.maven.apache.org/maven2/org/apache/maven/maven-artifact/3.0/maven-artifact-3.0.pom (1.9 kB at 64 kB/s)
[INFO] Downloading from central: https://repo.maven.apache.org/maven2/org/apache/maven/maven-plugin-api/3.0/maven-plugin-api-3.0.pom
[INFO] Downloaded from central: https://repo.maven.apache.org/maven2/org/apache/maven/maven-plugin-api/3.0/maven-plugin-api-3.0.pom (2.3 kB at 79 kB/s)
[INFO] Downloading from central: https://repo.maven.apache.org/maven2/org/sonatype/sisu/sisu-inject-plexus/1.4.2/sisu-inject-plexus-1.4.2.pom
[INFO] Downloaded from central: https://repo.maven.apache.org/maven2/org/sonatype/sisu/sisu-inject-plexus/1.4.2/sisu-inject-plexus-1.4.2.pom (5.4 kB at 185 kB/s)
[INFO] Downloading from central: https://repo.maven.apache.org/maven2/org/sonatype/sisu/inject/guice-plexus/1.4.2/guice-plexus-1.4.2.pom
[INFO] Downloaded from central: https://repo.maven.apache.org/maven2/org/sonatype/sisu/inject/guice-plexus/1.4.2/guice-plexus-1.4.2.pom (3.1 kB at 104 kB/s)
[INFO] Downloading from central: https://repo.maven.apache.org/maven2/org/sonatype/sisu/inject/guice-bean/1.4.2/guice-bean-1.4.2.pom
[INFO] Downloaded from central: https://repo.maven.apache.org/maven2/org/sonatype/sisu/inject/guice-bean/1.4.2/guice-bean-1.4.2.pom (2.6 kB at 90 kB/s)
[INFO] Downloading from central: https://repo.maven.apache.org/maven2/org/sonatype/sisu/sisu-inject/1.4.2/sisu-inject-1.4.2.pom
[INFO] Downloaded from central: https://repo.maven.apache.org/maven2/org/sonatype/sisu/sisu-inject/1.4.2/sisu-inject-1.4.2.pom (1.2 kB at 45 kB/s)
[INFO] Downloading from central: https://repo.maven.apache.org/maven2/org/sonatype/sisu/sisu-parent/1.4.2/sisu-parent-1.4.2.pom
[INFO] Downloaded from central: https://repo.maven.apache.org/maven2/org/sonatype/sisu/sisu-parent/1.4.2/sisu-parent-1.4.2.pom (7.8 kB at 268 kB/s)
[INFO] Downloading from central: https://repo.maven.apache.org/maven2/org/sonatype/forge/forge-parent/6/forge-parent-6.pom
[INFO] Downloaded from central: https://repo.maven.apache.org/maven2/org/sonatype/forge/forge-parent/6/forge-parent-6.pom (11 kB at 384 kB/s)
[INFO] Downloading from central: https://repo.maven.apache.org/maven2/org/codehaus/plexus/plexus-classworlds/2.2.3/plexus-classworlds-2.2.3.pom
[INFO] Downloaded from central: https://repo.maven.apache.org/maven2/org/codehaus/plexus/plexus-classworlds/2.2.3/plexus-classworlds-2.2.3.pom (4.0 kB at 133 kB/s)
[INFO] Downloading from central: https://repo.maven.apache.org/maven2/org/codehaus/plexus/plexus-utils/2.0.5/plexus-utils-2.0.5.pom
[INFO] Downloaded from central: https://repo.maven.apache.org/maven2/org/codehaus/plexus/plexus-utils/2.0.5/plexus-utils-2.0.5.pom (3.3 kB at 119 kB/s)
[INFO] Downloading from central: https://repo.maven.apache.org/maven2/org/sonatype/sisu/sisu-inject-bean/1.4.2/sisu-inject-bean-1.4.2.pom
[INFO] Downloaded from central: https://repo.maven.apache.org/maven2/org/sonatype/sisu/sisu-inject-bean/1.4.2/sisu-inject-bean-1.4.2.pom (5.5 kB at 156 kB/s)
[INFO] Downloading from central: https://repo.maven.apache.org/maven2/org/sonatype/sisu/sisu-guice/2.1.7/sisu-guice-2.1.7.pom
[INFO] Downloaded from central: https://repo.maven.apache.org/maven2/org/sonatype/sisu/sisu-guice/2.1.7/sisu-guice-2.1.7.pom (11 kB at 395 kB/s)
[INFO] Downloading from central: https://repo.maven.apache.org/maven2/org/apache/maven/maven-model-builder/3.0/maven-model-builder-3.0.pom
[INFO] Downloaded from central: https://repo.maven.apache.org/maven2/org/apache/maven/maven-model-builder/3.0/maven-model-builder-3.0.pom (2.2 kB at 61 kB/s)
[INFO] Downloading from central: https://repo.maven.apache.org/maven2/org/apache/maven/maven-aether-provider/3.0/maven-aether-provider-3.0.pom
[INFO] Downloaded from central: https://repo.maven.apache.org/maven2/org/apache/maven/maven-aether-provider/3.0/maven-aether-provider-3.0.pom (2.5 kB at 85 kB/s)
[INFO] Downloading from central: https://repo.maven.apache.org/maven2/org/sonatype/aether/aether-api/1.7/aether-api-1.7.pom
[INFO] Downloaded from central: https://repo.maven.apache.org/maven2/org/sonatype/aether/aether-api/1.7/aether-api-1.7.pom (1.7 kB at 58 kB/s)
[INFO] Downloading from central: https://repo.maven.apache.org/maven2/org/sonatype/aether/aether-parent/1.7/aether-parent-1.7.pom
[INFO] Downloaded from central: https://repo.maven.apache.org/maven2/org/sonatype/aether/aether-parent/1.7/aether-parent-1.7.pom (7.7 kB at 276 kB/s)
[INFO] Downloading from central: https://repo.maven.apache.org/maven2/org/sonatype/aether/aether-util/1.7/aether-util-1.7.pom
[INFO] Downloaded from central: https://repo.maven.apache.org/maven2/org/sonatype/aether/aether-util/1.7/aether-util-1.7.pom (2.1 kB at 69 kB/s)
[INFO] Downloading from central: https://repo.maven.apache.org/maven2/org/sonatype/aether/aether-impl/1.7/aether-impl-1.7.pom
[INFO] Downloaded from central: https://repo.maven.apache.org/maven2/org/sonatype/aether/aether-impl/1.7/aether-impl-1.7.pom (3.7 kB at 115 kB/s)
[INFO] Downloading from central: https://repo.maven.apache.org/maven2/org/sonatype/aether/aether-spi/1.7/aether-spi-1.7.pom
[INFO] Downloaded from central: https://repo.maven.apache.org/maven2/org/sonatype/aether/aether-spi/1.7/aether-spi-1.7.pom (1.7 kB at 33 kB/s)
[INFO] Downloading from central: https://repo.maven.apache.org/maven2/org/apache/maven/reporting/maven-reporting-api/3.0/maven-reporting-api-3.0.pom
[INFO] Downloaded from central: https://repo.maven.apache.org/maven2/org/apache/maven/reporting/maven-reporting-api/3.0/maven-reporting-api-3.0.pom (2.4 kB at 66 kB/s)
[INFO] Downloading from central: https://repo.maven.apache.org/maven2/org/apache/maven/shared/maven-shared-components/15/maven-shared-components-15.pom
[INFO] Downloaded from central: https://repo.maven.apache.org/maven2/org/apache/maven/shared/maven-shared-components/15/maven-shared-components-15.pom (9.3 kB at 283 kB/s)
[INFO] Downloading from central: https://repo.maven.apache.org/maven2/org/apache/maven/maven-parent/16/maven-parent-16.pom
[INFO] Downloaded from central: https://repo.maven.apache.org/maven2/org/apache/maven/maven-parent/16/maven-parent-16.pom (23 kB at 802 kB/s)
[INFO] Downloading from central: https://repo.maven.apache.org/maven2/org/apache/apache/7/apache-7.pom
[INFO] Downloaded from central: https://repo.maven.apache.org/maven2/org/apache/apache/7/apache-7.pom (14 kB at 515 kB/s)
[INFO] Downloading from central: https://repo.maven.apache.org/maven2/org/apache/maven/doxia/doxia-sink-api/1.0/doxia-sink-api-1.0.pom
[INFO] Downloaded from central: https://repo.maven.apache.org/maven2/org/apache/maven/doxia/doxia-sink-api/1.0/doxia-sink-api-1.0.pom (1.4 kB at 36 kB/s)
[INFO] Downloading from central: https://repo.maven.apache.org/maven2/org/apache/maven/doxia/doxia/1.0/doxia-1.0.pom
[INFO] Downloaded from central: https://repo.maven.apache.org/maven2/org/apache/maven/doxia/doxia/1.0/doxia-1.0.pom (9.6 kB at 344 kB/s)
[INFO] Downloading from central: https://repo.maven.apache.org/maven2/org/apache/maven/maven-parent/10/maven-parent-10.pom
[INFO] Downloaded from central: https://repo.maven.apache.org/maven2/org/apache/maven/maven-parent/10/maven-parent-10.pom (32 kB at 1.1 MB/s)
[INFO] Downloading from central: https://repo.maven.apache.org/maven2/org/apache/apache/4/apache-4.pom
[INFO] Downloaded from central: https://repo.maven.apache.org/maven2/org/apache/apache/4/apache-4.pom (4.5 kB at 150 kB/s)
[INFO] Downloading from central: https://repo.maven.apache.org/maven2/org/apache/maven/maven-archiver/3.2.0/maven-archiver-3.2.0.pom
[INFO] Downloaded from central: https://repo.maven.apache.org/maven2/org/apache/maven/maven-archiver/3.2.0/maven-archiver-3.2.0.pom (4.3 kB at 149 kB/s)
[INFO] Downloading from central: https://repo.maven.apache.org/maven2/org/apache/maven/shared/maven-shared-components/30/maven-shared-components-30.pom
[INFO] Downloaded from central: https://repo.maven.apache.org/maven2/org/apache/maven/shared/maven-shared-components/30/maven-shared-components-30.pom (4.6 kB at 153 kB/s)
[INFO] Downloading from central: https://repo.maven.apache.org/maven2/org/apache/maven/maven-parent/30/maven-parent-30.pom
[INFO] Downloaded from central: https://repo.maven.apache.org/maven2/org/apache/maven/maven-parent/30/maven-parent-30.pom (41 kB at 1.3 MB/s)
[INFO] Downloading from central: https://repo.maven.apache.org/maven2/org/apache/apache/18/apache-18.pom
[INFO] Downloaded from central: https://repo.maven.apache.org/maven2/org/apache/apache/18/apache-18.pom (16 kB at 580 kB/s)
[INFO] Downloading from central: https://repo.maven.apache.org/maven2/org/apache/maven/shared/maven-shared-utils/3.2.0/maven-shared-utils-3.2.0.pom
[INFO] Downloaded from central: https://repo.maven.apache.org/maven2/org/apache/maven/shared/maven-shared-utils/3.2.0/maven-shared-utils-3.2.0.pom (4.9 kB at 169 kB/s)
[INFO] Downloading from central: https://repo.maven.apache.org/maven2/commons-io/commons-io/2.5/commons-io-2.5.pom
[INFO] Downloaded from central: https://repo.maven.apache.org/maven2/commons-io/commons-io/2.5/commons-io-2.5.pom (13 kB at 475 kB/s)
[INFO] Downloading from central: https://repo.maven.apache.org/maven2/org/apache/commons/commons-parent/39/commons-parent-39.pom
[INFO] Downloaded from central: https://repo.maven.apache.org/maven2/org/apache/commons/commons-parent/39/commons-parent-39.pom (62 kB at 2.1 MB/s)
[INFO] Downloading from central: https://repo.maven.apache.org/maven2/org/apache/apache/16/apache-16.pom
[INFO] Downloaded from central: https://repo.maven.apache.org/maven2/org/apache/apache/16/apache-16.pom (15 kB at 550 kB/s)
[INFO] Downloading from central: https://repo.maven.apache.org/maven2/org/codehaus/plexus/plexus-archiver/3.5/plexus-archiver-3.5.pom
[INFO] Downloaded from central: https://repo.maven.apache.org/maven2/org/codehaus/plexus/plexus-archiver/3.5/plexus-archiver-3.5.pom (4.8 kB at 172 kB/s)
[INFO] Downloading from central: https://repo.maven.apache.org/maven2/org/codehaus/plexus/plexus/5.0/plexus-5.0.pom
[INFO] Downloaded from central: https://repo.maven.apache.org/maven2/org/codehaus/plexus/plexus/5.0/plexus-5.0.pom (21 kB at 762 kB/s)
[INFO] Downloading from central: https://repo.maven.apache.org/maven2/org/codehaus/plexus/plexus-utils/3.0.24/plexus-utils-3.0.24.pom
[INFO] Downloaded from central: https://repo.maven.apache.org/maven2/org/codehaus/plexus/plexus-utils/3.0.24/plexus-utils-3.0.24.pom (4.1 kB at 153 kB/s)
[INFO] Downloading from central: https://repo.maven.apache.org/maven2/org/codehaus/plexus/plexus-io/3.0.0/plexus-io-3.0.0.pom
[INFO] Downloaded from central: https://repo.maven.apache.org/maven2/org/codehaus/plexus/plexus-io/3.0.0/plexus-io-3.0.0.pom (4.5 kB at 152 kB/s)
[INFO] Downloading from central: https://repo.maven.apache.org/maven2/org/apache/commons/commons-compress/1.14/commons-compress-1.14.pom
[INFO] Downloaded from central: https://repo.maven.apache.org/maven2/org/apache/commons/commons-compress/1.14/commons-compress-1.14.pom (13 kB at 438 kB/s)
[INFO] Downloading from central: https://repo.maven.apache.org/maven2/org/apache/commons/commons-parent/42/commons-parent-42.pom
[INFO] Downloaded from central: https://repo.maven.apache.org/maven2/org/apache/commons/commons-parent/42/commons-parent-42.pom (68 kB at 2.1 MB/s)
[INFO] Downloading from central: https://repo.maven.apache.org/maven2/org/iq80/snappy/snappy/0.4/snappy-0.4.pom
[INFO] Downloaded from central: https://repo.maven.apache.org/maven2/org/iq80/snappy/snappy/0.4/snappy-0.4.pom (15 kB at 469 kB/s)
[INFO] Downloading from central: https://repo.maven.apache.org/maven2/org/tukaani/xz/1.6/xz-1.6.pom
[INFO] Downloaded from central: https://repo.maven.apache.org/maven2/org/tukaani/xz/1.6/xz-1.6.pom (1.9 kB at 63 kB/s)
[INFO] Downloading from central: https://repo.maven.apache.org/maven2/org/codehaus/plexus/plexus-interpolation/1.22/plexus-interpolation-1.22.pom
[INFO] Downloaded from central: https://repo.maven.apache.org/maven2/org/codehaus/plexus/plexus-interpolation/1.22/plexus-interpolation-1.22.pom (1.5 kB at 31 kB/s)
[INFO] Downloading from central: https://repo.maven.apache.org/maven2/org/codehaus/plexus/plexus-components/1.3.1/plexus-components-1.3.1.pom
[INFO] Downloaded from central: https://repo.maven.apache.org/maven2/org/codehaus/plexus/plexus-components/1.3.1/plexus-components-1.3.1.pom (3.1 kB at 106 kB/s)
[INFO] Downloading from central: https://repo.maven.apache.org/maven2/org/codehaus/plexus/plexus/3.3.1/plexus-3.3.1.pom
[INFO] Downloaded from central: https://repo.maven.apache.org/maven2/org/codehaus/plexus/plexus/3.3.1/plexus-3.3.1.pom (20 kB at 682 kB/s)
[INFO] Downloading from central: https://repo.maven.apache.org/maven2/org/sonatype/spice/spice-parent/17/spice-parent-17.pom
[INFO] Downloaded from central: https://repo.maven.apache.org/maven2/org/sonatype/spice/spice-parent/17/spice-parent-17.pom (6.8 kB at 250 kB/s)
[INFO] Downloading from central: https://repo.maven.apache.org/maven2/org/apache/maven/shared/maven-invoker/3.0.0/maven-invoker-3.0.0.pom
[INFO] Downloaded from central: https://repo.maven.apache.org/maven2/org/apache/maven/shared/maven-invoker/3.0.0/maven-invoker-3.0.0.pom (5.0 kB at 162 kB/s)
[INFO] Downloading from central: https://repo.maven.apache.org/maven2/org/apache/maven/shared/maven-common-artifact-filters/3.0.0/maven-common-artifact-filters-3.0.0.pom
[INFO] Downloaded from central: https://repo.maven.apache.org/maven2/org/apache/maven/shared/maven-common-artifact-filters/3.0.0/maven-common-artifact-filters-3.0.0.pom (4.8 kB at 150 kB/s)
[INFO] Downloading from central: https://repo.maven.apache.org/maven2/org/apache/maven/shared/maven-shared-components/22/maven-shared-components-22.pom
[INFO] Downloaded from central: https://repo.maven.apache.org/maven2/org/apache/maven/shared/maven-shared-components/22/maven-shared-components-22.pom (5.1 kB at 160 kB/s)
[INFO] Downloading from central: https://repo.maven.apache.org/maven2/org/apache/maven/shared/maven-shared-utils/3.0.0/maven-shared-utils-3.0.0.pom
[INFO] Downloaded from central: https://repo.maven.apache.org/maven2/org/apache/maven/shared/maven-shared-utils/3.0.0/maven-shared-utils-3.0.0.pom (5.6 kB at 186 kB/s)
[INFO] Downloading from central: https://repo.maven.apache.org/maven2/org/apache/maven/shared/maven-shared-components/21/maven-shared-components-21.pom
[INFO] Downloaded from central: https://repo.maven.apache.org/maven2/org/apache/maven/shared/maven-shared-components/21/maven-shared-components-21.pom (5.1 kB at 150 kB/s)
[INFO] Downloading from central: https://repo.maven.apache.org/maven2/org/apache/maven/maven-parent/25/maven-parent-25.pom
[INFO] Downloaded from central: https://repo.maven.apache.org/maven2/org/apache/maven/maven-parent/25/maven-parent-25.pom (37 kB at 1.2 MB/s)
[INFO] Downloading from central: https://repo.maven.apache.org/maven2/org/apache/apache/15/apache-15.pom
[INFO] Downloaded from central: https://repo.maven.apache.org/maven2/org/apache/apache/15/apache-15.pom (15 kB at 525 kB/s)
[INFO] Downloading from central: https://repo.maven.apache.org/maven2/commons-io/commons-io/2.4/commons-io-2.4.pom
[INFO] Downloaded from central: https://repo.maven.apache.org/maven2/commons-io/commons-io/2.4/commons-io-2.4.pom (10 kB at 377 kB/s)
[INFO] Downloading from central: https://repo.maven.apache.org/maven2/org/apache/commons/commons-parent/25/commons-parent-25.pom
[INFO] Downloaded from central: https://repo.maven.apache.org/maven2/org/apache/commons/commons-parent/25/commons-parent-25.pom (48 kB at 1.7 MB/s)
[INFO] Downloading from central: https://repo.maven.apache.org/maven2/org/apache/apache/9/apache-9.pom
[INFO] Downloaded from central: https://repo.maven.apache.org/maven2/org/apache/apache/9/apache-9.pom (15 kB at 309 kB/s)
[INFO] Downloading from central: https://repo.maven.apache.org/maven2/com/google/code/findbugs/jsr305/2.0.1/jsr305-2.0.1.pom
[INFO] Downloaded from central: https://repo.maven.apache.org/maven2/com/google/code/findbugs/jsr305/2.0.1/jsr305-2.0.1.pom (965 B at 30 kB/s)
[INFO] Downloading from central: https://repo.maven.apache.org/maven2/org/apache/maven/shared/maven-artifact-transfer/0.10.1/maven-artifact-transfer-0.10.1.pom
[INFO] Downloaded from central: https://repo.maven.apache.org/maven2/org/apache/maven/shared/maven-artifact-transfer/0.10.1/maven-artifact-transfer-0.10.1.pom (11 kB at 382 kB/s)
[INFO] Downloading from central: https://repo.maven.apache.org/maven2/org/apache/maven/shared/maven-shared-components/33/maven-shared-components-33.pom
[INFO] Downloaded from central: https://repo.maven.apache.org/maven2/org/apache/maven/shared/maven-shared-components/33/maven-shared-components-33.pom (5.1 kB at 182 kB/s)
[INFO] Downloading from central: https://repo.maven.apache.org/maven2/org/apache/maven/shared/maven-common-artifact-filters/3.0.1/maven-common-artifact-filters-3.0.1.pom
[INFO] Downloaded from central: https://repo.maven.apache.org/maven2/org/apache/maven/shared/maven-common-artifact-filters/3.0.1/maven-common-artifact-filters-3.0.1.pom (4.8 kB at 161 kB/s)
[INFO] Downloading from central: https://repo.maven.apache.org/maven2/org/apache/maven/shared/maven-shared-utils/3.1.0/maven-shared-utils-3.1.0.pom
[INFO] Downloaded from central: https://repo.maven.apache.org/maven2/org/apache/maven/shared/maven-shared-utils/3.1.0/maven-shared-utils-3.1.0.pom (5.0 kB at 178 kB/s)
[INFO] Downloading from central: https://repo.maven.apache.org/maven2/org/codehaus/plexus/plexus-utils/3.1.0/plexus-utils-3.1.0.pom
[INFO] Downloaded from central: https://repo.maven.apache.org/maven2/org/codehaus/plexus/plexus-utils/3.1.0/plexus-utils-3.1.0.pom (4.7 kB at 166 kB/s)
[INFO] Downloading from central: https://repo.maven.apache.org/maven2/commons-codec/commons-codec/1.11/commons-codec-1.11.pom
[INFO] Downloaded from central: https://repo.maven.apache.org/maven2/commons-codec/commons-codec/1.11/commons-codec-1.11.pom (14 kB at 517 kB/s)
[INFO] Downloading from central: https://repo.maven.apache.org/maven2/org/slf4j/slf4j-api/1.7.5/slf4j-api-1.7.5.pom
[INFO] Downloaded from central: https://repo.maven.apache.org/maven2/org/slf4j/slf4j-api/1.7.5/slf4j-api-1.7.5.pom (2.7 kB at 96 kB/s)
[INFO] Downloading from central: https://repo.maven.apache.org/maven2/org/slf4j/slf4j-parent/1.7.5/slf4j-parent-1.7.5.pom
[INFO] Downloaded from central: https://repo.maven.apache.org/maven2/org/slf4j/slf4j-parent/1.7.5/slf4j-parent-1.7.5.pom (12 kB at 422 kB/s)
[INFO] Downloading from central: https://repo.maven.apache.org/maven2/org/apache/maven/doxia/doxia-sink-api/1.7/doxia-sink-api-1.7.pom
[INFO] Downloaded from central: https://repo.maven.apache.org/maven2/org/apache/maven/doxia/doxia-sink-api/1.7/doxia-sink-api-1.7.pom (1.5 kB at 59 kB/s)
[INFO] Downloading from central: https://repo.maven.apache.org/maven2/org/apache/maven/doxia/doxia/1.7/doxia-1.7.pom
[INFO] Downloaded from central: https://repo.maven.apache.org/maven2/org/apache/maven/doxia/doxia/1.7/doxia-1.7.pom (15 kB at 526 kB/s)
[INFO] Downloading from central: https://repo.maven.apache.org/maven2/org/apache/maven/doxia/doxia-logging-api/1.7/doxia-logging-api-1.7.pom
[INFO] Downloaded from central: https://repo.maven.apache.org/maven2/org/apache/maven/doxia/doxia-logging-api/1.7/doxia-logging-api-1.7.pom (1.5 kB at 50 kB/s)
[INFO] Downloading from central: https://repo.maven.apache.org/maven2/org/codehaus/plexus/plexus-container-default/1.0-alpha-30/plexus-container-default-1.0-alpha-30.pom
[INFO] Downloaded from central: https://repo.maven.apache.org/maven2/org/codehaus/plexus/plexus-container-default/1.0-alpha-30/plexus-container-default-1.0-alpha-30.pom (3.5 kB at 109 kB/s)
[INFO] Downloading from central: https://repo.maven.apache.org/maven2/org/codehaus/plexus/plexus-containers/1.0-alpha-30/plexus-containers-1.0-alpha-30.pom
[INFO] Downloaded from central: https://repo.maven.apache.org/maven2/org/codehaus/plexus/plexus-containers/1.0-alpha-30/plexus-containers-1.0-alpha-30.pom (1.9 kB at 73 kB/s)
[INFO] Downloading from central: https://repo.maven.apache.org/maven2/org/codehaus/plexus/plexus-utils/1.4.5/plexus-utils-1.4.5.pom
[INFO] Downloaded from central: https://repo.maven.apache.org/maven2/org/codehaus/plexus/plexus-utils/1.4.5/plexus-utils-1.4.5.pom (2.3 kB at 84 kB/s)
[INFO] Downloading from central: https://repo.maven.apache.org/maven2/org/codehaus/plexus/plexus-classworlds/1.2-alpha-9/plexus-classworlds-1.2-alpha-9.pom
[INFO] Downloaded from central: https://repo.maven.apache.org/maven2/org/codehaus/plexus/plexus-classworlds/1.2-alpha-9/plexus-classworlds-1.2-alpha-9.pom (3.2 kB at 119 kB/s)
[INFO] Downloading from central: https://repo.maven.apache.org/maven2/org/codehaus/plexus/plexus/1.0.10/plexus-1.0.10.pom
[INFO] Downloaded from central: https://repo.maven.apache.org/maven2/org/codehaus/plexus/plexus/1.0.10/plexus-1.0.10.pom (8.2 kB at 295 kB/s)
[INFO] Downloading from central: https://repo.maven.apache.org/maven2/junit/junit/3.8.1/junit-3.8.1.pom
[INFO] Downloaded from central: https://repo.maven.apache.org/maven2/junit/junit/3.8.1/junit-3.8.1.pom (998 B at 34 kB/s)
[INFO] Downloading from central: https://repo.maven.apache.org/maven2/org/apache/maven/doxia/doxia-site-renderer/1.7.4/doxia-site-renderer-1.7.4.pom
[INFO] Downloaded from central: https://repo.maven.apache.org/maven2/org/apache/maven/doxia/doxia-site-renderer/1.7.4/doxia-site-renderer-1.7.4.pom (6.7 kB at 239 kB/s)
[INFO] Downloading from central: https://repo.maven.apache.org/maven2/org/apache/maven/doxia/doxia-sitetools/1.7.4/doxia-sitetools-1.7.4.pom
[INFO] Downloaded from central: https://repo.maven.apache.org/maven2/org/apache/maven/doxia/doxia-sitetools/1.7.4/doxia-sitetools-1.7.4.pom (14 kB at 500 kB/s)
[INFO] Downloading from central: https://repo.maven.apache.org/maven2/org/apache/maven/doxia/doxia-core/1.7/doxia-core-1.7.pom
[INFO] Downloaded from central: https://repo.maven.apache.org/maven2/org/apache/maven/doxia/doxia-core/1.7/doxia-core-1.7.pom (4.1 kB at 150 kB/s)
[INFO] Downloading from central: https://repo.maven.apache.org/maven2/org/codehaus/plexus/plexus-utils/3.0.22/plexus-utils-3.0.22.pom
[INFO] Downloaded from central: https://repo.maven.apache.org/maven2/org/codehaus/plexus/plexus-utils/3.0.22/plexus-utils-3.0.22.pom (3.8 kB at 137 kB/s)
[INFO] Downloading from central: https://repo.maven.apache.org/maven2/commons-lang/commons-lang/2.4/commons-lang-2.4.pom
[INFO] Downloaded from central: https://repo.maven.apache.org/maven2/commons-lang/commons-lang/2.4/commons-lang-2.4.pom (14 kB at 482 kB/s)
[INFO] Downloading from central: https://repo.maven.apache.org/maven2/org/apache/commons/commons-parent/9/commons-parent-9.pom
[INFO] Downloaded from central: https://repo.maven.apache.org/maven2/org/apache/commons/commons-parent/9/commons-parent-9.pom (22 kB at 783 kB/s)
[INFO] Downloading from central: https://repo.maven.apache.org/maven2/org/apache/httpcomponents/httpclient/4.0.2/httpclient-4.0.2.pom
[INFO] Downloaded from central: https://repo.maven.apache.org/maven2/org/apache/httpcomponents/httpclient/4.0.2/httpclient-4.0.2.pom (7.5 kB at 268 kB/s)
[INFO] Downloading from central: https://repo.maven.apache.org/maven2/org/apache/httpcomponents/httpcomponents-client/4.0.2/httpcomponents-client-4.0.2.pom
[INFO] Downloaded from central: https://repo.maven.apache.org/maven2/org/apache/httpcomponents/httpcomponents-client/4.0.2/httpcomponents-client-4.0.2.pom (9.0 kB at 320 kB/s)
[INFO] Downloading from central: https://repo.maven.apache.org/maven2/org/apache/httpcomponents/project/4.1/project-4.1.pom
[INFO] Downloaded from central: https://repo.maven.apache.org/maven2/org/apache/httpcomponents/project/4.1/project-4.1.pom (16 kB at 565 kB/s)
[INFO] Downloading from central: https://repo.maven.apache.org/maven2/org/apache/httpcomponents/httpcore/4.0.1/httpcore-4.0.1.pom
[INFO] Downloaded from central: https://repo.maven.apache.org/maven2/org/apache/httpcomponents/httpcore/4.0.1/httpcore-4.0.1.pom (4.9 kB at 169 kB/s)
[INFO] Downloading from central: https://repo.maven.apache.org/maven2/org/apache/httpcomponents/httpcomponents-core/4.0.1/httpcomponents-core-4.0.1.pom
[INFO] Downloaded from central: https://repo.maven.apache.org/maven2/org/apache/httpcomponents/httpcomponents-core/4.0.1/httpcomponents-core-4.0.1.pom (9.4 kB at 346 kB/s)
[INFO] Downloading from central: https://repo.maven.apache.org/maven2/org/apache/httpcomponents/project/4.0/project-4.0.pom
[INFO] Downloaded from central: https://repo.maven.apache.org/maven2/org/apache/httpcomponents/project/4.0/project-4.0.pom (13 kB at 452 kB/s)
[INFO] Downloading from central: https://repo.maven.apache.org/maven2/commons-logging/commons-logging/1.1.1/commons-logging-1.1.1.pom
[INFO] Downloaded from central: https://repo.maven.apache.org/maven2/commons-logging/commons-logging/1.1.1/commons-logging-1.1.1.pom (18 kB at 540 kB/s)
[INFO] Downloading from central: https://repo.maven.apache.org/maven2/org/apache/commons/commons-parent/5/commons-parent-5.pom
[INFO] Downloaded from central: https://repo.maven.apache.org/maven2/org/apache/commons/commons-parent/5/commons-parent-5.pom (16 kB at 594 kB/s)
[INFO] Downloading from central: https://repo.maven.apache.org/maven2/commons-codec/commons-codec/1.3/commons-codec-1.3.pom
[INFO] Downloaded from central: https://repo.maven.apache.org/maven2/commons-codec/commons-codec/1.3/commons-codec-1.3.pom (6.1 kB at 218 kB/s)
[INFO] Downloading from central: https://repo.maven.apache.org/maven2/xmlunit/xmlunit/1.5/xmlunit-1.5.pom
[INFO] Downloaded from central: https://repo.maven.apache.org/maven2/xmlunit/xmlunit/1.5/xmlunit-1.5.pom (3.0 kB at 102 kB/s)
[INFO] Downloading from central: https://repo.maven.apache.org/maven2/org/apache/maven/doxia/doxia-decoration-model/1.7.4/doxia-decoration-model-1.7.4.pom
[INFO] Downloaded from central: https://repo.maven.apache.org/maven2/org/apache/maven/doxia/doxia-decoration-model/1.7.4/doxia-decoration-model-1.7.4.pom (3.4 kB at 117 kB/s)
[INFO] Downloading from central: https://repo.maven.apache.org/maven2/org/apache/maven/doxia/doxia-skin-model/1.7.4/doxia-skin-model-1.7.4.pom
[INFO] Downloaded from central: https://repo.maven.apache.org/maven2/org/apache/maven/doxia/doxia-skin-model/1.7.4/doxia-skin-model-1.7.4.pom (3.0 kB at 89 kB/s)
[INFO] Downloading from central: https://repo.maven.apache.org/maven2/org/apache/maven/doxia/doxia-module-xhtml/1.7/doxia-module-xhtml-1.7.pom
[INFO] Downloaded from central: https://repo.maven.apache.org/maven2/org/apache/maven/doxia/doxia-module-xhtml/1.7/doxia-module-xhtml-1.7.pom (1.6 kB at 58 kB/s)
[INFO] Downloading from central: https://repo.maven.apache.org/maven2/org/apache/maven/doxia/doxia-modules/1.7/doxia-modules-1.7.pom
[INFO] Downloaded from central: https://repo.maven.apache.org/maven2/org/apache/maven/doxia/doxia-modules/1.7/doxia-modules-1.7.pom (2.6 kB at 73 kB/s)
[INFO] Downloading from central: https://repo.maven.apache.org/maven2/org/codehaus/plexus/plexus-i18n/1.0-beta-7/plexus-i18n-1.0-beta-7.pom
[INFO] Downloaded from central: https://repo.maven.apache.org/maven2/org/codehaus/plexus/plexus-i18n/1.0-beta-7/plexus-i18n-1.0-beta-7.pom (1.1 kB at 42 kB/s)
[INFO] Downloading from central: https://repo.maven.apache.org/maven2/org/codehaus/plexus/plexus-components/1.1.12/plexus-components-1.1.12.pom
[INFO] Downloaded from central: https://repo.maven.apache.org/maven2/org/codehaus/plexus/plexus-components/1.1.12/plexus-components-1.1.12.pom (3.0 kB at 86 kB/s)
[INFO] Downloading from central: https://repo.maven.apache.org/maven2/org/codehaus/plexus/plexus-utils/1.4.1/plexus-utils-1.4.1.pom
[INFO] Downloaded from central: https://repo.maven.apache.org/maven2/org/codehaus/plexus/plexus-utils/1.4.1/plexus-utils-1.4.1.pom (1.9 kB at 76 kB/s)
[INFO] Downloading from central: https://repo.maven.apache.org/maven2/org/codehaus/plexus/plexus-velocity/1.2/plexus-velocity-1.2.pom
[INFO] Downloaded from central: https://repo.maven.apache.org/maven2/org/codehaus/plexus/plexus-velocity/1.2/plexus-velocity-1.2.pom (2.8 kB at 104 kB/s)
[INFO] Downloading from central: https://repo.maven.apache.org/maven2/org/codehaus/plexus/plexus-components/4.0/plexus-components-4.0.pom
[INFO] Downloaded from central: https://repo.maven.apache.org/maven2/org/codehaus/plexus/plexus-components/4.0/plexus-components-4.0.pom (2.7 kB at 102 kB/s)
[INFO] Downloading from central: https://repo.maven.apache.org/maven2/org/codehaus/plexus/plexus-container-default/1.0-alpha-9-stable-1/plexus-container-default-1.0-alpha-9-stable-1.pom
[INFO] Downloaded from central: https://repo.maven.apache.org/maven2/org/codehaus/plexus/plexus-container-default/1.0-alpha-9-stable-1/plexus-container-default-1.0-alpha-9-stable-1.pom (3.9 kB at 141 kB/s)
[INFO] Downloading from central: https://repo.maven.apache.org/maven2/org/codehaus/plexus/plexus-containers/1.0.3/plexus-containers-1.0.3.pom
[INFO] Downloaded from central: https://repo.maven.apache.org/maven2/org/codehaus/plexus/plexus-containers/1.0.3/plexus-containers-1.0.3.pom (492 B at 19 kB/s)
[INFO] Downloading from central: https://repo.maven.apache.org/maven2/org/codehaus/plexus/plexus/1.0.4/plexus-1.0.4.pom
[INFO] Downloaded from central: https://repo.maven.apache.org/maven2/org/codehaus/plexus/plexus/1.0.4/plexus-1.0.4.pom (5.7 kB at 212 kB/s)
[INFO] Downloading from central: https://repo.maven.apache.org/maven2/org/codehaus/plexus/plexus-utils/1.0.4/plexus-utils-1.0.4.pom
[INFO] Downloaded from central: https://repo.maven.apache.org/maven2/org/codehaus/plexus/plexus-utils/1.0.4/plexus-utils-1.0.4.pom (6.9 kB at 274 kB/s)
[INFO] Downloading from central: https://repo.maven.apache.org/maven2/classworlds/classworlds/1.1-alpha-2/classworlds-1.1-alpha-2.pom
[INFO] Downloaded from central: https://repo.maven.apache.org/maven2/classworlds/classworlds/1.1-alpha-2/classworlds-1.1-alpha-2.pom (3.1 kB at 120 kB/s)
[INFO] Downloading from central: https://repo.maven.apache.org/maven2/commons-collections/commons-collections/3.1/commons-collections-3.1.pom
[INFO] Downloaded from central: https://repo.maven.apache.org/maven2/commons-collections/commons-collections/3.1/commons-collections-3.1.pom (6.1 kB at 217 kB/s)
[INFO] Downloading from central: https://repo.maven.apache.org/maven2/org/apache/velocity/velocity/1.7/velocity-1.7.pom
[INFO] Downloaded from central: https://repo.maven.apache.org/maven2/org/apache/velocity/velocity/1.7/velocity-1.7.pom (11 kB at 388 kB/s)
[INFO] Downloading from central: https://repo.maven.apache.org/maven2/commons-collections/commons-collections/3.2.1/commons-collections-3.2.1.pom
[INFO] Downloaded from central: https://repo.maven.apache.org/maven2/commons-collections/commons-collections/3.2.1/commons-collections-3.2.1.pom (13 kB at 447 kB/s)
[INFO] Downloading from central: https://repo.maven.apache.org/maven2/org/apache/velocity/velocity-tools/2.0/velocity-tools-2.0.pom
[INFO] Downloaded from central: https://repo.maven.apache.org/maven2/org/apache/velocity/velocity-tools/2.0/velocity-tools-2.0.pom (18 kB at 628 kB/s)
[INFO] Downloading from central: https://repo.maven.apache.org/maven2/commons-beanutils/commons-beanutils/1.7.0/commons-beanutils-1.7.0.pom
[INFO] Downloaded from central: https://repo.maven.apache.org/maven2/commons-beanutils/commons-beanutils/1.7.0/commons-beanutils-1.7.0.pom (357 B at 8.7 kB/s)
[INFO] Downloading from central: https://repo.maven.apache.org/maven2/commons-logging/commons-logging/1.0.3/commons-logging-1.0.3.pom
[INFO] Downloaded from central: https://repo.maven.apache.org/maven2/commons-logging/commons-logging/1.0.3/commons-logging-1.0.3.pom (866 B at 29 kB/s)
[INFO] Downloading from central: https://repo.maven.apache.org/maven2/commons-digester/commons-digester/1.8/commons-digester-1.8.pom
[INFO] Downloaded from central: https://repo.maven.apache.org/maven2/commons-digester/commons-digester/1.8/commons-digester-1.8.pom (7.0 kB at 233 kB/s)
[INFO] Downloading from central: https://repo.maven.apache.org/maven2/commons-logging/commons-logging/1.1/commons-logging-1.1.pom
[INFO] Downloaded from central: https://repo.maven.apache.org/maven2/commons-logging/commons-logging/1.1/commons-logging-1.1.pom (6.2 kB at 229 kB/s)
[INFO] Downloading from central: https://repo.maven.apache.org/maven2/log4j/log4j/1.2.12/log4j-1.2.12.pom
[INFO] Downloaded from central: https://repo.maven.apache.org/maven2/log4j/log4j/1.2.12/log4j-1.2.12.pom (145 B at 5.0 kB/s)
[INFO] Downloading from central: https://repo.maven.apache.org/maven2/logkit/logkit/1.0.1/logkit-1.0.1.pom
[INFO] Downloaded from central: https://repo.maven.apache.org/maven2/logkit/logkit/1.0.1/logkit-1.0.1.pom (147 B at 5.1 kB/s)
[INFO] Downloading from central: https://repo.maven.apache.org/maven2/avalon-framework/avalon-framework/4.1.3/avalon-framework-4.1.3.pom
[INFO] Downloaded from central: https://repo.maven.apache.org/maven2/avalon-framework/avalon-framework/4.1.3/avalon-framework-4.1.3.pom (167 B at 6.2 kB/s)
[INFO] Downloading from central: https://repo.maven.apache.org/maven2/javax/servlet/servlet-api/2.3/servlet-api-2.3.pom
[INFO] Downloaded from central: https://repo.maven.apache.org/maven2/javax/servlet/servlet-api/2.3/servlet-api-2.3.pom (156 B at 5.2 kB/s)
[INFO] Downloading from central: https://repo.maven.apache.org/maven2/commons-chain/commons-chain/1.1/commons-chain-1.1.pom
[INFO] Downloaded from central: https://repo.maven.apache.org/maven2/commons-chain/commons-chain/1.1/commons-chain-1.1.pom (6.0 kB at 223 kB/s)
[INFO] Downloading from central: https://repo.maven.apache.org/maven2/commons-digester/commons-digester/1.6/commons-digester-1.6.pom
[INFO] Downloaded from central: https://repo.maven.apache.org/maven2/commons-digester/commons-digester/1.6/commons-digester-1.6.pom (974 B at 36 kB/s)
[INFO] Downloading from central: https://repo.maven.apache.org/maven2/commons-beanutils/commons-beanutils/1.6/commons-beanutils-1.6.pom
[INFO] Downloaded from central: https://repo.maven.apache.org/maven2/commons-beanutils/commons-beanutils/1.6/commons-beanutils-1.6.pom (2.3 kB at 92 kB/s)
[INFO] Downloading from central: https://repo.maven.apache.org/maven2/commons-logging/commons-logging/1.0/commons-logging-1.0.pom
[INFO] Downloaded from central: https://repo.maven.apache.org/maven2/commons-logging/commons-logging/1.0/commons-logging-1.0.pom (163 B at 5.6 kB/s)
[INFO] Downloading from central: https://repo.maven.apache.org/maven2/commons-collections/commons-collections/2.0/commons-collections-2.0.pom
[INFO] Downloaded from central: https://repo.maven.apache.org/maven2/commons-collections/commons-collections/2.0/commons-collections-2.0.pom (171 B at 6.3 kB/s)
[INFO] Downloading from central: https://repo.maven.apache.org/maven2/commons-collections/commons-collections/2.1/commons-collections-2.1.pom
[INFO] Downloaded from central: https://repo.maven.apache.org/maven2/commons-collections/commons-collections/2.1/commons-collections-2.1.pom (3.3 kB at 128 kB/s)
[INFO] Downloading from central: https://repo.maven.apache.org/maven2/xml-apis/xml-apis/1.0.b2/xml-apis-1.0.b2.pom
[INFO] Downloaded from central: https://repo.maven.apache.org/maven2/xml-apis/xml-apis/1.0.b2/xml-apis-1.0.b2.pom (2.2 kB at 80 kB/s)
[INFO] Downloading from central: https://repo.maven.apache.org/maven2/commons-collections/commons-collections/3.2/commons-collections-3.2.pom
[INFO] Downloaded from central: https://repo.maven.apache.org/maven2/commons-collections/commons-collections/3.2/commons-collections-3.2.pom (11 kB at 409 kB/s)
[INFO] Downloading from central: https://repo.maven.apache.org/maven2/commons-validator/commons-validator/1.3.1/commons-validator-1.3.1.pom
[INFO] Downloaded from central: https://repo.maven.apache.org/maven2/commons-validator/commons-validator/1.3.1/commons-validator-1.3.1.pom (9.0 kB at 311 kB/s)
[INFO] Downloading from central: https://repo.maven.apache.org/maven2/commons-logging/commons-logging/1.0.4/commons-logging-1.0.4.pom
[INFO] Downloaded from central: https://repo.maven.apache.org/maven2/commons-logging/commons-logging/1.0.4/commons-logging-1.0.4.pom (5.3 kB at 195 kB/s)
[INFO] Downloading from central: https://repo.maven.apache.org/maven2/dom4j/dom4j/1.1/dom4j-1.1.pom
[INFO] Downloaded from central: https://repo.maven.apache.org/maven2/dom4j/dom4j/1.1/dom4j-1.1.pom (142 B at 5.3 kB/s)
[INFO] Downloading from central: https://repo.maven.apache.org/maven2/oro/oro/2.0.8/oro-2.0.8.pom
[INFO] Downloaded from central: https://repo.maven.apache.org/maven2/oro/oro/2.0.8/oro-2.0.8.pom (140 B at 3.5 kB/s)
[INFO] Downloading from central: https://repo.maven.apache.org/maven2/sslext/sslext/1.2-0/sslext-1.2-0.pom
[INFO] Downloaded from central: https://repo.maven.apache.org/maven2/sslext/sslext/1.2-0/sslext-1.2-0.pom (653 B at 23 kB/s)
[INFO] Downloading from central: https://repo.maven.apache.org/maven2/org/apache/struts/struts-core/1.3.8/struts-core-1.3.8.pom
[INFO] Downloaded from central: https://repo.maven.apache.org/maven2/org/apache/struts/struts-core/1.3.8/struts-core-1.3.8.pom (4.3 kB at 154 kB/s)
[INFO] Downloading from central: https://repo.maven.apache.org/maven2/org/apache/struts/struts-parent/1.3.8/struts-parent-1.3.8.pom
[INFO] Downloaded from central: https://repo.maven.apache.org/maven2/org/apache/struts/struts-parent/1.3.8/struts-parent-1.3.8.pom (9.8 kB at 364 kB/s)
[INFO] Downloading from central: https://repo.maven.apache.org/maven2/org/apache/struts/struts-master/4/struts-master-4.pom
[INFO] Downloaded from central: https://repo.maven.apache.org/maven2/org/apache/struts/struts-master/4/struts-master-4.pom (12 kB at 408 kB/s)
[INFO] Downloading from central: https://repo.maven.apache.org/maven2/org/apache/apache/2/apache-2.pom
[INFO] Downloaded from central: https://repo.maven.apache.org/maven2/org/apache/apache/2/apache-2.pom (3.4 kB at 114 kB/s)
[INFO] Downloading from central: https://repo.maven.apache.org/maven2/antlr/antlr/2.7.2/antlr-2.7.2.pom
[INFO] Downloaded from central: https://repo.maven.apache.org/maven2/antlr/antlr/2.7.2/antlr-2.7.2.pom (145 B at 4.4 kB/s)
[INFO] Downloading from central: https://repo.maven.apache.org/maven2/org/apache/struts/struts-taglib/1.3.8/struts-taglib-1.3.8.pom
[INFO] Downloaded from central: https://repo.maven.apache.org/maven2/org/apache/struts/struts-taglib/1.3.8/struts-taglib-1.3.8.pom (3.1 kB at 106 kB/s)
[INFO] Downloading from central: https://repo.maven.apache.org/maven2/org/apache/struts/struts-tiles/1.3.8/struts-tiles-1.3.8.pom
[INFO] Downloaded from central: https://repo.maven.apache.org/maven2/org/apache/struts/struts-tiles/1.3.8/struts-tiles-1.3.8.pom (2.9 kB at 94 kB/s)
[INFO] Downloading from central: https://repo.maven.apache.org/maven2/org/apache/velocity/velocity/1.6.2/velocity-1.6.2.pom
[INFO] Downloaded from central: https://repo.maven.apache.org/maven2/org/apache/velocity/velocity/1.6.2/velocity-1.6.2.pom (11 kB at 322 kB/s)
[INFO] Downloading from central: https://repo.maven.apache.org/maven2/org/apache/maven/wagon/wagon-provider-api/1.0-beta-6/wagon-provider-api-1.0-beta-6.pom
[INFO] Downloaded from central: https://repo.maven.apache.org/maven2/org/apache/maven/wagon/wagon-provider-api/1.0-beta-6/wagon-provider-api-1.0-beta-6.pom (1.8 kB at 63 kB/s)
[INFO] Downloading from central: https://repo.maven.apache.org/maven2/org/apache/maven/wagon/wagon/1.0-beta-6/wagon-1.0-beta-6.pom
[INFO] Downloaded from central: https://repo.maven.apache.org/maven2/org/apache/maven/wagon/wagon/1.0-beta-6/wagon-1.0-beta-6.pom (12 kB at 413 kB/s)
[INFO] Downloading from central: https://repo.maven.apache.org/maven2/org/apache/maven/maven-parent/11/maven-parent-11.pom
[INFO] Downloaded from central: https://repo.maven.apache.org/maven2/org/apache/maven/maven-parent/11/maven-parent-11.pom (32 kB at 1.1 MB/s)
[INFO] Downloading from central: https://repo.maven.apache.org/maven2/org/apache/apache/5/apache-5.pom
[INFO] Downloaded from central: https://repo.maven.apache.org/maven2/org/apache/apache/5/apache-5.pom (4.1 kB at 152 kB/s)
[INFO] Downloading from central: https://repo.maven.apache.org/maven2/org/codehaus/plexus/plexus-utils/1.4.2/plexus-utils-1.4.2.pom
[INFO] Downloaded from central: https://repo.maven.apache.org/maven2/org/codehaus/plexus/plexus-utils/1.4.2/plexus-utils-1.4.2.pom (2.0 kB at 61 kB/s)
[INFO] Downloading from central: https://repo.maven.apache.org/maven2/org/apache/commons/commons-lang3/3.5/commons-lang3-3.5.pom
[INFO] Downloaded from central: https://repo.maven.apache.org/maven2/org/apache/commons/commons-lang3/3.5/commons-lang3-3.5.pom (23 kB at 778 kB/s)
[INFO] Downloading from central: https://repo.maven.apache.org/maven2/org/apache/commons/commons-parent/41/commons-parent-41.pom
[INFO] Downloaded from central: https://repo.maven.apache.org/maven2/org/apache/commons/commons-parent/41/commons-parent-41.pom (65 kB at 1.5 MB/s)
[INFO] Downloading from central: https://repo.maven.apache.org/maven2/org/apache/httpcomponents/httpclient/4.5.8/httpclient-4.5.8.pom
[INFO] Downloaded from central: https://repo.maven.apache.org/maven2/org/apache/httpcomponents/httpclient/4.5.8/httpclient-4.5.8.pom (6.6 kB at 236 kB/s)
[INFO] Downloading from central: https://repo.maven.apache.org/maven2/org/apache/httpcomponents/httpcomponents-client/4.5.8/httpcomponents-client-4.5.8.pom
[INFO] Downloaded from central: https://repo.maven.apache.org/maven2/org/apache/httpcomponents/httpcomponents-client/4.5.8/httpcomponents-client-4.5.8.pom (16 kB at 546 kB/s)
[INFO] Downloading from central: https://repo.maven.apache.org/maven2/org/apache/httpcomponents/httpcomponents-parent/11/httpcomponents-parent-11.pom
[INFO] Downloaded from central: https://repo.maven.apache.org/maven2/org/apache/httpcomponents/httpcomponents-parent/11/httpcomponents-parent-11.pom (35 kB at 1.1 MB/s)
[INFO] Downloading from central: https://repo.maven.apache.org/maven2/org/apache/httpcomponents/httpcore/4.4.11/httpcore-4.4.11.pom
[INFO] Downloaded from central: https://repo.maven.apache.org/maven2/org/apache/httpcomponents/httpcore/4.4.11/httpcore-4.4.11.pom (5.2 kB at 167 kB/s)
[INFO] Downloading from central: https://repo.maven.apache.org/maven2/org/apache/httpcomponents/httpcomponents-core/4.4.11/httpcomponents-core-4.4.11.pom
[INFO] Downloaded from central: https://repo.maven.apache.org/maven2/org/apache/httpcomponents/httpcomponents-core/4.4.11/httpcomponents-core-4.4.11.pom (13 kB at 428 kB/s)
[INFO] Downloading from central: https://repo.maven.apache.org/maven2/commons-logging/commons-logging/1.2/commons-logging-1.2.pom
[INFO] Downloaded from central: https://repo.maven.apache.org/maven2/commons-logging/commons-logging/1.2/commons-logging-1.2.pom (19 kB at 686 kB/s)
[INFO] Downloading from central: https://repo.maven.apache.org/maven2/org/apache/commons/commons-parent/34/commons-parent-34.pom
[INFO] Downloaded from central: https://repo.maven.apache.org/maven2/org/apache/commons/commons-parent/34/commons-parent-34.pom (56 kB at 2.1 MB/s)
[INFO] Downloading from central: https://repo.maven.apache.org/maven2/com/thoughtworks/qdox/qdox/2.0-M10/qdox-2.0-M10.pom
[INFO] Downloaded from central: https://repo.maven.apache.org/maven2/com/thoughtworks/qdox/qdox/2.0-M10/qdox-2.0-M10.pom (16 kB at 566 kB/s)
[INFO] Downloading from central: https://repo.maven.apache.org/maven2/org/codehaus/plexus/plexus-java/1.0.3/plexus-java-1.0.3.pom
[INFO] Downloaded from central: https://repo.maven.apache.org/maven2/org/codehaus/plexus/plexus-java/1.0.3/plexus-java-1.0.3.pom (4.8 kB at 164 kB/s)
[INFO] Downloading from central: https://repo.maven.apache.org/maven2/org/codehaus/plexus/plexus-languages/1.0.3/plexus-languages-1.0.3.pom
[INFO] Downloaded from central: https://repo.maven.apache.org/maven2/org/codehaus/plexus/plexus-languages/1.0.3/plexus-languages-1.0.3.pom (4.2 kB at 141 kB/s)
[INFO] Downloading from central: https://repo.maven.apache.org/maven2/org/ow2/asm/asm/7.0/asm-7.0.pom
[INFO] Downloaded from central: https://repo.maven.apache.org/maven2/org/ow2/asm/asm/7.0/asm-7.0.pom (2.9 kB at 101 kB/s)
[INFO] Downloading from central: https://repo.maven.apache.org/maven2/org/ow2/ow2/1.5/ow2-1.5.pom
[INFO] Downloaded from central: https://repo.maven.apache.org/maven2/org/ow2/ow2/1.5/ow2-1.5.pom (11 kB at 362 kB/s)
[INFO] Downloading from central: https://repo.maven.apache.org/maven2/com/thoughtworks/qdox/qdox/2.0-M9/qdox-2.0-M9.pom
[INFO] Downloaded from central: https://repo.maven.apache.org/maven2/com/thoughtworks/qdox/qdox/2.0-M9/qdox-2.0-M9.pom (16 kB at 566 kB/s)
[INFO] Downloading from central: https://repo.maven.apache.org/maven2/org/codehaus/plexus/plexus-archiver/3.6.0/plexus-archiver-3.6.0.pom
[INFO] Downloaded from central: https://repo.maven.apache.org/maven2/org/codehaus/plexus/plexus-archiver/3.6.0/plexus-archiver-3.6.0.pom (4.8 kB at 172 kB/s)
[INFO] Downloading from central: https://repo.maven.apache.org/maven2/org/codehaus/plexus/plexus-io/3.0.1/plexus-io-3.0.1.pom
[INFO] Downloaded from central: https://repo.maven.apache.org/maven2/org/codehaus/plexus/plexus-io/3.0.1/plexus-io-3.0.1.pom (4.5 kB at 168 kB/s)
[INFO] Downloading from central: https://repo.maven.apache.org/maven2/commons-io/commons-io/2.6/commons-io-2.6.pom
[INFO] Downloaded from central: https://repo.maven.apache.org/maven2/commons-io/commons-io/2.6/commons-io-2.6.pom (14 kB at 492 kB/s)
[INFO] Downloading from central: https://repo.maven.apache.org/maven2/org/apache/commons/commons-compress/1.16.1/commons-compress-1.16.1.pom
[INFO] Downloaded from central: https://repo.maven.apache.org/maven2/org/apache/commons/commons-compress/1.16.1/commons-compress-1.16.1.pom (16 kB at 579 kB/s)
[INFO] Downloading from central: https://repo.maven.apache.org/maven2/org/apache/commons/commons-parent/43/commons-parent-43.pom
[INFO] Downloaded from central: https://repo.maven.apache.org/maven2/org/apache/commons/commons-parent/43/commons-parent-43.pom (70 kB at 2.3 MB/s)
[INFO] Downloading from central: https://repo.maven.apache.org/maven2/org/objenesis/objenesis/2.6/objenesis-2.6.pom
[INFO] Downloaded from central: https://repo.maven.apache.org/maven2/org/objenesis/objenesis/2.6/objenesis-2.6.pom (2.8 kB at 96 kB/s)
[INFO] Downloading from central: https://repo.maven.apache.org/maven2/org/objenesis/objenesis-parent/2.6/objenesis-parent-2.6.pom
[INFO] Downloaded from central: https://repo.maven.apache.org/maven2/org/objenesis/objenesis-parent/2.6/objenesis-parent-2.6.pom (17 kB at 533 kB/s)
[INFO] Downloading from central: https://repo.maven.apache.org/maven2/org/tukaani/xz/1.8/xz-1.8.pom
[INFO] Downloaded from central: https://repo.maven.apache.org/maven2/org/tukaani/xz/1.8/xz-1.8.pom (1.9 kB at 60 kB/s)
[INFO] Downloading from central: https://repo.maven.apache.org/maven2/org/codehaus/plexus/plexus-io/3.1.1/plexus-io-3.1.1.pom
[INFO] Downloaded from central: https://repo.maven.apache.org/maven2/org/codehaus/plexus/plexus-io/3.1.1/plexus-io-3.1.1.pom (4.5 kB at 138 kB/s)
[INFO] Downloading from central: https://repo.maven.apache.org/maven2/org/codehaus/plexus/plexus-interactivity-api/1.0-alpha-6/plexus-interactivity-api-1.0-alpha-6.pom
[INFO] Downloaded from central: https://repo.maven.apache.org/maven2/org/codehaus/plexus/plexus-interactivity-api/1.0-alpha-6/plexus-interactivity-api-1.0-alpha-6.pom (726 B at 25 kB/s)
[INFO] Downloading from central: https://repo.maven.apache.org/maven2/org/codehaus/plexus/plexus-interactivity/1.0-alpha-6/plexus-interactivity-1.0-alpha-6.pom
[INFO] Downloaded from central: https://repo.maven.apache.org/maven2/org/codehaus/plexus/plexus-interactivity/1.0-alpha-6/plexus-interactivity-1.0-alpha-6.pom (1.1 kB at 32 kB/s)
[INFO] Downloading from central: https://repo.maven.apache.org/maven2/org/codehaus/plexus/plexus-components/1.1.9/plexus-components-1.1.9.pom
[INFO] Downloaded from central: https://repo.maven.apache.org/maven2/org/codehaus/plexus/plexus-components/1.1.9/plexus-components-1.1.9.pom (2.4 kB at 84 kB/s)
[INFO] Downloading from central: https://repo.maven.apache.org/maven2/org/codehaus/plexus/plexus-utils/1.4/plexus-utils-1.4.pom
[INFO] Downloaded from central: https://repo.maven.apache.org/maven2/org/codehaus/plexus/plexus-utils/1.4/plexus-utils-1.4.pom (1.2 kB at 36 kB/s)
[INFO] Downloading from central: https://repo.maven.apache.org/maven2/org/codehaus/plexus/plexus/1.0.9/plexus-1.0.9.pom
[INFO] Downloaded from central: https://repo.maven.apache.org/maven2/org/codehaus/plexus/plexus/1.0.9/plexus-1.0.9.pom (7.7 kB at 240 kB/s)
[INFO] Downloading from central: https://repo.maven.apache.org/maven2/org/apache/maven/maven-core/3.0/maven-core-3.0.jar
[INFO] Downloading from central: https://repo.maven.apache.org/maven2/org/apache/maven/maven-settings-builder/3.0/maven-settings-builder-3.0.jar
[INFO] Downloading from central: https://repo.maven.apache.org/maven2/org/apache/maven/maven-model-builder/3.0/maven-model-builder-3.0.jar
[INFO] Downloading from central: https://repo.maven.apache.org/maven2/org/apache/maven/maven-repository-metadata/3.0/maven-repository-metadata-3.0.jar
[INFO] Downloading from central: https://repo.maven.apache.org/maven2/org/apache/maven/maven-aether-provider/3.0/maven-aether-provider-3.0.jar
[INFO] Downloaded from central: https://repo.maven.apache.org/maven2/org/apache/maven/maven-core/3.0/maven-core-3.0.jar (527 kB at 9.1 MB/s)
[INFO] Downloading from central: https://repo.maven.apache.org/maven2/org/sonatype/aether/aether-impl/1.7/aether-impl-1.7.jar
[INFO] Downloaded from central: https://repo.maven.apache.org/maven2/org/sonatype/aether/aether-impl/1.7/aether-impl-1.7.jar (106 kB at 1.4 MB/s)
[INFO] Downloading from central: https://repo.maven.apache.org/maven2/org/sonatype/aether/aether-spi/1.7/aether-spi-1.7.jar
[INFO] Downloaded from central: https://repo.maven.apache.org/maven2/org/apache/maven/maven-repository-metadata/3.0/maven-repository-metadata-3.0.jar (30 kB at 292 kB/s)
[INFO] Downloading from central: https://repo.maven.apache.org/maven2/org/sonatype/aether/aether-api/1.7/aether-api-1.7.jar
[INFO] Downloaded from central: https://repo.maven.apache.org/maven2/org/apache/maven/maven-settings-builder/3.0/maven-settings-builder-3.0.jar (38 kB at 350 kB/s)
[INFO] Downloading from central: https://repo.maven.apache.org/maven2/org/sonatype/aether/aether-util/1.7/aether-util-1.7.jar
[INFO] Downloaded from central: https://repo.maven.apache.org/maven2/org/sonatype/aether/aether-spi/1.7/aether-spi-1.7.jar (14 kB at 133 kB/s)
[INFO] Downloading from central: https://repo.maven.apache.org/maven2/org/sonatype/sisu/sisu-inject-plexus/1.4.2/sisu-inject-plexus-1.4.2.jar
[INFO] Downloaded from central: https://repo.maven.apache.org/maven2/org/apache/maven/maven-aether-provider/3.0/maven-aether-provider-3.0.jar (51 kB at 406 kB/s)
[INFO] Downloading from central: https://repo.maven.apache.org/maven2/org/sonatype/sisu/sisu-inject-bean/1.4.2/sisu-inject-bean-1.4.2.jar
[INFO] Downloaded from central: https://repo.maven.apache.org/maven2/org/apache/maven/maven-model-builder/3.0/maven-model-builder-3.0.jar (148 kB at 974 kB/s)
[INFO] Downloading from central: https://repo.maven.apache.org/maven2/org/sonatype/sisu/sisu-guice/2.1.7/sisu-guice-2.1.7-noaop.jar
[INFO] Downloaded from central: https://repo.maven.apache.org/maven2/org/sonatype/aether/aether-util/1.7/aether-util-1.7.jar (108 kB at 755 kB/s)
[INFO] Downloading from central: https://repo.maven.apache.org/maven2/org/codehaus/plexus/plexus-interpolation/1.14/plexus-interpolation-1.14.jar
[INFO] Downloaded from central: https://repo.maven.apache.org/maven2/org/sonatype/sisu/sisu-inject-plexus/1.4.2/sisu-inject-plexus-1.4.2.jar (202 kB at 1.4 MB/s)
[INFO] Downloading from central: https://repo.maven.apache.org/maven2/org/codehaus/plexus/plexus-classworlds/2.2.3/plexus-classworlds-2.2.3.jar
[INFO] Downloaded from central: https://repo.maven.apache.org/maven2/org/sonatype/aether/aether-api/1.7/aether-api-1.7.jar (74 kB at 505 kB/s)
[INFO] Downloading from central: https://repo.maven.apache.org/maven2/org/codehaus/plexus/plexus-component-annotations/1.7.1/plexus-component-annotations-1.7.1.jar
[INFO] Downloaded from central: https://repo.maven.apache.org/maven2/org/codehaus/plexus/plexus-component-annotations/1.7.1/plexus-component-annotations-1.7.1.jar (4.3 kB at 23 kB/s)
[INFO] Downloading from central: https://repo.maven.apache.org/maven2/org/sonatype/plexus/plexus-sec-dispatcher/1.3/plexus-sec-dispatcher-1.3.jar
[INFO] Downloaded from central: https://repo.maven.apache.org/maven2/org/codehaus/plexus/plexus-interpolation/1.14/plexus-interpolation-1.14.jar (61 kB at 320 kB/s)
[INFO] Downloading from central: https://repo.maven.apache.org/maven2/org/sonatype/plexus/plexus-cipher/1.4/plexus-cipher-1.4.jar
[INFO] Downloaded from central: https://repo.maven.apache.org/maven2/org/codehaus/plexus/plexus-classworlds/2.2.3/plexus-classworlds-2.2.3.jar (46 kB at 241 kB/s)
[INFO] Downloading from central: https://repo.maven.apache.org/maven2/org/apache/maven/maven-model/3.0/maven-model-3.0.jar
[INFO] Downloaded from central: https://repo.maven.apache.org/maven2/org/sonatype/sisu/sisu-inject-bean/1.4.2/sisu-inject-bean-1.4.2.jar (153 kB at 793 kB/s)
[INFO] Downloading from central: https://repo.maven.apache.org/maven2/org/apache/maven/maven-settings/3.0/maven-settings-3.0.jar
[INFO] Downloaded from central: https://repo.maven.apache.org/maven2/org/sonatype/sisu/sisu-guice/2.1.7/sisu-guice-2.1.7-noaop.jar (472 kB at 2.4 MB/s)
[INFO] Downloading from central: https://repo.maven.apache.org/maven2/org/apache/maven/maven-plugin-api/3.0/maven-plugin-api-3.0.jar
[INFO] Downloaded from central: https://repo.maven.apache.org/maven2/org/sonatype/plexus/plexus-sec-dispatcher/1.3/plexus-sec-dispatcher-1.3.jar (29 kB at 133 kB/s)
[INFO] Downloading from central: https://repo.maven.apache.org/maven2/org/apache/maven/maven-artifact/3.0/maven-artifact-3.0.jar
[INFO] Downloaded from central: https://repo.maven.apache.org/maven2/org/sonatype/plexus/plexus-cipher/1.4/plexus-cipher-1.4.jar (13 kB at 62 kB/s)
[INFO] Downloading from central: https://repo.maven.apache.org/maven2/org/apache/maven/reporting/maven-reporting-api/3.0/maven-reporting-api-3.0.jar
[INFO] Downloaded from central: https://repo.maven.apache.org/maven2/org/apache/maven/maven-settings/3.0/maven-settings-3.0.jar (47 kB at 213 kB/s)
[INFO] Downloading from central: https://repo.maven.apache.org/maven2/org/apache/maven/maven-archiver/3.2.0/maven-archiver-3.2.0.jar
[INFO] Downloaded from central: https://repo.maven.apache.org/maven2/org/apache/maven/maven-plugin-api/3.0/maven-plugin-api-3.0.jar (49 kB at 217 kB/s)
[INFO] Downloading from central: https://repo.maven.apache.org/maven2/org/apache/maven/shared/maven-shared-utils/3.2.0/maven-shared-utils-3.2.0.jar
[INFO] Downloaded from central: https://repo.maven.apache.org/maven2/org/apache/maven/maven-model/3.0/maven-model-3.0.jar (165 kB at 719 kB/s)
[INFO] Downloading from central: https://repo.maven.apache.org/maven2/org/apache/maven/shared/maven-invoker/3.0.0/maven-invoker-3.0.0.jar
[INFO] Downloaded from central: https://repo.maven.apache.org/maven2/org/apache/maven/maven-artifact/3.0/maven-artifact-3.0.jar (52 kB at 210 kB/s)
[INFO] Downloaded from central: https://repo.maven.apache.org/maven2/org/apache/maven/reporting/maven-reporting-api/3.0/maven-reporting-api-3.0.jar (11 kB at 44 kB/s)
[INFO] Downloading from central: https://repo.maven.apache.org/maven2/org/apache/maven/shared/maven-common-artifact-filters/3.0.0/maven-common-artifact-filters-3.0.0.jar
[INFO] Downloaded from central: https://repo.maven.apache.org/maven2/org/apache/maven/maven-archiver/3.2.0/maven-archiver-3.2.0.jar (24 kB at 95 kB/s)
[INFO] Downloading from central: https://repo.maven.apache.org/maven2/org/apache/maven/shared/maven-artifact-transfer/0.10.1/maven-artifact-transfer-0.10.1.jar
[INFO] Downloading from central: https://repo.maven.apache.org/maven2/commons-codec/commons-codec/1.11/commons-codec-1.11.jar
[INFO] Downloaded from central: https://repo.maven.apache.org/maven2/org/apache/maven/shared/maven-invoker/3.0.0/maven-invoker-3.0.0.jar (33 kB at 127 kB/s)
[INFO] Downloading from central: https://repo.maven.apache.org/maven2/org/slf4j/slf4j-api/1.7.5/slf4j-api-1.7.5.jar
[INFO] Downloaded from central: https://repo.maven.apache.org/maven2/org/apache/maven/shared/maven-shared-utils/3.2.0/maven-shared-utils-3.2.0.jar (165 kB at 629 kB/s)
[INFO] Downloading from central: https://repo.maven.apache.org/maven2/org/apache/maven/doxia/doxia-sink-api/1.7/doxia-sink-api-1.7.jar
[INFO] Downloaded from central: https://repo.maven.apache.org/maven2/org/apache/maven/shared/maven-common-artifact-filters/3.0.0/maven-common-artifact-filters-3.0.0.jar (57 kB at 207 kB/s)
[INFO] Downloaded from central: https://repo.maven.apache.org/maven2/org/apache/maven/shared/maven-artifact-transfer/0.10.1/maven-artifact-transfer-0.10.1.jar (128 kB at 455 kB/s)
[INFO] Downloading from central: https://repo.maven.apache.org/maven2/org/apache/maven/doxia/doxia-logging-api/1.7/doxia-logging-api-1.7.jar
[INFO] Downloading from central: https://repo.maven.apache.org/maven2/org/apache/maven/doxia/doxia-site-renderer/1.7.4/doxia-site-renderer-1.7.4.jar
[INFO] Downloaded from central: https://repo.maven.apache.org/maven2/org/slf4j/slf4j-api/1.7.5/slf4j-api-1.7.5.jar (26 kB at 89 kB/s)
[INFO] Downloading from central: https://repo.maven.apache.org/maven2/org/apache/maven/doxia/doxia-core/1.7/doxia-core-1.7.jar
[INFO] Downloaded from central: https://repo.maven.apache.org/maven2/commons-codec/commons-codec/1.11/commons-codec-1.11.jar (335 kB at 1.1 MB/s)
[INFO] Downloading from central: https://repo.maven.apache.org/maven2/xmlunit/xmlunit/1.5/xmlunit-1.5.jar
[INFO] Downloaded from central: https://repo.maven.apache.org/maven2/org/apache/maven/doxia/doxia-sink-api/1.7/doxia-sink-api-1.7.jar (11 kB at 37 kB/s)
[INFO] Downloading from central: https://repo.maven.apache.org/maven2/org/apache/maven/doxia/doxia-decoration-model/1.7.4/doxia-decoration-model-1.7.4.jar
[INFO] Downloaded from central: https://repo.maven.apache.org/maven2/org/apache/maven/doxia/doxia-logging-api/1.7/doxia-logging-api-1.7.jar (12 kB at 37 kB/s)
[INFO] Downloading from central: https://repo.maven.apache.org/maven2/org/apache/maven/doxia/doxia-skin-model/1.7.4/doxia-skin-model-1.7.4.jar
[INFO] Downloaded from central: https://repo.maven.apache.org/maven2/org/apache/maven/doxia/doxia-site-renderer/1.7.4/doxia-site-renderer-1.7.4.jar (64 kB at 204 kB/s)
[INFO] Downloading from central: https://repo.maven.apache.org/maven2/org/apache/maven/doxia/doxia-module-xhtml/1.7/doxia-module-xhtml-1.7.jar
[INFO] Downloaded from central: https://repo.maven.apache.org/maven2/org/apache/maven/doxia/doxia-core/1.7/doxia-core-1.7.jar (167 kB at 513 kB/s)
[INFO] Downloading from central: https://repo.maven.apache.org/maven2/org/codehaus/plexus/plexus-i18n/1.0-beta-7/plexus-i18n-1.0-beta-7.jar
[INFO] Downloaded from central: https://repo.maven.apache.org/maven2/xmlunit/xmlunit/1.5/xmlunit-1.5.jar (98 kB at 291 kB/s)
[INFO] Downloading from central: https://repo.maven.apache.org/maven2/org/codehaus/plexus/plexus-container-default/1.0-alpha-30/plexus-container-default-1.0-alpha-30.jar
[INFO] Downloaded from central: https://repo.maven.apache.org/maven2/org/apache/maven/doxia/doxia-decoration-model/1.7.4/doxia-decoration-model-1.7.4.jar (61 kB at 179 kB/s)
[INFO] Downloading from central: https://repo.maven.apache.org/maven2/junit/junit/3.8.1/junit-3.8.1.jar
[INFO] Downloaded from central: https://repo.maven.apache.org/maven2/org/apache/maven/doxia/doxia-skin-model/1.7.4/doxia-skin-model-1.7.4.jar (16 kB at 47 kB/s)
[INFO] Downloading from central: https://repo.maven.apache.org/maven2/org/codehaus/plexus/plexus-velocity/1.2/plexus-velocity-1.2.jar
[INFO] Downloaded from central: https://repo.maven.apache.org/maven2/org/apache/maven/doxia/doxia-module-xhtml/1.7/doxia-module-xhtml-1.7.jar (17 kB at 51 kB/s)
[INFO] Downloading from central: https://repo.maven.apache.org/maven2/org/apache/velocity/velocity/1.7/velocity-1.7.jar
[INFO] Downloaded from central: https://repo.maven.apache.org/maven2/org/codehaus/plexus/plexus-i18n/1.0-beta-7/plexus-i18n-1.0-beta-7.jar (11 kB at 29 kB/s)
[INFO] Downloading from central: https://repo.maven.apache.org/maven2/org/apache/velocity/velocity-tools/2.0/velocity-tools-2.0.jar
[INFO] Downloaded from central: https://repo.maven.apache.org/maven2/org/codehaus/plexus/plexus-container-default/1.0-alpha-30/plexus-container-default-1.0-alpha-30.jar (237 kB at 644 kB/s)
[INFO] Downloading from central: https://repo.maven.apache.org/maven2/commons-beanutils/commons-beanutils/1.7.0/commons-beanutils-1.7.0.jar
[INFO] Downloaded from central: https://repo.maven.apache.org/maven2/org/codehaus/plexus/plexus-velocity/1.2/plexus-velocity-1.2.jar (8.1 kB at 22 kB/s)
[INFO] Downloading from central: https://repo.maven.apache.org/maven2/commons-digester/commons-digester/1.8/commons-digester-1.8.jar
[INFO] Downloaded from central: https://repo.maven.apache.org/maven2/junit/junit/3.8.1/junit-3.8.1.jar (121 kB at 319 kB/s)
[INFO] Downloading from central: https://repo.maven.apache.org/maven2/commons-chain/commons-chain/1.1/commons-chain-1.1.jar
[INFO] Downloaded from central: https://repo.maven.apache.org/maven2/org/apache/velocity/velocity/1.7/velocity-1.7.jar (450 kB at 1.2 MB/s)
[INFO] Downloading from central: https://repo.maven.apache.org/maven2/commons-validator/commons-validator/1.3.1/commons-validator-1.3.1.jar
[INFO] Downloaded from central: https://repo.maven.apache.org/maven2/commons-chain/commons-chain/1.1/commons-chain-1.1.jar (90 kB at 221 kB/s)
[INFO] Downloaded from central: https://repo.maven.apache.org/maven2/org/apache/velocity/velocity-tools/2.0/velocity-tools-2.0.jar (347 kB at 849 kB/s)
[INFO] Downloading from central: https://repo.maven.apache.org/maven2/dom4j/dom4j/1.1/dom4j-1.1.jar
[INFO] Downloading from central: https://repo.maven.apache.org/maven2/oro/oro/2.0.8/oro-2.0.8.jar
[INFO] Downloaded from central: https://repo.maven.apache.org/maven2/commons-beanutils/commons-beanutils/1.7.0/commons-beanutils-1.7.0.jar (189 kB at 461 kB/s)
[INFO] Downloading from central: https://repo.maven.apache.org/maven2/sslext/sslext/1.2-0/sslext-1.2-0.jar
[INFO] Downloaded from central: https://repo.maven.apache.org/maven2/commons-digester/commons-digester/1.8/commons-digester-1.8.jar (144 kB at 350 kB/s)
[INFO] Downloading from central: https://repo.maven.apache.org/maven2/org/apache/struts/struts-core/1.3.8/struts-core-1.3.8.jar
[INFO] Downloaded from central: https://repo.maven.apache.org/maven2/commons-validator/commons-validator/1.3.1/commons-validator-1.3.1.jar (139 kB at 332 kB/s)
[INFO] Downloading from central: https://repo.maven.apache.org/maven2/antlr/antlr/2.7.2/antlr-2.7.2.jar
[INFO] Downloaded from central: https://repo.maven.apache.org/maven2/oro/oro/2.0.8/oro-2.0.8.jar (65 kB at 149 kB/s)
[INFO] Downloading from central: https://repo.maven.apache.org/maven2/org/apache/struts/struts-taglib/1.3.8/struts-taglib-1.3.8.jar
[INFO] Downloaded from central: https://repo.maven.apache.org/maven2/sslext/sslext/1.2-0/sslext-1.2-0.jar (26 kB at 59 kB/s)
[INFO] Downloading from central: https://repo.maven.apache.org/maven2/org/apache/struts/struts-tiles/1.3.8/struts-tiles-1.3.8.jar
[INFO] Downloaded from central: https://repo.maven.apache.org/maven2/antlr/antlr/2.7.2/antlr-2.7.2.jar (358 kB at 796 kB/s)
[INFO] Downloaded from central: https://repo.maven.apache.org/maven2/org/apache/struts/struts-core/1.3.8/struts-core-1.3.8.jar (329 kB at 731 kB/s)
[INFO] Downloading from central: https://repo.maven.apache.org/maven2/commons-collections/commons-collections/3.2.1/commons-collections-3.2.1.jar
[INFO] Downloaded from central: https://repo.maven.apache.org/maven2/dom4j/dom4j/1.1/dom4j-1.1.jar (457 kB at 1.0 MB/s)
[INFO] Downloading from central: https://repo.maven.apache.org/maven2/commons-lang/commons-lang/2.4/commons-lang-2.4.jar
[INFO] Downloading from central: https://repo.maven.apache.org/maven2/org/apache/maven/wagon/wagon-provider-api/1.0-beta-6/wagon-provider-api-1.0-beta-6.jar
[INFO] Downloaded from central: https://repo.maven.apache.org/maven2/org/apache/struts/struts-taglib/1.3.8/struts-taglib-1.3.8.jar (252 kB at 531 kB/s)
[INFO] Downloading from central: https://repo.maven.apache.org/maven2/org/apache/commons/commons-lang3/3.5/commons-lang3-3.5.jar
[INFO] Downloaded from central: https://repo.maven.apache.org/maven2/org/apache/struts/struts-tiles/1.3.8/struts-tiles-1.3.8.jar (120 kB at 251 kB/s)
[INFO] Downloading from central: https://repo.maven.apache.org/maven2/commons-io/commons-io/2.5/commons-io-2.5.jar
[INFO] Downloaded from central: https://repo.maven.apache.org/maven2/org/apache/maven/wagon/wagon-provider-api/1.0-beta-6/wagon-provider-api-1.0-beta-6.jar (53 kB at 110 kB/s)
[INFO] Downloading from central: https://repo.maven.apache.org/maven2/org/apache/httpcomponents/httpclient/4.5.8/httpclient-4.5.8.jar
[INFO] Downloaded from central: https://repo.maven.apache.org/maven2/commons-collections/commons-collections/3.2.1/commons-collections-3.2.1.jar (575 kB at 1.2 MB/s)
[INFO] Downloading from central: https://repo.maven.apache.org/maven2/org/apache/httpcomponents/httpcore/4.4.11/httpcore-4.4.11.jar
[INFO] Downloaded from central: https://repo.maven.apache.org/maven2/commons-lang/commons-lang/2.4/commons-lang-2.4.jar (262 kB at 517 kB/s)
[INFO] Downloading from central: https://repo.maven.apache.org/maven2/commons-logging/commons-logging/1.2/commons-logging-1.2.jar
[INFO] Downloaded from central: https://repo.maven.apache.org/maven2/commons-io/commons-io/2.5/commons-io-2.5.jar (209 kB at 408 kB/s)
[INFO] Downloading from central: https://repo.maven.apache.org/maven2/com/thoughtworks/qdox/qdox/2.0-M10/qdox-2.0-M10.jar
[INFO] Downloaded from central: https://repo.maven.apache.org/maven2/org/apache/commons/commons-lang3/3.5/commons-lang3-3.5.jar (480 kB at 930 kB/s)
[INFO] Downloading from central: https://repo.maven.apache.org/maven2/org/codehaus/plexus/plexus-java/1.0.3/plexus-java-1.0.3.jar
[INFO] Downloaded from central: https://repo.maven.apache.org/maven2/org/apache/httpcomponents/httpcore/4.4.11/httpcore-4.4.11.jar (327 kB at 617 kB/s)
[INFO] Downloading from central: https://repo.maven.apache.org/maven2/org/ow2/asm/asm/7.0/asm-7.0.jar
[INFO] Downloaded from central: https://repo.maven.apache.org/maven2/org/apache/httpcomponents/httpclient/4.5.8/httpclient-4.5.8.jar (772 kB at 1.5 MB/s)
[INFO] Downloading from central: https://repo.maven.apache.org/maven2/org/codehaus/plexus/plexus-archiver/3.6.0/plexus-archiver-3.6.0.jar
[INFO] Downloaded from central: https://repo.maven.apache.org/maven2/commons-logging/commons-logging/1.2/commons-logging-1.2.jar (62 kB at 116 kB/s)
[INFO] Downloading from central: https://repo.maven.apache.org/maven2/org/apache/commons/commons-compress/1.16.1/commons-compress-1.16.1.jar
[INFO] Downloaded from central: https://repo.maven.apache.org/maven2/com/thoughtworks/qdox/qdox/2.0-M10/qdox-2.0-M10.jar (317 kB at 588 kB/s)
[INFO] Downloading from central: https://repo.maven.apache.org/maven2/org/objenesis/objenesis/2.6/objenesis-2.6.jar
[INFO] Downloaded from central: https://repo.maven.apache.org/maven2/org/codehaus/plexus/plexus-java/1.0.3/plexus-java-1.0.3.jar (51 kB at 95 kB/s)
[INFO] Downloading from central: https://repo.maven.apache.org/maven2/org/iq80/snappy/snappy/0.4/snappy-0.4.jar
[INFO] Downloaded from central: https://repo.maven.apache.org/maven2/org/codehaus/plexus/plexus-archiver/3.6.0/plexus-archiver-3.6.0.jar (191 kB at 343 kB/s)
[INFO] Downloading from central: https://repo.maven.apache.org/maven2/org/tukaani/xz/1.8/xz-1.8.jar
[INFO] Downloaded from central: https://repo.maven.apache.org/maven2/org/ow2/asm/asm/7.0/asm-7.0.jar (114 kB at 203 kB/s)
[INFO] Downloading from central: https://repo.maven.apache.org/maven2/org/codehaus/plexus/plexus-io/3.1.1/plexus-io-3.1.1.jar
[INFO] Downloaded from central: https://repo.maven.apache.org/maven2/org/objenesis/objenesis/2.6/objenesis-2.6.jar (56 kB at 98 kB/s)
[INFO] Downloading from central: https://repo.maven.apache.org/maven2/org/codehaus/plexus/plexus-utils/3.0.24/plexus-utils-3.0.24.jar
[INFO] Downloaded from central: https://repo.maven.apache.org/maven2/org/apache/commons/commons-compress/1.16.1/commons-compress-1.16.1.jar (560 kB at 985 kB/s)
[INFO] Downloading from central: https://repo.maven.apache.org/maven2/org/codehaus/plexus/plexus-interactivity-api/1.0-alpha-6/plexus-interactivity-api-1.0-alpha-6.jar
[INFO] Downloaded from central: https://repo.maven.apache.org/maven2/org/iq80/snappy/snappy/0.4/snappy-0.4.jar (58 kB at 101 kB/s)
[INFO] Downloaded from central: https://repo.maven.apache.org/maven2/org/tukaani/xz/1.8/xz-1.8.jar (109 kB at 185 kB/s)
[INFO] Downloaded from central: https://repo.maven.apache.org/maven2/org/codehaus/plexus/plexus-io/3.1.1/plexus-io-3.1.1.jar (75 kB at 128 kB/s)
[INFO] Downloaded from central: https://repo.maven.apache.org/maven2/org/codehaus/plexus/plexus-interactivity-api/1.0-alpha-6/plexus-interactivity-api-1.0-alpha-6.jar (12 kB at 20 kB/s)
[INFO] Downloaded from central: https://repo.maven.apache.org/maven2/org/codehaus/plexus/plexus-utils/3.0.24/plexus-utils-3.0.24.jar (247 kB at 413 kB/s)
[INFO] Skipping javadoc generation
[INFO]
[INFO] --- source:3.0.0:jar-no-fork (attach-sources) @ cacio ---
[INFO] Downloading from central: https://repo.maven.apache.org/maven2/org/codehaus/plexus/plexus-component-annotations/1.5.5/plexus-component-annotations-1.5.5.pom
[INFO] Downloaded from central: https://repo.maven.apache.org/maven2/org/codehaus/plexus/plexus-component-annotations/1.5.5/plexus-component-annotations-1.5.5.pom (815 B at 30 kB/s)
[INFO] Downloading from central: https://repo.maven.apache.org/maven2/org/codehaus/plexus/plexus-containers/1.5.5/plexus-containers-1.5.5.pom
[INFO] Downloaded from central: https://repo.maven.apache.org/maven2/org/codehaus/plexus/plexus-containers/1.5.5/plexus-containers-1.5.5.pom (4.2 kB at 170 kB/s)
[INFO] Downloading from central: https://repo.maven.apache.org/maven2/org/apache/maven/maven-archiver/3.0.0/maven-archiver-3.0.0.pom
[INFO] Downloaded from central: https://repo.maven.apache.org/maven2/org/apache/maven/maven-archiver/3.0.0/maven-archiver-3.0.0.pom (4.1 kB at 147 kB/s)
[INFO] Downloading from central: https://repo.maven.apache.org/maven2/org/codehaus/plexus/plexus-archiver/2.9.1/plexus-archiver-2.9.1.pom
[INFO] Downloaded from central: https://repo.maven.apache.org/maven2/org/codehaus/plexus/plexus-archiver/2.9.1/plexus-archiver-2.9.1.pom (4.4 kB at 156 kB/s)
[INFO] Downloading from central: https://repo.maven.apache.org/maven2/org/codehaus/plexus/plexus-components/1.3/plexus-components-1.3.pom
[INFO] Downloaded from central: https://repo.maven.apache.org/maven2/org/codehaus/plexus/plexus-components/1.3/plexus-components-1.3.pom (3.1 kB at 122 kB/s)
[INFO] Downloading from central: https://repo.maven.apache.org/maven2/org/codehaus/plexus/plexus/3.3/plexus-3.3.pom
[INFO] Downloaded from central: https://repo.maven.apache.org/maven2/org/codehaus/plexus/plexus/3.3/plexus-3.3.pom (20 kB at 737 kB/s)
[INFO] Downloading from central: https://repo.maven.apache.org/maven2/org/codehaus/plexus/plexus-utils/3.0.20/plexus-utils-3.0.20.pom
[INFO] Downloaded from central: https://repo.maven.apache.org/maven2/org/codehaus/plexus/plexus-utils/3.0.20/plexus-utils-3.0.20.pom (3.8 kB at 119 kB/s)
[INFO] Downloading from central: https://repo.maven.apache.org/maven2/org/codehaus/plexus/plexus-io/2.4.1/plexus-io-2.4.1.pom
[INFO] Downloaded from central: https://repo.maven.apache.org/maven2/org/codehaus/plexus/plexus-io/2.4.1/plexus-io-2.4.1.pom (3.7 kB at 149 kB/s)
[INFO] Downloading from central: https://repo.maven.apache.org/maven2/org/codehaus/plexus/plexus-components/1.2/plexus-components-1.2.pom
[INFO] Downloaded from central: https://repo.maven.apache.org/maven2/org/codehaus/plexus/plexus-components/1.2/plexus-components-1.2.pom (3.1 kB at 122 kB/s)
[INFO] Downloading from central: https://repo.maven.apache.org/maven2/org/codehaus/plexus/plexus/3.2/plexus-3.2.pom
[INFO] Downloaded from central: https://repo.maven.apache.org/maven2/org/codehaus/plexus/plexus/3.2/plexus-3.2.pom (19 kB at 417 kB/s)
[INFO] Downloading from central: https://repo.maven.apache.org/maven2/commons-io/commons-io/2.2/commons-io-2.2.pom
[INFO] Downloaded from central: https://repo.maven.apache.org/maven2/commons-io/commons-io/2.2/commons-io-2.2.pom (11 kB at 441 kB/s)
[INFO] Downloading from central: https://repo.maven.apache.org/maven2/org/apache/commons/commons-parent/24/commons-parent-24.pom
[INFO] Downloaded from central: https://repo.maven.apache.org/maven2/org/apache/commons/commons-parent/24/commons-parent-24.pom (47 kB at 1.8 MB/s)
[INFO] Downloading from central: https://repo.maven.apache.org/maven2/org/apache/commons/commons-compress/1.9/commons-compress-1.9.pom
[INFO] Downloaded from central: https://repo.maven.apache.org/maven2/org/apache/commons/commons-compress/1.9/commons-compress-1.9.pom (11 kB at 381 kB/s)
[INFO] Downloading from central: https://repo.maven.apache.org/maven2/org/codehaus/plexus/plexus-archiver/3.0.3/plexus-archiver-3.0.3.pom
[INFO] Downloaded from central: https://repo.maven.apache.org/maven2/org/codehaus/plexus/plexus-archiver/3.0.3/plexus-archiver-3.0.3.pom (4.8 kB at 185 kB/s)
[INFO] Downloading from central: https://repo.maven.apache.org/maven2/org/codehaus/plexus/plexus-io/2.7/plexus-io-2.7.pom
[INFO] Downloaded from central: https://repo.maven.apache.org/maven2/org/codehaus/plexus/plexus-io/2.7/plexus-io-2.7.pom (4.9 kB at 189 kB/s)
[INFO] Downloading from central: https://repo.maven.apache.org/maven2/org/apache/commons/commons-compress/1.10/commons-compress-1.10.pom
[INFO] Downloaded from central: https://repo.maven.apache.org/maven2/org/apache/commons/commons-compress/1.10/commons-compress-1.10.pom (13 kB at 483 kB/s)
[INFO] Downloading from central: https://repo.maven.apache.org/maven2/org/apache/commons/commons-parent/38/commons-parent-38.pom
[INFO] Downloaded from central: https://repo.maven.apache.org/maven2/org/apache/commons/commons-parent/38/commons-parent-38.pom (62 kB at 2.1 MB/s)
[INFO] Downloading from central: https://repo.maven.apache.org/maven2/org/codehaus/plexus/plexus-component-annotations/1.5.5/plexus-component-annotations-1.5.5.jar
[INFO] Downloading from central: https://repo.maven.apache.org/maven2/org/apache/maven/maven-archiver/3.0.0/maven-archiver-3.0.0.jar
[INFO] Downloading from central: https://repo.maven.apache.org/maven2/org/apache/maven/shared/maven-shared-utils/3.0.0/maven-shared-utils-3.0.0.jar
[INFO] Downloading from central: https://repo.maven.apache.org/maven2/commons-io/commons-io/2.4/commons-io-2.4.jar
[INFO] Downloading from central: https://repo.maven.apache.org/maven2/com/google/code/findbugs/jsr305/2.0.1/jsr305-2.0.1.jar
[INFO] Downloaded from central: https://repo.maven.apache.org/maven2/org/codehaus/plexus/plexus-component-annotations/1.5.5/plexus-component-annotations-1.5.5.jar (4.2 kB at 150 kB/s)
[INFO] Downloading from central: https://repo.maven.apache.org/maven2/org/codehaus/plexus/plexus-archiver/3.0.3/plexus-archiver-3.0.3.jar
[INFO] Downloaded from central: https://repo.maven.apache.org/maven2/com/google/code/findbugs/jsr305/2.0.1/jsr305-2.0.1.jar (32 kB at 1.1 MB/s)
[INFO] Downloading from central: https://repo.maven.apache.org/maven2/org/codehaus/plexus/plexus-io/2.7/plexus-io-2.7.jar
[INFO] Downloaded from central: https://repo.maven.apache.org/maven2/commons-io/commons-io/2.4/commons-io-2.4.jar (185 kB at 4.4 MB/s)
[INFO] Downloaded from central: https://repo.maven.apache.org/maven2/org/apache/maven/shared/maven-shared-utils/3.0.0/maven-shared-utils-3.0.0.jar (155 kB at 3.4 MB/s)
[INFO] Downloading from central: https://repo.maven.apache.org/maven2/org/apache/commons/commons-compress/1.10/commons-compress-1.10.jar
[INFO] Downloading from central: https://repo.maven.apache.org/maven2/org/codehaus/plexus/plexus-utils/3.0.22/plexus-utils-3.0.22.jar
[INFO] Downloaded from central: https://repo.maven.apache.org/maven2/org/codehaus/plexus/plexus-archiver/3.0.3/plexus-archiver-3.0.3.jar (177 kB at 3.3 MB/s)
[INFO] Downloaded from central: https://repo.maven.apache.org/maven2/org/codehaus/plexus/plexus-io/2.7/plexus-io-2.7.jar (86 kB at 1.5 MB/s)
[INFO] Downloaded from central: https://repo.maven.apache.org/maven2/org/codehaus/plexus/plexus-utils/3.0.22/plexus-utils-3.0.22.jar (245 kB at 3.1 MB/s)
[INFO] Downloaded from central: https://repo.maven.apache.org/maven2/org/apache/commons/commons-compress/1.10/commons-compress-1.10.jar (409 kB at 5.2 MB/s)
[INFO] Downloaded from central: https://repo.maven.apache.org/maven2/org/apache/maven/maven-archiver/3.0.0/maven-archiver-3.0.0.jar (23 kB at 92 kB/s)
[INFO] Skipping source per configuration.
[INFO]
[INFO] -------------< com.github.caciocavallosilano:cacio-shared >-------------
[INFO] Building Cacio Shared Module 1.18-SNAPSHOT                         [2/3]
[INFO]   from cacio-shared/pom.xml
[INFO] --------------------------------[ jar ]---------------------------------
[INFO] Downloading from central: https://repo.maven.apache.org/maven2/org/apache/maven/plugins/maven-compiler-plugin/3.8.1/maven-compiler-plugin-3.8.1.pom
[INFO] Downloaded from central: https://repo.maven.apache.org/maven2/org/apache/maven/plugins/maven-compiler-plugin/3.8.1/maven-compiler-plugin-3.8.1.pom (12 kB at 430 kB/s)
[INFO] Downloading from central: https://repo.maven.apache.org/maven2/org/apache/maven/plugins/maven-compiler-plugin/3.8.1/maven-compiler-plugin-3.8.1.jar
[INFO] Downloaded from central: https://repo.maven.apache.org/maven2/org/apache/maven/plugins/maven-compiler-plugin/3.8.1/maven-compiler-plugin-3.8.1.jar (62 kB at 2.1 MB/s)
[INFO] Downloading from central: https://repo.maven.apache.org/maven2/org/apache/maven/plugins/maven-surefire-plugin/2.22.2/maven-surefire-plugin-2.22.2.pom
[INFO] Downloaded from central: https://repo.maven.apache.org/maven2/org/apache/maven/plugins/maven-surefire-plugin/2.22.2/maven-surefire-plugin-2.22.2.pom (5.0 kB at 166 kB/s)
[INFO] Downloading from central: https://repo.maven.apache.org/maven2/org/apache/maven/surefire/surefire/2.22.2/surefire-2.22.2.pom
[INFO] Downloaded from central: https://repo.maven.apache.org/maven2/org/apache/maven/surefire/surefire/2.22.2/surefire-2.22.2.pom (26 kB at 890 kB/s)
[INFO] Downloading from central: https://repo.maven.apache.org/maven2/org/apache/maven/plugins/maven-surefire-plugin/2.22.2/maven-surefire-plugin-2.22.2.jar
[INFO] Downloaded from central: https://repo.maven.apache.org/maven2/org/apache/maven/plugins/maven-surefire-plugin/2.22.2/maven-surefire-plugin-2.22.2.jar (41 kB at 1.6 MB/s)
[INFO]
[INFO] --- resources:3.3.1:resources (default-resources) @ cacio-shared ---
[INFO] skip non existing resourceDirectory /app/external/caciocavallo17/cacio-shared/src/main/resources
[INFO]
[INFO] --- compiler:3.8.1:compile (default-compile) @ cacio-shared ---
[INFO] Downloading from central: https://repo.maven.apache.org/maven2/org/apache/maven/shared/maven-shared-utils/3.2.1/maven-shared-utils-3.2.1.pom
[INFO] Downloaded from central: https://repo.maven.apache.org/maven2/org/apache/maven/shared/maven-shared-utils/3.2.1/maven-shared-utils-3.2.1.pom (5.6 kB at 201 kB/s)
[INFO] Downloading from central: https://repo.maven.apache.org/maven2/org/apache/maven/maven-plugin-api/2.2.1/maven-plugin-api-2.2.1.pom
[INFO] Downloaded from central: https://repo.maven.apache.org/maven2/org/apache/maven/maven-plugin-api/2.2.1/maven-plugin-api-2.2.1.pom (1.5 kB at 58 kB/s)
[INFO] Downloading from central: https://repo.maven.apache.org/maven2/org/apache/maven/maven/2.2.1/maven-2.2.1.pom
[INFO] Downloaded from central: https://repo.maven.apache.org/maven2/org/apache/maven/maven/2.2.1/maven-2.2.1.pom (22 kB at 830 kB/s)
[INFO] Downloading from central: https://repo.maven.apache.org/maven2/org/apache/maven/maven-core/2.2.1/maven-core-2.2.1.pom
[INFO] Downloaded from central: https://repo.maven.apache.org/maven2/org/apache/maven/maven-core/2.2.1/maven-core-2.2.1.pom (12 kB at 415 kB/s)
[INFO] Downloading from central: https://repo.maven.apache.org/maven2/org/apache/maven/maven-settings/2.2.1/maven-settings-2.2.1.pom
[INFO] Downloaded from central: https://repo.maven.apache.org/maven2/org/apache/maven/maven-settings/2.2.1/maven-settings-2.2.1.pom (2.2 kB at 78 kB/s)
[INFO] Downloading from central: https://repo.maven.apache.org/maven2/org/apache/maven/maven-model/2.2.1/maven-model-2.2.1.pom
[INFO] Downloaded from central: https://repo.maven.apache.org/maven2/org/apache/maven/maven-model/2.2.1/maven-model-2.2.1.pom (3.2 kB at 125 kB/s)
[INFO] Downloading from central: https://repo.maven.apache.org/maven2/org/codehaus/plexus/plexus-utils/1.5.15/plexus-utils-1.5.15.pom
[INFO] Downloaded from central: https://repo.maven.apache.org/maven2/org/codehaus/plexus/plexus-utils/1.5.15/plexus-utils-1.5.15.pom (6.8 kB at 263 kB/s)
[INFO] Downloading from central: https://repo.maven.apache.org/maven2/org/codehaus/plexus/plexus/2.0.2/plexus-2.0.2.pom
[INFO] Downloaded from central: https://repo.maven.apache.org/maven2/org/codehaus/plexus/plexus/2.0.2/plexus-2.0.2.pom (12 kB at 447 kB/s)
[INFO] Downloading from central: https://repo.maven.apache.org/maven2/org/codehaus/plexus/plexus-interpolation/1.11/plexus-interpolation-1.11.pom
[INFO] Downloaded from central: https://repo.maven.apache.org/maven2/org/codehaus/plexus/plexus-interpolation/1.11/plexus-interpolation-1.11.pom (889 B at 33 kB/s)
[INFO] Downloading from central: https://repo.maven.apache.org/maven2/org/codehaus/plexus/plexus-components/1.1.14/plexus-components-1.1.14.pom
[INFO] Downloaded from central: https://repo.maven.apache.org/maven2/org/codehaus/plexus/plexus-components/1.1.14/plexus-components-1.1.14.pom (5.8 kB at 209 kB/s)
[INFO] Downloading from central: https://repo.maven.apache.org/maven2/org/apache/maven/maven-plugin-parameter-documenter/2.2.1/maven-plugin-parameter-documenter-2.2.1.pom
[INFO] Downloaded from central: https://repo.maven.apache.org/maven2/org/apache/maven/maven-plugin-parameter-documenter/2.2.1/maven-plugin-parameter-documenter-2.2.1.pom (2.0 kB at 72 kB/s)
[INFO] Downloading from central: https://repo.maven.apache.org/maven2/org/slf4j/slf4j-jdk14/1.5.6/slf4j-jdk14-1.5.6.pom
[INFO] Downloaded from central: https://repo.maven.apache.org/maven2/org/slf4j/slf4j-jdk14/1.5.6/slf4j-jdk14-1.5.6.pom (1.9 kB at 63 kB/s)
[INFO] Downloading from central: https://repo.maven.apache.org/maven2/org/slf4j/slf4j-parent/1.5.6/slf4j-parent-1.5.6.pom
[INFO] Downloaded from central: https://repo.maven.apache.org/maven2/org/slf4j/slf4j-parent/1.5.6/slf4j-parent-1.5.6.pom (7.9 kB at 293 kB/s)
[INFO] Downloading from central: https://repo.maven.apache.org/maven2/org/slf4j/slf4j-api/1.5.6/slf4j-api-1.5.6.pom
[INFO] Downloaded from central: https://repo.maven.apache.org/maven2/org/slf4j/slf4j-api/1.5.6/slf4j-api-1.5.6.pom (3.0 kB at 111 kB/s)
[INFO] Downloading from central: https://repo.maven.apache.org/maven2/org/slf4j/jcl-over-slf4j/1.5.6/jcl-over-slf4j-1.5.6.pom
[INFO] Downloaded from central: https://repo.maven.apache.org/maven2/org/slf4j/jcl-over-slf4j/1.5.6/jcl-over-slf4j-1.5.6.pom (2.2 kB at 80 kB/s)
[INFO] Downloading from central: https://repo.maven.apache.org/maven2/org/apache/maven/maven-profile/2.2.1/maven-profile-2.2.1.pom
[INFO] Downloaded from central: https://repo.maven.apache.org/maven2/org/apache/maven/maven-profile/2.2.1/maven-profile-2.2.1.pom (2.2 kB at 84 kB/s)
[INFO] Downloading from central: https://repo.maven.apache.org/maven2/org/apache/maven/maven-artifact/2.2.1/maven-artifact-2.2.1.pom
[INFO] Downloaded from central: https://repo.maven.apache.org/maven2/org/apache/maven/maven-artifact/2.2.1/maven-artifact-2.2.1.pom (1.6 kB at 61 kB/s)
[INFO] Downloading from central: https://repo.maven.apache.org/maven2/org/apache/maven/maven-repository-metadata/2.2.1/maven-repository-metadata-2.2.1.pom
[INFO] Downloaded from central: https://repo.maven.apache.org/maven2/org/apache/maven/maven-repository-metadata/2.2.1/maven-repository-metadata-2.2.1.pom (1.9 kB at 72 kB/s)
[INFO] Downloading from central: https://repo.maven.apache.org/maven2/org/apache/maven/maven-error-diagnostics/2.2.1/maven-error-diagnostics-2.2.1.pom
[INFO] Downloaded from central: https://repo.maven.apache.org/maven2/org/apache/maven/maven-error-diagnostics/2.2.1/maven-error-diagnostics-2.2.1.pom (1.7 kB at 63 kB/s)
[INFO] Downloading from central: https://repo.maven.apache.org/maven2/org/apache/maven/maven-project/2.2.1/maven-project-2.2.1.pom
[INFO] Downloaded from central: https://repo.maven.apache.org/maven2/org/apache/maven/maven-project/2.2.1/maven-project-2.2.1.pom (2.8 kB at 103 kB/s)
[INFO] Downloading from central: https://repo.maven.apache.org/maven2/org/apache/maven/maven-artifact-manager/2.2.1/maven-artifact-manager-2.2.1.pom
[INFO] Downloaded from central: https://repo.maven.apache.org/maven2/org/apache/maven/maven-artifact-manager/2.2.1/maven-artifact-manager-2.2.1.pom (3.1 kB at 119 kB/s)
[INFO] Downloading from central: https://repo.maven.apache.org/maven2/backport-util-concurrent/backport-util-concurrent/3.1/backport-util-concurrent-3.1.pom
[INFO] Downloaded from central: https://repo.maven.apache.org/maven2/backport-util-concurrent/backport-util-concurrent/3.1/backport-util-concurrent-3.1.pom (880 B at 33 kB/s)
[INFO] Downloading from central: https://repo.maven.apache.org/maven2/org/apache/maven/maven-plugin-registry/2.2.1/maven-plugin-registry-2.2.1.pom
[INFO] Downloaded from central: https://repo.maven.apache.org/maven2/org/apache/maven/maven-plugin-registry/2.2.1/maven-plugin-registry-2.2.1.pom (1.9 kB at 71 kB/s)
[INFO] Downloading from central: https://repo.maven.apache.org/maven2/org/apache/maven/maven-plugin-descriptor/2.2.1/maven-plugin-descriptor-2.2.1.pom
[INFO] Downloaded from central: https://repo.maven.apache.org/maven2/org/apache/maven/maven-plugin-descriptor/2.2.1/maven-plugin-descriptor-2.2.1.pom (2.1 kB at 79 kB/s)
[INFO] Downloading from central: https://repo.maven.apache.org/maven2/org/apache/maven/maven-monitor/2.2.1/maven-monitor-2.2.1.pom
[INFO] Downloaded from central: https://repo.maven.apache.org/maven2/org/apache/maven/maven-monitor/2.2.1/maven-monitor-2.2.1.pom (1.3 kB at 47 kB/s)
[INFO] Downloading from central: https://repo.maven.apache.org/maven2/org/apache/maven/shared/maven-shared-utils/0.1/maven-shared-utils-0.1.pom
[INFO] Downloaded from central: https://repo.maven.apache.org/maven2/org/apache/maven/shared/maven-shared-utils/0.1/maven-shared-utils-0.1.pom (4.0 kB at 150 kB/s)
[INFO] Downloading from central: https://repo.maven.apache.org/maven2/org/apache/maven/shared/maven-shared-components/18/maven-shared-components-18.pom
[INFO] Downloaded from central: https://repo.maven.apache.org/maven2/org/apache/maven/shared/maven-shared-components/18/maven-shared-components-18.pom (4.9 kB at 176 kB/s)
[INFO] Downloading from central: https://repo.maven.apache.org/maven2/org/apache/maven/maven-parent/22/maven-parent-22.pom
[INFO] Downloaded from central: https://repo.maven.apache.org/maven2/org/apache/maven/maven-parent/22/maven-parent-22.pom (30 kB at 1.1 MB/s)
[INFO] Downloading from central: https://repo.maven.apache.org/maven2/org/apache/apache/11/apache-11.pom
[INFO] Downloaded from central: https://repo.maven.apache.org/maven2/org/apache/apache/11/apache-11.pom (15 kB at 494 kB/s)
[INFO] Downloading from central: https://repo.maven.apache.org/maven2/org/codehaus/plexus/plexus-java/0.9.10/plexus-java-0.9.10.pom
[INFO] Downloaded from central: https://repo.maven.apache.org/maven2/org/codehaus/plexus/plexus-java/0.9.10/plexus-java-0.9.10.pom (5.1 kB at 189 kB/s)
[INFO] Downloading from central: https://repo.maven.apache.org/maven2/org/codehaus/plexus/plexus-languages/0.9.10/plexus-languages-0.9.10.pom
[INFO] Downloaded from central: https://repo.maven.apache.org/maven2/org/codehaus/plexus/plexus-languages/0.9.10/plexus-languages-0.9.10.pom (4.1 kB at 83 kB/s)
[INFO] Downloading from central: https://repo.maven.apache.org/maven2/org/ow2/asm/asm/6.2/asm-6.2.pom
[INFO] Downloaded from central: https://repo.maven.apache.org/maven2/org/ow2/asm/asm/6.2/asm-6.2.pom (2.9 kB at 109 kB/s)
[INFO] Downloading from central: https://repo.maven.apache.org/maven2/org/codehaus/plexus/plexus-compiler-api/2.8.4/plexus-compiler-api-2.8.4.pom
[INFO] Downloaded from central: https://repo.maven.apache.org/maven2/org/codehaus/plexus/plexus-compiler-api/2.8.4/plexus-compiler-api-2.8.4.pom (867 B at 21 kB/s)
[INFO] Downloading from central: https://repo.maven.apache.org/maven2/org/codehaus/plexus/plexus-compiler/2.8.4/plexus-compiler-2.8.4.pom
[INFO] Downloaded from central: https://repo.maven.apache.org/maven2/org/codehaus/plexus/plexus-compiler/2.8.4/plexus-compiler-2.8.4.pom (6.0 kB at 232 kB/s)
[INFO] Downloading from central: https://repo.maven.apache.org/maven2/org/codehaus/plexus/plexus-compiler-manager/2.8.4/plexus-compiler-manager-2.8.4.pom
[INFO] Downloaded from central: https://repo.maven.apache.org/maven2/org/codehaus/plexus/plexus-compiler-manager/2.8.4/plexus-compiler-manager-2.8.4.pom (692 B at 27 kB/s)
[INFO] Downloading from central: https://repo.maven.apache.org/maven2/org/codehaus/plexus/plexus-compiler-javac/2.8.4/plexus-compiler-javac-2.8.4.pom
[INFO] Downloaded from central: https://repo.maven.apache.org/maven2/org/codehaus/plexus/plexus-compiler-javac/2.8.4/plexus-compiler-javac-2.8.4.pom (771 B at 30 kB/s)
[INFO] Downloading from central: https://repo.maven.apache.org/maven2/org/codehaus/plexus/plexus-compilers/2.8.4/plexus-compilers-2.8.4.pom
[INFO] Downloaded from central: https://repo.maven.apache.org/maven2/org/codehaus/plexus/plexus-compilers/2.8.4/plexus-compilers-2.8.4.pom (1.3 kB at 52 kB/s)
[INFO] Downloading from central: https://repo.maven.apache.org/maven2/org/codehaus/plexus/plexus-utils/2.0.4/plexus-utils-2.0.4.jar
[INFO] Downloading from central: https://repo.maven.apache.org/maven2/org/codehaus/plexus/plexus-java/0.9.10/plexus-java-0.9.10.jar
[INFO] Downloading from central: https://repo.maven.apache.org/maven2/org/apache/maven/shared/maven-shared-utils/3.2.1/maven-shared-utils-3.2.1.jar
[INFO] Downloading from central: https://repo.maven.apache.org/maven2/org/ow2/asm/asm/6.2/asm-6.2.jar
[INFO] Downloading from central: https://repo.maven.apache.org/maven2/com/thoughtworks/qdox/qdox/2.0-M9/qdox-2.0-M9.jar
[INFO] Downloaded from central: https://repo.maven.apache.org/maven2/org/codehaus/plexus/plexus-java/0.9.10/plexus-java-0.9.10.jar (39 kB at 744 kB/s)
[INFO] Downloaded from central: https://repo.maven.apache.org/maven2/org/codehaus/plexus/plexus-utils/2.0.4/plexus-utils-2.0.4.jar (222 kB at 4.1 MB/s)
[INFO] Downloading from central: https://repo.maven.apache.org/maven2/org/codehaus/plexus/plexus-compiler-api/2.8.4/plexus-compiler-api-2.8.4.jar
[INFO] Downloaded from central: https://repo.maven.apache.org/maven2/org/ow2/asm/asm/6.2/asm-6.2.jar (111 kB at 2.3 MB/s)
[INFO] Downloading from central: https://repo.maven.apache.org/maven2/org/codehaus/plexus/plexus-compiler-manager/2.8.4/plexus-compiler-manager-2.8.4.jar
[INFO] Downloaded from central: https://repo.maven.apache.org/maven2/com/thoughtworks/qdox/qdox/2.0-M9/qdox-2.0-M9.jar (317 kB at 7.9 MB/s)
[INFO] Downloading from central: https://repo.maven.apache.org/maven2/org/codehaus/plexus/plexus-compiler-javac/2.8.4/plexus-compiler-javac-2.8.4.jar
[INFO] Downloaded from central: https://repo.maven.apache.org/maven2/org/apache/maven/shared/maven-shared-utils/3.2.1/maven-shared-utils-3.2.1.jar (167 kB at 2.8 MB/s)
[INFO] Downloaded from central: https://repo.maven.apache.org/maven2/org/codehaus/plexus/plexus-compiler-api/2.8.4/plexus-compiler-api-2.8.4.jar (27 kB at 366 kB/s)
[INFO] Downloaded from central: https://repo.maven.apache.org/maven2/org/codehaus/plexus/plexus-compiler-manager/2.8.4/plexus-compiler-manager-2.8.4.jar (4.7 kB at 64 kB/s)
[INFO] Downloaded from central: https://repo.maven.apache.org/maven2/org/codehaus/plexus/plexus-compiler-javac/2.8.4/plexus-compiler-javac-2.8.4.jar (21 kB at 288 kB/s)
[INFO] Changes detected - recompiling the module!
[INFO] Compiling 47 source files to /app/external/caciocavallo17/cacio-shared/target/classes
[INFO] /app/external/caciocavallo17/cacio-shared/src/main/java/com/github/caciocavallosilano/cacio/peer/ProxyWindow.java: Some input files use or override a deprecated API.
[INFO] /app/external/caciocavallo17/cacio-shared/src/main/java/com/github/caciocavallosilano/cacio/peer/ProxyWindow.java: Recompile with -Xlint:deprecation for details.
[INFO] /app/external/caciocavallo17/cacio-shared/src/main/java/com/github/caciocavallosilano/cacio/peer/CacioComponentPeer.java: Some input files use unchecked or unsafe operations.
[INFO] /app/external/caciocavallo17/cacio-shared/src/main/java/com/github/caciocavallosilano/cacio/peer/CacioComponentPeer.java: Recompile with -Xlint:unchecked for details.
[INFO]
[INFO] --- resources:3.3.1:testResources (default-testResources) @ cacio-shared ---
[INFO] skip non existing resourceDirectory /app/external/caciocavallo17/cacio-shared/src/test/resources
[INFO]
[INFO] --- compiler:3.8.1:testCompile (default-testCompile) @ cacio-shared ---
[INFO] No sources to compile
[INFO]
[INFO] --- surefire:2.22.2:test (default-test) @ cacio-shared ---
[INFO] Downloading from central: https://repo.maven.apache.org/maven2/org/apache/maven/surefire/maven-surefire-common/2.22.2/maven-surefire-common-2.22.2.pom
[INFO] Downloaded from central: https://repo.maven.apache.org/maven2/org/apache/maven/surefire/maven-surefire-common/2.22.2/maven-surefire-common-2.22.2.pom (11 kB at 201 kB/s)
[INFO] Downloading from central: https://repo.maven.apache.org/maven2/org/apache/maven/plugin-tools/maven-plugin-annotations/3.5.2/maven-plugin-annotations-3.5.2.pom
[INFO] Downloaded from central: https://repo.maven.apache.org/maven2/org/apache/maven/plugin-tools/maven-plugin-annotations/3.5.2/maven-plugin-annotations-3.5.2.pom (1.6 kB at 48 kB/s)
[INFO] Downloading from central: https://repo.maven.apache.org/maven2/org/apache/maven/plugin-tools/maven-plugin-tools/3.5.2/maven-plugin-tools-3.5.2.pom
[INFO] Downloaded from central: https://repo.maven.apache.org/maven2/org/apache/maven/plugin-tools/maven-plugin-tools/3.5.2/maven-plugin-tools-3.5.2.pom (15 kB at 530 kB/s)
[INFO] Downloading from central: https://repo.maven.apache.org/maven2/org/apache/maven/maven-parent/31/maven-parent-31.pom
[INFO] Downloaded from central: https://repo.maven.apache.org/maven2/org/apache/maven/maven-parent/31/maven-parent-31.pom (43 kB at 1.3 MB/s)
[INFO] Downloading from central: https://repo.maven.apache.org/maven2/org/apache/apache/19/apache-19.pom
[INFO] Downloaded from central: https://repo.maven.apache.org/maven2/org/apache/apache/19/apache-19.pom (15 kB at 500 kB/s)
[INFO] Downloading from central: https://repo.maven.apache.org/maven2/org/apache/maven/surefire/surefire-api/2.22.2/surefire-api-2.22.2.pom
[INFO] Downloaded from central: https://repo.maven.apache.org/maven2/org/apache/maven/surefire/surefire-api/2.22.2/surefire-api-2.22.2.pom (3.5 kB at 98 kB/s)
[INFO] Downloading from central: https://repo.maven.apache.org/maven2/org/apache/maven/surefire/surefire-logger-api/2.22.2/surefire-logger-api-2.22.2.pom
[INFO] Downloaded from central: https://repo.maven.apache.org/maven2/org/apache/maven/surefire/surefire-logger-api/2.22.2/surefire-logger-api-2.22.2.pom (2.0 kB at 70 kB/s)
[INFO] Downloading from central: https://repo.maven.apache.org/maven2/org/apache/maven/surefire/surefire-booter/2.22.2/surefire-booter-2.22.2.pom
[INFO] Downloaded from central: https://repo.maven.apache.org/maven2/org/apache/maven/surefire/surefire-booter/2.22.2/surefire-booter-2.22.2.pom (7.5 kB at 266 kB/s)
[INFO] Downloading from central: https://repo.maven.apache.org/maven2/junit/junit/4.12/junit-4.12.pom
[INFO] Downloaded from central: https://repo.maven.apache.org/maven2/junit/junit/4.12/junit-4.12.pom (24 kB at 816 kB/s)
[INFO] Downloading from central: https://repo.maven.apache.org/maven2/org/hamcrest/hamcrest-core/1.3/hamcrest-core-1.3.pom
[INFO] Downloaded from central: https://repo.maven.apache.org/maven2/org/hamcrest/hamcrest-core/1.3/hamcrest-core-1.3.pom (766 B at 28 kB/s)
[INFO] Downloading from central: https://repo.maven.apache.org/maven2/org/hamcrest/hamcrest-parent/1.3/hamcrest-parent-1.3.pom
[INFO] Downloaded from central: https://repo.maven.apache.org/maven2/org/hamcrest/hamcrest-parent/1.3/hamcrest-parent-1.3.pom (2.0 kB at 76 kB/s)
[INFO] Downloading from central: https://repo.maven.apache.org/maven2/classworlds/classworlds/1.1/classworlds-1.1.pom
[INFO] Downloaded from central: https://repo.maven.apache.org/maven2/classworlds/classworlds/1.1/classworlds-1.1.pom (3.3 kB at 115 kB/s)
[INFO] Downloading from central: https://repo.maven.apache.org/maven2/org/apache/maven/maven-toolchain/2.2.1/maven-toolchain-2.2.1.pom
[INFO] Downloaded from central: https://repo.maven.apache.org/maven2/org/apache/maven/maven-toolchain/2.2.1/maven-toolchain-2.2.1.pom (3.3 kB at 119 kB/s)
[INFO] Downloading from central: https://repo.maven.apache.org/maven2/com/thoughtworks/qdox/qdox/2.0-M8/qdox-2.0-M8.pom
[INFO] Downloaded from central: https://repo.maven.apache.org/maven2/com/thoughtworks/qdox/qdox/2.0-M8/qdox-2.0-M8.pom (16 kB at 546 kB/s)
[INFO] Downloading from central: https://repo.maven.apache.org/maven2/org/apache/maven/surefire/maven-surefire-common/2.22.2/maven-surefire-common-2.22.2.jar
[INFO] Downloading from central: https://repo.maven.apache.org/maven2/org/apache/maven/maven-plugin-api/2.2.1/maven-plugin-api-2.2.1.jar
[INFO] Downloading from central: https://repo.maven.apache.org/maven2/org/apache/maven/plugin-tools/maven-plugin-annotations/3.5.2/maven-plugin-annotations-3.5.2.jar
[INFO] Downloading from central: https://repo.maven.apache.org/maven2/org/apache/maven/surefire/surefire-api/2.22.2/surefire-api-2.22.2.jar
[INFO] Downloading from central: https://repo.maven.apache.org/maven2/org/apache/maven/surefire/surefire-logger-api/2.22.2/surefire-logger-api-2.22.2.jar
[INFO] Downloaded from central: https://repo.maven.apache.org/maven2/org/apache/maven/plugin-tools/maven-plugin-annotations/3.5.2/maven-plugin-annotations-3.5.2.jar (14 kB at 528 kB/s)
[INFO] Downloading from central: https://repo.maven.apache.org/maven2/org/apache/maven/surefire/surefire-booter/2.22.2/surefire-booter-2.22.2.jar
[INFO] Downloaded from central: https://repo.maven.apache.org/maven2/org/apache/maven/surefire/surefire-logger-api/2.22.2/surefire-logger-api-2.22.2.jar (13 kB at 494 kB/s)
[INFO] Downloading from central: https://repo.maven.apache.org/maven2/org/apache/maven/maven-artifact/2.2.1/maven-artifact-2.2.1.jar
[INFO] Downloaded from central: https://repo.maven.apache.org/maven2/org/apache/maven/maven-plugin-api/2.2.1/maven-plugin-api-2.2.1.jar (12 kB at 412 kB/s)
[INFO] Downloading from central: https://repo.maven.apache.org/maven2/org/codehaus/plexus/plexus-utils/1.5.15/plexus-utils-1.5.15.jar
[INFO] Downloaded from central: https://repo.maven.apache.org/maven2/org/apache/maven/surefire/surefire-api/2.22.2/surefire-api-2.22.2.jar (186 kB at 5.8 MB/s)
[INFO] Downloading from central: https://repo.maven.apache.org/maven2/org/apache/maven/maven-plugin-descriptor/2.2.1/maven-plugin-descriptor-2.2.1.jar
[INFO] Downloaded from central: https://repo.maven.apache.org/maven2/org/apache/maven/surefire/maven-surefire-common/2.22.2/maven-surefire-common-2.22.2.jar (528 kB at 14 MB/s)
[INFO] Downloading from central: https://repo.maven.apache.org/maven2/org/codehaus/plexus/plexus-container-default/1.0-alpha-9-stable-1/plexus-container-default-1.0-alpha-9-stable-1.jar
[INFO] Downloaded from central: https://repo.maven.apache.org/maven2/org/apache/maven/maven-artifact/2.2.1/maven-artifact-2.2.1.jar (80 kB at 1.4 MB/s)
[INFO] Downloading from central: https://repo.maven.apache.org/maven2/junit/junit/4.12/junit-4.12.jar
[INFO] Downloaded from central: https://repo.maven.apache.org/maven2/org/apache/maven/surefire/surefire-booter/2.22.2/surefire-booter-2.22.2.jar (274 kB at 4.9 MB/s)
[INFO] Downloading from central: https://repo.maven.apache.org/maven2/org/hamcrest/hamcrest-core/1.3/hamcrest-core-1.3.jar
[INFO] Downloaded from central: https://repo.maven.apache.org/maven2/org/apache/maven/maven-plugin-descriptor/2.2.1/maven-plugin-descriptor-2.2.1.jar (39 kB at 666 kB/s)
[INFO] Downloading from central: https://repo.maven.apache.org/maven2/org/apache/maven/maven-project/2.2.1/maven-project-2.2.1.jar
[INFO] Downloaded from central: https://repo.maven.apache.org/maven2/org/codehaus/plexus/plexus-container-default/1.0-alpha-9-stable-1/plexus-container-default-1.0-alpha-9-stable-1.jar (194 kB at 2.9 MB/s)
[INFO] Downloading from central: https://repo.maven.apache.org/maven2/org/apache/maven/maven-settings/2.2.1/maven-settings-2.2.1.jar
[INFO] Downloaded from central: https://repo.maven.apache.org/maven2/org/codehaus/plexus/plexus-utils/1.5.15/plexus-utils-1.5.15.jar (228 kB at 3.4 MB/s)
[INFO] Downloading from central: https://repo.maven.apache.org/maven2/org/apache/maven/maven-profile/2.2.1/maven-profile-2.2.1.jar
[INFO] Downloaded from central: https://repo.maven.apache.org/maven2/org/hamcrest/hamcrest-core/1.3/hamcrest-core-1.3.jar (45 kB at 542 kB/s)
[INFO] Downloading from central: https://repo.maven.apache.org/maven2/org/apache/maven/maven-artifact-manager/2.2.1/maven-artifact-manager-2.2.1.jar
[INFO] Downloaded from central: https://repo.maven.apache.org/maven2/org/apache/maven/maven-project/2.2.1/maven-project-2.2.1.jar (156 kB at 1.8 MB/s)
[INFO] Downloading from central: https://repo.maven.apache.org/maven2/backport-util-concurrent/backport-util-concurrent/3.1/backport-util-concurrent-3.1.jar
[INFO] Downloaded from central: https://repo.maven.apache.org/maven2/junit/junit/4.12/junit-4.12.jar (315 kB at 3.5 MB/s)
[INFO] Downloading from central: https://repo.maven.apache.org/maven2/org/apache/maven/maven-plugin-registry/2.2.1/maven-plugin-registry-2.2.1.jar
[INFO] Downloaded from central: https://repo.maven.apache.org/maven2/org/apache/maven/maven-settings/2.2.1/maven-settings-2.2.1.jar (49 kB at 539 kB/s)
[INFO] Downloading from central: https://repo.maven.apache.org/maven2/org/codehaus/plexus/plexus-interpolation/1.11/plexus-interpolation-1.11.jar
[INFO] Downloaded from central: https://repo.maven.apache.org/maven2/org/apache/maven/maven-profile/2.2.1/maven-profile-2.2.1.jar (35 kB at 384 kB/s)
[INFO] Downloading from central: https://repo.maven.apache.org/maven2/org/apache/maven/maven-model/2.2.1/maven-model-2.2.1.jar
[INFO] Downloaded from central: https://repo.maven.apache.org/maven2/org/apache/maven/maven-artifact-manager/2.2.1/maven-artifact-manager-2.2.1.jar (68 kB at 603 kB/s)
[INFO] Downloading from central: https://repo.maven.apache.org/maven2/org/apache/maven/maven-core/2.2.1/maven-core-2.2.1.jar
[INFO] Downloaded from central: https://repo.maven.apache.org/maven2/org/apache/maven/maven-plugin-registry/2.2.1/maven-plugin-registry-2.2.1.jar (30 kB at 246 kB/s)
[INFO] Downloaded from central: https://repo.maven.apache.org/maven2/org/codehaus/plexus/plexus-interpolation/1.11/plexus-interpolation-1.11.jar (51 kB at 421 kB/s)
[INFO] Downloading from central: https://repo.maven.apache.org/maven2/org/apache/maven/maven-plugin-parameter-documenter/2.2.1/maven-plugin-parameter-documenter-2.2.1.jar
[INFO] Downloading from central: https://repo.maven.apache.org/maven2/org/slf4j/slf4j-jdk14/1.5.6/slf4j-jdk14-1.5.6.jar
[INFO] Downloaded from central: https://repo.maven.apache.org/maven2/backport-util-concurrent/backport-util-concurrent/3.1/backport-util-concurrent-3.1.jar (332 kB at 2.7 MB/s)
[INFO] Downloading from central: https://repo.maven.apache.org/maven2/org/slf4j/slf4j-api/1.5.6/slf4j-api-1.5.6.jar
[INFO] Downloaded from central: https://repo.maven.apache.org/maven2/org/apache/maven/maven-model/2.2.1/maven-model-2.2.1.jar (88 kB at 706 kB/s)
[INFO] Downloading from central: https://repo.maven.apache.org/maven2/org/slf4j/jcl-over-slf4j/1.5.6/jcl-over-slf4j-1.5.6.jar
[INFO] Downloaded from central: https://repo.maven.apache.org/maven2/org/apache/maven/maven-core/2.2.1/maven-core-2.2.1.jar (178 kB at 1.3 MB/s)
[INFO] Downloading from central: https://repo.maven.apache.org/maven2/org/apache/maven/maven-repository-metadata/2.2.1/maven-repository-metadata-2.2.1.jar
[INFO] Downloaded from central: https://repo.maven.apache.org/maven2/org/slf4j/slf4j-jdk14/1.5.6/slf4j-jdk14-1.5.6.jar (8.8 kB at 60 kB/s)
[INFO] Downloading from central: https://repo.maven.apache.org/maven2/org/apache/maven/maven-error-diagnostics/2.2.1/maven-error-diagnostics-2.2.1.jar
[INFO] Downloaded from central: https://repo.maven.apache.org/maven2/org/slf4j/slf4j-api/1.5.6/slf4j-api-1.5.6.jar (22 kB at 149 kB/s)
[INFO] Downloading from central: https://repo.maven.apache.org/maven2/org/apache/maven/maven-monitor/2.2.1/maven-monitor-2.2.1.jar
[INFO] Downloaded from central: https://repo.maven.apache.org/maven2/org/apache/maven/maven-plugin-parameter-documenter/2.2.1/maven-plugin-parameter-documenter-2.2.1.jar (22 kB at 146 kB/s)
[INFO] Downloading from central: https://repo.maven.apache.org/maven2/classworlds/classworlds/1.1/classworlds-1.1.jar
[INFO] Downloaded from central: https://repo.maven.apache.org/maven2/org/apache/maven/maven-repository-metadata/2.2.1/maven-repository-metadata-2.2.1.jar (26 kB at 157 kB/s)
[INFO] Downloading from central: https://repo.maven.apache.org/maven2/org/apache/maven/maven-toolchain/2.2.1/maven-toolchain-2.2.1.jar
[INFO] Downloaded from central: https://repo.maven.apache.org/maven2/org/slf4j/jcl-over-slf4j/1.5.6/jcl-over-slf4j-1.5.6.jar (17 kB at 99 kB/s)
[INFO] Downloading from central: https://repo.maven.apache.org/maven2/com/thoughtworks/qdox/qdox/2.0-M8/qdox-2.0-M8.jar
[INFO] Downloaded from central: https://repo.maven.apache.org/maven2/org/apache/maven/maven-monitor/2.2.1/maven-monitor-2.2.1.jar (10 kB at 60 kB/s)
[INFO] Downloaded from central: https://repo.maven.apache.org/maven2/org/apache/maven/maven-error-diagnostics/2.2.1/maven-error-diagnostics-2.2.1.jar (13 kB at 74 kB/s)
[INFO] Downloaded from central: https://repo.maven.apache.org/maven2/classworlds/classworlds/1.1/classworlds-1.1.jar (38 kB at 211 kB/s)
[INFO] Downloaded from central: https://repo.maven.apache.org/maven2/org/apache/maven/maven-toolchain/2.2.1/maven-toolchain-2.2.1.jar (38 kB at 199 kB/s)
[INFO] Downloaded from central: https://repo.maven.apache.org/maven2/com/thoughtworks/qdox/qdox/2.0-M8/qdox-2.0-M8.jar (316 kB at 1.6 MB/s)
[INFO] Tests are skipped.
[INFO]
[INFO] --- jar:3.4.1:jar (default-jar) @ cacio-shared ---
[INFO] Building jar: /app/external/caciocavallo17/cacio-shared/target/cacio-shared-1.18-SNAPSHOT.jar
[INFO]
[INFO] --- javadoc:3.1.1:jar (attach-javadocs) @ cacio-shared ---
[INFO] Skipping javadoc generation
[INFO]
[INFO] --- source:3.0.0:jar-no-fork (attach-sources) @ cacio-shared ---
[INFO] Skipping source per configuration.
[INFO]
[INFO] --------------< com.github.caciocavallosilano:cacio-tta >---------------
[INFO] Building CacioTAA Java Module 1.18-SNAPSHOT                        [3/3]
[INFO]   from cacio-tta/pom.xml
[INFO] --------------------------------[ jar ]---------------------------------
[INFO] Downloading from central: https://repo.maven.apache.org/maven2/org/apache/maven/plugins/maven-jar-plugin/3.4.0/maven-jar-plugin-3.4.0.pom
[INFO] Downloaded from central: https://repo.maven.apache.org/maven2/org/apache/maven/plugins/maven-jar-plugin/3.4.0/maven-jar-plugin-3.4.0.pom (8.7 kB at 207 kB/s)
[INFO] Downloading from central: https://repo.maven.apache.org/maven2/org/apache/maven/plugins/maven-jar-plugin/3.4.0/maven-jar-plugin-3.4.0.jar
[INFO] Downloaded from central: https://repo.maven.apache.org/maven2/org/apache/maven/plugins/maven-jar-plugin/3.4.0/maven-jar-plugin-3.4.0.jar (34 kB at 1.4 MB/s)
[INFO] Downloading from central: https://repo.maven.apache.org/maven2/org/junit/jupiter/junit-jupiter/5.8.2/junit-jupiter-5.8.2.pom
[INFO] Downloaded from central: https://repo.maven.apache.org/maven2/org/junit/jupiter/junit-jupiter/5.8.2/junit-jupiter-5.8.2.pom (3.2 kB at 123 kB/s)
[INFO] Downloading from central: https://repo.maven.apache.org/maven2/org/junit/jupiter/junit-jupiter-api/5.8.2/junit-jupiter-api-5.8.2.pom
[INFO] Downloaded from central: https://repo.maven.apache.org/maven2/org/junit/jupiter/junit-jupiter-api/5.8.2/junit-jupiter-api-5.8.2.pom (3.2 kB at 122 kB/s)
[INFO] Downloading from central: https://repo.maven.apache.org/maven2/org/opentest4j/opentest4j/1.2.0/opentest4j-1.2.0.pom
[INFO] Downloaded from central: https://repo.maven.apache.org/maven2/org/opentest4j/opentest4j/1.2.0/opentest4j-1.2.0.pom (1.7 kB at 65 kB/s)
[INFO] Downloading from central: https://repo.maven.apache.org/maven2/org/junit/platform/junit-platform-commons/1.8.2/junit-platform-commons-1.8.2.pom
[INFO] Downloaded from central: https://repo.maven.apache.org/maven2/org/junit/platform/junit-platform-commons/1.8.2/junit-platform-commons-1.8.2.pom (2.8 kB at 105 kB/s)
[INFO] Downloading from central: https://repo.maven.apache.org/maven2/org/junit/jupiter/junit-jupiter-params/5.8.2/junit-jupiter-params-5.8.2.pom
[INFO] Downloaded from central: https://repo.maven.apache.org/maven2/org/junit/jupiter/junit-jupiter-params/5.8.2/junit-jupiter-params-5.8.2.pom (3.0 kB at 116 kB/s)
[INFO] Downloading from central: https://repo.maven.apache.org/maven2/org/junit/jupiter/junit-jupiter-engine/5.8.2/junit-jupiter-engine-5.8.2.pom
[INFO] Downloaded from central: https://repo.maven.apache.org/maven2/org/junit/jupiter/junit-jupiter-engine/5.8.2/junit-jupiter-engine-5.8.2.pom (3.2 kB at 133 kB/s)
[INFO] Downloading from central: https://repo.maven.apache.org/maven2/org/junit/platform/junit-platform-engine/1.8.2/junit-platform-engine-1.8.2.pom
[INFO] Downloaded from central: https://repo.maven.apache.org/maven2/org/junit/platform/junit-platform-engine/1.8.2/junit-platform-engine-1.8.2.pom (3.2 kB at 119 kB/s)
[INFO] Downloading from central: https://repo.maven.apache.org/maven2/org/junit/vintage/junit-vintage-engine/5.8.2/junit-vintage-engine-5.8.2.pom
[INFO] Downloaded from central: https://repo.maven.apache.org/maven2/org/junit/vintage/junit-vintage-engine/5.8.2/junit-vintage-engine-5.8.2.pom (3.2 kB at 122 kB/s)
[INFO] Downloading from central: https://repo.maven.apache.org/maven2/junit/junit/4.13.2/junit-4.13.2.pom
[INFO] Downloaded from central: https://repo.maven.apache.org/maven2/junit/junit/4.13.2/junit-4.13.2.pom (27 kB at 1.0 MB/s)
[INFO] Downloading from central: https://repo.maven.apache.org/maven2/org/assertj/assertj-swing-junit/3.17.1/assertj-swing-junit-3.17.1.pom
[INFO] Downloaded from central: https://repo.maven.apache.org/maven2/org/assertj/assertj-swing-junit/3.17.1/assertj-swing-junit-3.17.1.pom (4.0 kB at 142 kB/s)
[INFO] Downloading from central: https://repo.maven.apache.org/maven2/org/assertj/assertj-swing-parent-pom/3.17.1/assertj-swing-parent-pom-3.17.1.pom
[INFO] Downloaded from central: https://repo.maven.apache.org/maven2/org/assertj/assertj-swing-parent-pom/3.17.1/assertj-swing-parent-pom-3.17.1.pom (4.3 kB at 164 kB/s)
[INFO] Downloading from central: https://repo.maven.apache.org/maven2/org/assertj/assertj-parent-pom/2.2.1/assertj-parent-pom-2.2.1.pom
[INFO] Downloaded from central: https://repo.maven.apache.org/maven2/org/assertj/assertj-parent-pom/2.2.1/assertj-parent-pom-2.2.1.pom (15 kB at 568 kB/s)
[INFO] Downloading from central: https://repo.maven.apache.org/maven2/org/assertj/assertj-swing/3.17.1/assertj-swing-3.17.1.pom
[INFO] Downloaded from central: https://repo.maven.apache.org/maven2/org/assertj/assertj-swing/3.17.1/assertj-swing-3.17.1.pom (3.7 kB at 143 kB/s)
[INFO] Downloading from central: https://repo.maven.apache.org/maven2/org/assertj/assertj-core/3.17.2/assertj-core-3.17.2.pom
[INFO] Downloaded from central: https://repo.maven.apache.org/maven2/org/assertj/assertj-core/3.17.2/assertj-core-3.17.2.pom (23 kB at 894 kB/s)
[INFO] Downloading from central: https://repo.maven.apache.org/maven2/org/assertj/assertj-parent-pom/2.2.7/assertj-parent-pom-2.2.7.pom
[INFO] Downloaded from central: https://repo.maven.apache.org/maven2/org/assertj/assertj-parent-pom/2.2.7/assertj-parent-pom-2.2.7.pom (23 kB at 914 kB/s)
[INFO] Downloading from central: https://repo.maven.apache.org/maven2/org/junit/junit-bom/5.6.2/junit-bom-5.6.2.pom
[INFO] Downloaded from central: https://repo.maven.apache.org/maven2/org/junit/junit-bom/5.6.2/junit-bom-5.6.2.pom (4.9 kB at 197 kB/s)
[INFO] Downloading from central: https://repo.maven.apache.org/maven2/org/easytesting/fest-util/1.2.5/fest-util-1.2.5.pom
[INFO] Downloaded from central: https://repo.maven.apache.org/maven2/org/easytesting/fest-util/1.2.5/fest-util-1.2.5.pom (1.6 kB at 61 kB/s)
[INFO] Downloading from central: https://repo.maven.apache.org/maven2/org/easytesting/fest/1.0.15/fest-1.0.15.pom
[INFO] Downloaded from central: https://repo.maven.apache.org/maven2/org/easytesting/fest/1.0.15/fest-1.0.15.pom (7.6 kB at 291 kB/s)
[INFO] Downloading from central: https://repo.maven.apache.org/maven2/org/easytesting/fest-reflect/1.4.1/fest-reflect-1.4.1.pom
[INFO] Downloaded from central: https://repo.maven.apache.org/maven2/org/easytesting/fest-reflect/1.4.1/fest-reflect-1.4.1.pom (2.2 kB at 87 kB/s)
[INFO] Downloading from central: https://repo.maven.apache.org/maven2/com/jidesoft/jide-oss/3.6.18/jide-oss-3.6.18.pom
[INFO] Downloaded from central: https://repo.maven.apache.org/maven2/com/jidesoft/jide-oss/3.6.18/jide-oss-3.6.18.pom (5.0 kB at 178 kB/s)
[INFO] Downloading from central: https://repo.maven.apache.org/maven2/org/junit/jupiter/junit-jupiter/5.8.2/junit-jupiter-5.8.2.jar
[INFO] Downloading from central: https://repo.maven.apache.org/maven2/org/junit/jupiter/junit-jupiter-api/5.8.2/junit-jupiter-api-5.8.2.jar
[INFO] Downloading from central: https://repo.maven.apache.org/maven2/org/opentest4j/opentest4j/1.2.0/opentest4j-1.2.0.jar
[INFO] Downloading from central: https://repo.maven.apache.org/maven2/org/junit/platform/junit-platform-commons/1.8.2/junit-platform-commons-1.8.2.jar
[INFO] Downloading from central: https://repo.maven.apache.org/maven2/org/junit/jupiter/junit-jupiter-params/5.8.2/junit-jupiter-params-5.8.2.jar
[INFO] Downloaded from central: https://repo.maven.apache.org/maven2/org/junit/jupiter/junit-jupiter/5.8.2/junit-jupiter-5.8.2.jar (6.4 kB at 219 kB/s)
[INFO] Downloaded from central: https://repo.maven.apache.org/maven2/org/junit/platform/junit-platform-commons/1.8.2/junit-platform-commons-1.8.2.jar (100 kB at 3.7 MB/s)
[INFO] Downloading from central: https://repo.maven.apache.org/maven2/org/junit/vintage/junit-vintage-engine/5.8.2/junit-vintage-engine-5.8.2.jar
[INFO] Downloading from central: https://repo.maven.apache.org/maven2/org/junit/jupiter/junit-jupiter-engine/5.8.2/junit-jupiter-engine-5.8.2.jar
[INFO] Downloaded from central: https://repo.maven.apache.org/maven2/org/opentest4j/opentest4j/1.2.0/opentest4j-1.2.0.jar (7.7 kB at 255 kB/s)
[INFO] Downloading from central: https://repo.maven.apache.org/maven2/org/junit/platform/junit-platform-engine/1.8.2/junit-platform-engine-1.8.2.jar
[INFO] Downloaded from central: https://repo.maven.apache.org/maven2/org/junit/jupiter/junit-jupiter-api/5.8.2/junit-jupiter-api-5.8.2.jar (194 kB at 6.2 MB/s)
[INFO] Downloading from central: https://repo.maven.apache.org/maven2/junit/junit/4.13.2/junit-4.13.2.jar
[INFO] Downloaded from central: https://repo.maven.apache.org/maven2/org/junit/jupiter/junit-jupiter-params/5.8.2/junit-jupiter-params-5.8.2.jar (577 kB at 16 MB/s)
[INFO] Downloading from central: https://repo.maven.apache.org/maven2/org/assertj/assertj-swing-junit/3.17.1/assertj-swing-junit-3.17.1.jar
[INFO] Downloaded from central: https://repo.maven.apache.org/maven2/org/junit/jupiter/junit-jupiter-engine/5.8.2/junit-jupiter-engine-5.8.2.jar (230 kB at 4.2 MB/s)
[INFO] Downloading from central: https://repo.maven.apache.org/maven2/org/assertj/assertj-swing/3.17.1/assertj-swing-3.17.1.jar
[INFO] Downloaded from central: https://repo.maven.apache.org/maven2/org/junit/vintage/junit-vintage-engine/5.8.2/junit-vintage-engine-5.8.2.jar (67 kB at 1.2 MB/s)
[INFO] Downloading from central: https://repo.maven.apache.org/maven2/org/assertj/assertj-core/3.17.2/assertj-core-3.17.2.jar
[INFO] Downloaded from central: https://repo.maven.apache.org/maven2/org/junit/platform/junit-platform-engine/1.8.2/junit-platform-engine-1.8.2.jar (186 kB at 3.2 MB/s)
[INFO] Downloading from central: https://repo.maven.apache.org/maven2/org/easytesting/fest-util/1.2.5/fest-util-1.2.5.jar
[INFO] Downloaded from central: https://repo.maven.apache.org/maven2/org/assertj/assertj-swing-junit/3.17.1/assertj-swing-junit-3.17.1.jar (207 kB at 3.3 MB/s)
[INFO] Downloading from central: https://repo.maven.apache.org/maven2/org/easytesting/fest-reflect/1.4.1/fest-reflect-1.4.1.jar
[INFO] Downloaded from central: https://repo.maven.apache.org/maven2/junit/junit/4.13.2/junit-4.13.2.jar (385 kB at 5.7 MB/s)
[INFO] Downloading from central: https://repo.maven.apache.org/maven2/com/jidesoft/jide-oss/3.6.18/jide-oss-3.6.18.jar
[INFO] Downloaded from central: https://repo.maven.apache.org/maven2/org/easytesting/fest-util/1.2.5/fest-util-1.2.5.jar (33 kB at 392 kB/s)
[INFO] Downloaded from central: https://repo.maven.apache.org/maven2/org/assertj/assertj-swing/3.17.1/assertj-swing-3.17.1.jar (778 kB at 8.6 MB/s)
[INFO] Downloaded from central: https://repo.maven.apache.org/maven2/org/easytesting/fest-reflect/1.4.1/fest-reflect-1.4.1.jar (46 kB at 496 kB/s)
[INFO] Downloaded from central: https://repo.maven.apache.org/maven2/com/jidesoft/jide-oss/3.6.18/jide-oss-3.6.18.jar (1.9 MB at 16 MB/s)
[INFO] Downloaded from central: https://repo.maven.apache.org/maven2/org/assertj/assertj-core/3.17.2/assertj-core-3.17.2.jar (4.8 MB at 35 MB/s)
[INFO]
[INFO] --- resources:3.3.1:resources (default-resources) @ cacio-tta ---
[WARNING] Using platform encoding (UTF-8 actually) to copy filtered resources, i.e. build is platform dependent!
[INFO] skip non existing resourceDirectory /app/external/caciocavallo17/cacio-tta/src/main/resources
[INFO]
[INFO] --- compiler:3.8.1:compile (default-compile) @ cacio-tta ---
[INFO] Changes detected - recompiling the module!
[WARNING] File encoding has not been set, using platform encoding UTF-8, i.e. build is platform dependent!
[INFO] Compiling 24 source files to /app/external/caciocavallo17/cacio-tta/target/classes
[WARNING] /app/external/caciocavallo17/cacio-tta/src/main/java/com/github/caciocavallosilano/cacio/ctc/CTCPreloadClassLoader.java:[40,16] sun.misc.Unsafe is internal proprietary API and may be removed in a future release
[WARNING] /app/external/caciocavallo17/cacio-tta/src/main/java/com/github/caciocavallosilano/cacio/ctc/CTCPreloadAgent.java:[27,16] sun.misc.Unsafe is internal proprietary API and may be removed in a future release
[WARNING] /app/external/caciocavallo17/cacio-tta/src/main/java/com/github/caciocavallosilano/cacio/ctc/CTCPreloadClassLoader.java:[109,29] sun.misc.Unsafe is internal proprietary API and may be removed in a future release
[WARNING] /app/external/caciocavallo17/cacio-tta/src/main/java/com/github/caciocavallosilano/cacio/ctc/CTCPreloadClassLoader.java:[111,9] sun.misc.Unsafe is internal proprietary API and may be removed in a future release
[WARNING] /app/external/caciocavallo17/cacio-tta/src/main/java/com/github/caciocavallosilano/cacio/ctc/CTCPreloadClassLoader.java:[111,26] sun.misc.Unsafe is internal proprietary API and may be removed in a future release
[WARNING] /app/external/caciocavallo17/cacio-tta/src/main/java/com/github/caciocavallosilano/cacio/ctc/CTCPreloadClassLoader.java:[112,34] staticFieldBase(java.lang.reflect.Field) in sun.misc.Unsafe has been deprecated and marked for removal
[WARNING] /app/external/caciocavallo17/cacio-tta/src/main/java/com/github/caciocavallosilano/cacio/ctc/CTCPreloadClassLoader.java:[113,34] staticFieldOffset(java.lang.reflect.Field) in sun.misc.Unsafe has been deprecated and marked for removal
[WARNING] /app/external/caciocavallo17/cacio-tta/src/main/java/com/github/caciocavallosilano/cacio/ctc/CTCPreloadClassLoader.java:[115,15] putObject(java.lang.Object,long,java.lang.Object) in sun.misc.Unsafe has been deprecated and marked for removal
[WARNING] /app/external/caciocavallo17/cacio-tta/src/main/java/com/github/caciocavallosilano/cacio/ctc/FontManagerUtil.java:[17,9] java.security.AccessController in java.security has been deprecated and marked for removal
[WARNING] /app/external/caciocavallo17/cacio-tta/src/main/java/com/github/caciocavallosilano/cacio/ctc/FontManagerUtil.java:[44,9] java.security.AccessController in java.security has been deprecated and marked for removal
[WARNING] /app/external/caciocavallo17/cacio-tta/src/main/java/com/github/caciocavallosilano/cacio/ctc/CTCPreloadAgent.java:[74,29] sun.misc.Unsafe is internal proprietary API and may be removed in a future release
[WARNING] /app/external/caciocavallo17/cacio-tta/src/main/java/com/github/caciocavallosilano/cacio/ctc/CTCPreloadAgent.java:[76,9] sun.misc.Unsafe is internal proprietary API and may be removed in a future release
[WARNING] /app/external/caciocavallo17/cacio-tta/src/main/java/com/github/caciocavallosilano/cacio/ctc/CTCPreloadAgent.java:[76,26] sun.misc.Unsafe is internal proprietary API and may be removed in a future release
[WARNING] /app/external/caciocavallo17/cacio-tta/src/main/java/com/github/caciocavallosilano/cacio/ctc/CTCPreloadAgent.java:[77,34] staticFieldBase(java.lang.reflect.Field) in sun.misc.Unsafe has been deprecated and marked for removal
[WARNING] /app/external/caciocavallo17/cacio-tta/src/main/java/com/github/caciocavallosilano/cacio/ctc/CTCPreloadAgent.java:[78,34] staticFieldOffset(java.lang.reflect.Field) in sun.misc.Unsafe has been deprecated and marked for removal
[WARNING] /app/external/caciocavallo17/cacio-tta/src/main/java/com/github/caciocavallosilano/cacio/ctc/CTCPreloadAgent.java:[80,15] putObject(java.lang.Object,long,java.lang.Object) in sun.misc.Unsafe has been deprecated and marked for removal
[INFO] /app/external/caciocavallo17/cacio-tta/src/main/java/com/github/caciocavallosilano/cacio/ctc/CTCPreloadClassLoader.java: Some input files use or override a deprecated API.
[INFO] /app/external/caciocavallo17/cacio-tta/src/main/java/com/github/caciocavallosilano/cacio/ctc/CTCPreloadClassLoader.java: Recompile with -Xlint:deprecation for details.
[INFO] /app/external/caciocavallo17/cacio-tta/src/main/java/com/github/caciocavallosilano/cacio/ctc/CTCFontManager.java: /app/external/caciocavallo17/cacio-tta/src/main/java/com/github/caciocavallosilano/cacio/ctc/CTCFontManager.java uses unchecked or unsafe operations.
[INFO] /app/external/caciocavallo17/cacio-tta/src/main/java/com/github/caciocavallosilano/cacio/ctc/CTCFontManager.java: Recompile with -Xlint:unchecked for details.
[INFO]
[INFO] --- resources:3.3.1:testResources (default-testResources) @ cacio-tta ---
[WARNING] Using platform encoding (UTF-8 actually) to copy filtered resources, i.e. build is platform dependent!
[INFO] skip non existing resourceDirectory /app/external/caciocavallo17/cacio-tta/src/test/resources
[INFO]
[INFO] --- compiler:3.8.1:testCompile (default-testCompile) @ cacio-tta ---
[INFO] Changes detected - recompiling the module!
[WARNING] File encoding has not been set, using platform encoding UTF-8, i.e. build is platform dependent!
[INFO] Compiling 9 source files to /app/external/caciocavallo17/cacio-tta/target/test-classes
[WARNING] /app/external/caciocavallo17/cacio-tta/src/test/java/com/github/caciocavallosilano/cacio/ctc/WindowLeakTest.java:[72,19] runFinalization() in java.lang.System has been deprecated and marked for removal
[INFO] /app/external/caciocavallo17/cacio-tta/src/test/java/com/github/caciocavallosilano/cacio/ctc/SimpleFESTTest.java: /app/external/caciocavallo17/cacio-tta/src/test/java/com/github/caciocavallosilano/cacio/ctc/SimpleFESTTest.java uses or overrides a deprecated API.
[INFO] /app/external/caciocavallo17/cacio-tta/src/test/java/com/github/caciocavallosilano/cacio/ctc/SimpleFESTTest.java: Recompile with -Xlint:deprecation for details.
[INFO] /app/external/caciocavallo17/cacio-tta/src/test/java/com/github/caciocavallosilano/cacio/ctc/SimpleFESTTest.java: /app/external/caciocavallo17/cacio-tta/src/test/java/com/github/caciocavallosilano/cacio/ctc/SimpleFESTTest.java uses unchecked or unsafe operations.
[INFO] /app/external/caciocavallo17/cacio-tta/src/test/java/com/github/caciocavallosilano/cacio/ctc/SimpleFESTTest.java: Recompile with -Xlint:unchecked for details.
[INFO]
[INFO] --- surefire:2.22.2:test (default-test) @ cacio-tta ---
[INFO] Tests are skipped.
[INFO]
[INFO] --- jar:3.4.0:jar (default-jar) @ cacio-tta ---
[INFO] Building jar: /app/external/caciocavallo17/cacio-tta/target/cacio-tta-1.18-SNAPSHOT.jar
[INFO]
[INFO] --- javadoc:3.1.1:jar (attach-javadocs) @ cacio-tta ---
[INFO] Skipping javadoc generation
[INFO]
[INFO] --- source:3.0.0:jar-no-fork (attach-sources) @ cacio-tta ---
[INFO] Skipping source per configuration.
[INFO] ------------------------------------------------------------------------
[INFO] Reactor Summary for Caciocavallo Main Module 1.18-SNAPSHOT:
[INFO]
[INFO] Caciocavallo Main Module ........................... SUCCESS [  9.597 s]
[INFO] Cacio Shared Module ................................ SUCCESS [  5.927 s]
[INFO] CacioTAA Java Module ............................... SUCCESS [  2.398 s]
[INFO] ------------------------------------------------------------------------
[INFO] BUILD SUCCESS
[INFO] ------------------------------------------------------------------------
[INFO] Total time:  19.379 s
[INFO] Finished at: 2026-07-27T07:18:49Z
[INFO] ------------------------------------------------------------------------
'/app/external/caciocavallo17/cacio-shared/target/cacio-shared-1.18-SNAPSHOT.jar' -> '/app/out/cacio/cacio-shared.jar'
'/app/external/caciocavallo17/cacio-tta/target/cacio-tta-1.18-SNAPSHOT.jar' -> '/app/out/cacio/cacio-tta.jar'

=== done ===
Outputs:
-rw-rw-r-- 1 jules jules 100K Jul 27 07:18 /app/out/cacio/cacio-shared.jar
-rw-rw-r-- 1 jules jules  52K Jul 27 07:18 /app/out/cacio/cacio-tta.jar
