lwjgl3 source:     /app/external/lwjgl3
NDK:               /opt/android-sdk/ndk/30.0.14904198
Arch / ABI:        arm64 / arm64-v8a
Output dir:        /app/out/lwjgl3

patched ci_build_android: -Djdk25 omitted

=== running LWJGL Android build ===
--2026-07-27 07:14:53--  https://github.com/libffi/libffi/releases/download/v3.5.2/libffi-3.5.2.tar.gz
Resolving github.com (github.com)... 140.82.112.3
Connecting to github.com (github.com)|140.82.112.3|:443... connected.
HTTP request sent, awaiting response... 302 Found
Location: https://release-assets.githubusercontent.com/github-production-release-asset/321154/a7ac1470-95d7-4036-9735-36099626d83e?sp=r&sv=2018-11-09&sr=b&spr=https&se=2026-07-27T07%3A52%3A24Z&rscd=attachment%3B+filename%3Dlibffi-3.5.2.tar.gz&rsct=application%2Foctet-stream&skoid=96c2d410-5711-43a1-aedd-ab1947aa7ab0&sktid=398a6654-997b-47e9-b12b-9515b896b4de&skt=2026-07-27T06%3A51%3A29Z&ske=2026-07-27T07%3A52%3A24Z&sks=b&skv=2018-11-09&sig=ybr6fyH63qN6mmt2ZFJo%2BYLBmz%2F6RhISuJg%2BrpmJHJY%3D&jwt=eyJ0eXAiOiJKV1QiLCJhbGciOiJIUzI1NiJ9.eyJpc3MiOiJnaXRodWIuY29tIiwiYXVkIjoicmVsZWFzZS1hc3NldHMuZ2l0aHVidXNlcmNvbnRlbnQuY29tIiwia2V5Ijoia2V5MSIsImV4cCI6MTc4NTEzNjc5MywibmJmIjoxNzg1MTM2NDkzLCJwYXRoIjoicmVsZWFzZWFzc2V0cHJvZHVjdGlvbi5ibG9iLmNvcmUud2luZG93cy5uZXQifQ.EK5NmO6BTbdZf7uqhn6lDodQbOVMm-d_OWJJVuK9WtU&response-content-disposition=attachment%3B%20filename%3Dlibffi-3.5.2.tar.gz&response-content-type=application%2Foctet-stream [following]
--2026-07-27 07:14:53--  https://release-assets.githubusercontent.com/github-production-release-asset/321154/a7ac1470-95d7-4036-9735-36099626d83e?sp=r&sv=2018-11-09&sr=b&spr=https&se=2026-07-27T07%3A52%3A24Z&rscd=attachment%3B+filename%3Dlibffi-3.5.2.tar.gz&rsct=application%2Foctet-stream&skoid=96c2d410-5711-43a1-aedd-ab1947aa7ab0&sktid=398a6654-997b-47e9-b12b-9515b896b4de&skt=2026-07-27T06%3A51%3A29Z&ske=2026-07-27T07%3A52%3A24Z&sks=b&skv=2018-11-09&sig=ybr6fyH63qN6mmt2ZFJo%2BYLBmz%2F6RhISuJg%2BrpmJHJY%3D&jwt=eyJ0eXAiOiJKV1QiLCJhbGciOiJIUzI1NiJ9.eyJpc3MiOiJnaXRodWIuY29tIiwiYXVkIjoicmVsZWFzZS1hc3NldHMuZ2l0aHVidXNlcmNvbnRlbnQuY29tIiwia2V5Ijoia2V5MSIsImV4cCI6MTc4NTEzNjc5MywibmJmIjoxNzg1MTM2NDkzLCJwYXRoIjoicmVsZWFzZWFzc2V0cHJvZHVjdGlvbi5ibG9iLmNvcmUud2luZG93cy5uZXQifQ.EK5NmO6BTbdZf7uqhn6lDodQbOVMm-d_OWJJVuK9WtU&response-content-disposition=attachment%3B%20filename%3Dlibffi-3.5.2.tar.gz&response-content-type=application%2Foctet-stream
Resolving release-assets.githubusercontent.com (release-assets.githubusercontent.com)... 185.199.111.133, 185.199.108.133, 185.199.110.133, ...
Connecting to release-assets.githubusercontent.com (release-assets.githubusercontent.com)|185.199.111.133|:443... connected.
HTTP request sent, awaiting response... 200 OK
Length: 1423124 (1.4M) [application/octet-stream]
Saving to: ‘libffi-3.5.2.tar.gz’

     0K .......... .......... .......... .......... ..........  3% 2.38M 1s
    50K .......... .......... .......... .......... ..........  7% 3.72M 0s
   100K .......... .......... .......... .......... .......... 10% 11.6M 0s
   150K .......... .......... .......... .......... .......... 14% 5.57M 0s
   200K .......... .......... .......... .......... .......... 17% 52.9M 0s
   250K .......... .......... .......... .......... .......... 21% 24.5M 0s
   300K .......... .......... .......... .......... .......... 25% 8.05M 0s
   350K .......... .......... .......... .......... .......... 28% 23.5M 0s
   400K .......... .......... .......... .......... .......... 32% 36.9M 0s
   450K .......... .......... .......... .......... .......... 35% 46.9M 0s
   500K .......... .......... .......... .......... .......... 39% 46.4M 0s
   550K .......... .......... .......... .......... .......... 43% 43.9M 0s
   600K .......... .......... .......... .......... .......... 46% 48.8M 0s
   650K .......... .......... .......... .......... .......... 50% 10.3M 0s
   700K .......... .......... .......... .......... .......... 53% 22.0M 0s
   750K .......... .......... .......... .......... .......... 57% 84.6M 0s
   800K .......... .......... .......... .......... .......... 61%  200M 0s
   850K .......... .......... .......... .......... .......... 64%  272M 0s
   900K .......... .......... .......... .......... .......... 68% 45.1M 0s
   950K .......... .......... .......... .......... .......... 71%  144M 0s
  1000K .......... .......... .......... .......... .......... 75% 96.7M 0s
  1050K .......... .......... .......... .......... .......... 79%  233M 0s
  1100K .......... .......... .......... .......... .......... 82% 39.8M 0s
  1150K .......... .......... .......... .......... .......... 86%  140M 0s
  1200K .......... .......... .......... .......... .......... 89%  133M 0s
  1250K .......... .......... .......... .......... .......... 93%  143M 0s
  1300K .......... .......... .......... .......... .......... 97% 12.3M 0s
  1350K .......... .......... .......... .........            100%  285M=0.08s

2026-07-27 07:14:53 (17.0 MB/s) - ‘libffi-3.5.2.tar.gz’ saved [1423124/1423124]

libffi-3.5.2/
libffi-3.5.2/libffi.xcodeproj/
libffi-3.5.2/libffi.xcodeproj/project.pbxproj
libffi-3.5.2/m4/
libffi-3.5.2/m4/asmcfi.m4
libffi-3.5.2/m4/ax_cc_maxopt.m4
libffi-3.5.2/m4/ax_cflags_warn_all.m4
libffi-3.5.2/m4/ax_check_compile_flag.m4
libffi-3.5.2/m4/ax_compiler_vendor.m4
libffi-3.5.2/m4/ax_configure_args.m4
libffi-3.5.2/m4/ax_enable_builddir.m4
libffi-3.5.2/m4/ax_gcc_archflag.m4
libffi-3.5.2/m4/ax_gcc_x86_cpuid.m4
libffi-3.5.2/m4/ax_prepend_flag.m4
libffi-3.5.2/m4/ax_require_defined.m4
libffi-3.5.2/m4/libtool.m4
libffi-3.5.2/m4/ltoptions.m4
libffi-3.5.2/m4/ltsugar.m4
libffi-3.5.2/m4/ltversion.m4
libffi-3.5.2/m4/lt~obsolete.m4
libffi-3.5.2/src/
libffi-3.5.2/src/aarch64/
libffi-3.5.2/src/aarch64/ffitarget.h
libffi-3.5.2/src/aarch64/internal.h
libffi-3.5.2/src/aarch64/ffi.c
libffi-3.5.2/src/aarch64/sysv.S
libffi-3.5.2/src/aarch64/win64_armasm.S
libffi-3.5.2/src/alpha/
libffi-3.5.2/src/alpha/ffitarget.h
libffi-3.5.2/src/alpha/internal.h
libffi-3.5.2/src/alpha/ffi.c
libffi-3.5.2/src/alpha/osf.S
libffi-3.5.2/src/arc/
libffi-3.5.2/src/arc/ffitarget.h
libffi-3.5.2/src/arc/ffi.c
libffi-3.5.2/src/arc/arcompact.S
libffi-3.5.2/src/arm/
libffi-3.5.2/src/arm/ffitarget.h
libffi-3.5.2/src/arm/internal.h
libffi-3.5.2/src/arm/ffi.c
libffi-3.5.2/src/arm/sysv.S
libffi-3.5.2/src/arm/sysv_msvc_arm32.S
libffi-3.5.2/src/avr32/
libffi-3.5.2/src/avr32/ffitarget.h
libffi-3.5.2/src/avr32/ffi.c
libffi-3.5.2/src/avr32/sysv.S
libffi-3.5.2/src/bfin/
libffi-3.5.2/src/bfin/ffitarget.h
libffi-3.5.2/src/bfin/ffi.c
libffi-3.5.2/src/bfin/sysv.S
libffi-3.5.2/src/cris/
libffi-3.5.2/src/cris/ffitarget.h
libffi-3.5.2/src/cris/ffi.c
libffi-3.5.2/src/cris/sysv.S
libffi-3.5.2/src/csky/
libffi-3.5.2/src/csky/ffitarget.h
libffi-3.5.2/src/csky/ffi.c
libffi-3.5.2/src/csky/sysv.S
libffi-3.5.2/src/frv/
libffi-3.5.2/src/frv/ffitarget.h
libffi-3.5.2/src/frv/ffi.c
libffi-3.5.2/src/frv/eabi.S
libffi-3.5.2/src/ia64/
libffi-3.5.2/src/ia64/ffitarget.h
libffi-3.5.2/src/ia64/ia64_flags.h
libffi-3.5.2/src/ia64/ffi.c
libffi-3.5.2/src/ia64/unix.S
libffi-3.5.2/src/kvx/
libffi-3.5.2/src/kvx/ffitarget.h
libffi-3.5.2/src/kvx/asm.h
libffi-3.5.2/src/kvx/ffi.c
libffi-3.5.2/src/kvx/sysv.S
libffi-3.5.2/src/loongarch64/
libffi-3.5.2/src/loongarch64/ffitarget.h
libffi-3.5.2/src/loongarch64/ffi.c
libffi-3.5.2/src/loongarch64/sysv.S
libffi-3.5.2/src/m32r/
libffi-3.5.2/src/m32r/ffitarget.h
libffi-3.5.2/src/m32r/ffi.c
libffi-3.5.2/src/m32r/sysv.S
libffi-3.5.2/src/m68k/
libffi-3.5.2/src/m68k/ffitarget.h
libffi-3.5.2/src/m68k/ffi.c
libffi-3.5.2/src/m68k/sysv.S
libffi-3.5.2/src/m88k/
libffi-3.5.2/src/m88k/ffitarget.h
libffi-3.5.2/src/m88k/ffi.c
libffi-3.5.2/src/m88k/obsd.S
libffi-3.5.2/src/metag/
libffi-3.5.2/src/metag/ffitarget.h
libffi-3.5.2/src/metag/ffi.c
libffi-3.5.2/src/metag/sysv.S
libffi-3.5.2/src/microblaze/
libffi-3.5.2/src/microblaze/ffitarget.h
libffi-3.5.2/src/microblaze/ffi.c
libffi-3.5.2/src/microblaze/sysv.S
libffi-3.5.2/src/mips/
libffi-3.5.2/src/mips/ffitarget.h
libffi-3.5.2/src/mips/ffi.c
libffi-3.5.2/src/mips/o32.S
libffi-3.5.2/src/mips/n32.S
libffi-3.5.2/src/moxie/
libffi-3.5.2/src/moxie/ffitarget.h
libffi-3.5.2/src/moxie/ffi.c
libffi-3.5.2/src/moxie/eabi.S
libffi-3.5.2/src/or1k/
libffi-3.5.2/src/or1k/ffitarget.h
libffi-3.5.2/src/or1k/ffi.c
libffi-3.5.2/src/or1k/sysv.S
libffi-3.5.2/src/pa/
libffi-3.5.2/src/pa/ffitarget.h
libffi-3.5.2/src/pa/ffi.c
libffi-3.5.2/src/pa/linux.S
libffi-3.5.2/src/pa/hpux32.S
libffi-3.5.2/src/pa/hpux64.S
libffi-3.5.2/src/powerpc/
libffi-3.5.2/src/powerpc/ffitarget.h
libffi-3.5.2/src/powerpc/asm.h
libffi-3.5.2/src/powerpc/ffi_powerpc.h
libffi-3.5.2/src/powerpc/internal.h
libffi-3.5.2/src/powerpc/ffi.c
libffi-3.5.2/src/powerpc/ffi_sysv.c
libffi-3.5.2/src/powerpc/ffi_linux64.c
libffi-3.5.2/src/powerpc/sysv.S
libffi-3.5.2/src/powerpc/linux64.S
libffi-3.5.2/src/powerpc/linux64_closure.S
libffi-3.5.2/src/powerpc/ppc_closure.S
libffi-3.5.2/src/powerpc/aix.S
libffi-3.5.2/src/powerpc/darwin.S
libffi-3.5.2/src/powerpc/aix_closure.S
libffi-3.5.2/src/powerpc/darwin_closure.S
libffi-3.5.2/src/powerpc/ffi_darwin.c
libffi-3.5.2/src/powerpc/t-aix
libffi-3.5.2/src/riscv/
libffi-3.5.2/src/riscv/ffitarget.h
libffi-3.5.2/src/riscv/ffi.c
libffi-3.5.2/src/riscv/sysv.S
libffi-3.5.2/src/s390/
libffi-3.5.2/src/s390/ffitarget.h
libffi-3.5.2/src/s390/internal.h
libffi-3.5.2/src/s390/ffi.c
libffi-3.5.2/src/s390/sysv.S
libffi-3.5.2/src/sh/
libffi-3.5.2/src/sh/ffitarget.h
libffi-3.5.2/src/sh/ffi.c
libffi-3.5.2/src/sh/sysv.S
libffi-3.5.2/src/sh64/
libffi-3.5.2/src/sh64/ffitarget.h
libffi-3.5.2/src/sh64/ffi.c
libffi-3.5.2/src/sh64/sysv.S
libffi-3.5.2/src/sparc/
libffi-3.5.2/src/sparc/ffitarget.h
libffi-3.5.2/src/sparc/internal.h
libffi-3.5.2/src/sparc/ffi.c
libffi-3.5.2/src/sparc/ffi64.c
libffi-3.5.2/src/sparc/v8.S
libffi-3.5.2/src/sparc/v9.S
libffi-3.5.2/src/tile/
libffi-3.5.2/src/tile/ffitarget.h
libffi-3.5.2/src/tile/ffi.c
libffi-3.5.2/src/tile/tile.S
libffi-3.5.2/src/vax/
libffi-3.5.2/src/vax/ffitarget.h
libffi-3.5.2/src/vax/ffi.c
libffi-3.5.2/src/vax/elfbsd.S
libffi-3.5.2/src/wasm/
libffi-3.5.2/src/wasm/ffitarget.h
libffi-3.5.2/src/wasm/ffi.c
libffi-3.5.2/src/x86/
libffi-3.5.2/src/x86/ffitarget.h
libffi-3.5.2/src/x86/internal.h
libffi-3.5.2/src/x86/internal64.h
libffi-3.5.2/src/x86/asmnames.h
libffi-3.5.2/src/x86/ffi.c
libffi-3.5.2/src/x86/sysv.S
libffi-3.5.2/src/x86/ffiw64.c
libffi-3.5.2/src/x86/win64.S
libffi-3.5.2/src/x86/ffi64.c
libffi-3.5.2/src/x86/unix64.S
libffi-3.5.2/src/x86/sysv_intel.S
libffi-3.5.2/src/x86/win64_intel.S
libffi-3.5.2/src/xtensa/
libffi-3.5.2/src/xtensa/ffitarget.h
libffi-3.5.2/src/xtensa/ffi.c
libffi-3.5.2/src/xtensa/sysv.S
libffi-3.5.2/src/dlmalloc.c
libffi-3.5.2/src/prep_cif.c
libffi-3.5.2/src/types.c
libffi-3.5.2/src/raw_api.c
libffi-3.5.2/src/java_raw_api.c
libffi-3.5.2/src/closures.c
libffi-3.5.2/src/tramp.c
libffi-3.5.2/src/debug.c
libffi-3.5.2/Makefile.am
libffi-3.5.2/configure
libffi-3.5.2/acinclude.m4
libffi-3.5.2/configure.ac
libffi-3.5.2/aclocal.m4
libffi-3.5.2/Makefile.in
libffi-3.5.2/fficonfig.h.in
libffi-3.5.2/libffi.pc.in
libffi-3.5.2/README.md
libffi-3.5.2/compile
libffi-3.5.2/config.guess
libffi-3.5.2/config.sub
libffi-3.5.2/depcomp
libffi-3.5.2/install-sh
libffi-3.5.2/ltmain.sh
libffi-3.5.2/missing
libffi-3.5.2/LICENSE
libffi-3.5.2/ChangeLog.old
libffi-3.5.2/msvcc.sh
libffi-3.5.2/generate-darwin-source-and-headers.py
libffi-3.5.2/libtool-ldflags
libffi-3.5.2/libtool-version
libffi-3.5.2/configure.host
libffi-3.5.2/libffi.map.in
libffi-3.5.2/LICENSE-BUILDTOOLS
libffi-3.5.2/msvc_build/
libffi-3.5.2/msvc_build/aarch64/
libffi-3.5.2/msvc_build/aarch64/Ffi_staticLib.sln
libffi-3.5.2/msvc_build/aarch64/Ffi_staticLib.vcxproj
libffi-3.5.2/msvc_build/aarch64/Ffi_staticLib.vcxproj.filters
libffi-3.5.2/msvc_build/aarch64/Ffi_staticLib.vcxproj.user
libffi-3.5.2/msvc_build/aarch64/aarch64_include/
libffi-3.5.2/msvc_build/aarch64/aarch64_include/ffi.h
libffi-3.5.2/msvc_build/aarch64/aarch64_include/fficonfig.h
libffi-3.5.2/make_sunver.pl
libffi-3.5.2/include/
libffi-3.5.2/include/Makefile.am
libffi-3.5.2/include/ffi_common.h
libffi-3.5.2/include/ffi_cfi.h
libffi-3.5.2/include/tramp.h
libffi-3.5.2/include/Makefile.in
libffi-3.5.2/include/ffi.h.in
libffi-3.5.2/testsuite/
libffi-3.5.2/testsuite/config/
libffi-3.5.2/testsuite/config/default.exp
libffi-3.5.2/testsuite/emscripten/
libffi-3.5.2/testsuite/emscripten/build.sh
libffi-3.5.2/testsuite/emscripten/conftest.py
libffi-3.5.2/testsuite/emscripten/node-tests.sh
libffi-3.5.2/testsuite/emscripten/test.html
libffi-3.5.2/testsuite/emscripten/test_libffi.py
libffi-3.5.2/testsuite/emscripten/build-tests.sh
libffi-3.5.2/testsuite/lib/
libffi-3.5.2/testsuite/lib/libffi.exp
libffi-3.5.2/testsuite/lib/target-libpath.exp
libffi-3.5.2/testsuite/lib/wrapper.exp
libffi-3.5.2/testsuite/libffi.bhaible/
libffi-3.5.2/testsuite/libffi.bhaible/Makefile
libffi-3.5.2/testsuite/libffi.bhaible/README
libffi-3.5.2/testsuite/libffi.bhaible/alignof.h
libffi-3.5.2/testsuite/libffi.bhaible/bhaible.exp
libffi-3.5.2/testsuite/libffi.bhaible/test-call.c
libffi-3.5.2/testsuite/libffi.bhaible/test-callback.c
libffi-3.5.2/testsuite/libffi.bhaible/testcases.c
libffi-3.5.2/testsuite/libffi.call/
libffi-3.5.2/testsuite/libffi.call/align_mixed.c
libffi-3.5.2/testsuite/libffi.call/align_stdcall.c
libffi-3.5.2/testsuite/libffi.call/bpo_38748.c
libffi-3.5.2/testsuite/libffi.call/call.exp
libffi-3.5.2/testsuite/libffi.call/err_bad_typedef.c
libffi-3.5.2/testsuite/libffi.call/ffitest.h
libffi-3.5.2/testsuite/libffi.call/float.c
libffi-3.5.2/testsuite/libffi.call/float1.c
libffi-3.5.2/testsuite/libffi.call/float2.c
libffi-3.5.2/testsuite/libffi.call/float3.c
libffi-3.5.2/testsuite/libffi.call/float4.c
libffi-3.5.2/testsuite/libffi.call/float_va.c
libffi-3.5.2/testsuite/libffi.call/many.c
libffi-3.5.2/testsuite/libffi.call/many2.c
libffi-3.5.2/testsuite/libffi.call/many_double.c
libffi-3.5.2/testsuite/libffi.call/many_mixed.c
libffi-3.5.2/testsuite/libffi.call/negint.c
libffi-3.5.2/testsuite/libffi.call/offsets.c
libffi-3.5.2/testsuite/libffi.call/overread.c
libffi-3.5.2/testsuite/libffi.call/pr1172638.c
libffi-3.5.2/testsuite/libffi.call/promotion.c
libffi-3.5.2/testsuite/libffi.call/pyobjc_tc.c
libffi-3.5.2/testsuite/libffi.call/return_dbl.c
libffi-3.5.2/testsuite/libffi.call/return_dbl1.c
libffi-3.5.2/testsuite/libffi.call/return_dbl2.c
libffi-3.5.2/testsuite/libffi.call/return_fl.c
libffi-3.5.2/testsuite/libffi.call/return_fl1.c
libffi-3.5.2/testsuite/libffi.call/return_fl2.c
libffi-3.5.2/testsuite/libffi.call/return_fl3.c
libffi-3.5.2/testsuite/libffi.call/return_ldl.c
libffi-3.5.2/testsuite/libffi.call/return_ll.c
libffi-3.5.2/testsuite/libffi.call/return_ll1.c
libffi-3.5.2/testsuite/libffi.call/return_sc.c
libffi-3.5.2/testsuite/libffi.call/return_sl.c
libffi-3.5.2/testsuite/libffi.call/return_uc.c
libffi-3.5.2/testsuite/libffi.call/return_ul.c
libffi-3.5.2/testsuite/libffi.call/s55.c
libffi-3.5.2/testsuite/libffi.call/strlen.c
libffi-3.5.2/testsuite/libffi.call/strlen2.c
libffi-3.5.2/testsuite/libffi.call/strlen3.c
libffi-3.5.2/testsuite/libffi.call/strlen4.c
libffi-3.5.2/testsuite/libffi.call/struct1.c
libffi-3.5.2/testsuite/libffi.call/struct10.c
libffi-3.5.2/testsuite/libffi.call/struct2.c
libffi-3.5.2/testsuite/libffi.call/struct3.c
libffi-3.5.2/testsuite/libffi.call/struct4.c
libffi-3.5.2/testsuite/libffi.call/struct5.c
libffi-3.5.2/testsuite/libffi.call/struct6.c
libffi-3.5.2/testsuite/libffi.call/struct7.c
libffi-3.5.2/testsuite/libffi.call/struct8.c
libffi-3.5.2/testsuite/libffi.call/struct9.c
libffi-3.5.2/testsuite/libffi.call/struct_by_value_2.c
libffi-3.5.2/testsuite/libffi.call/struct_by_value_3.c
libffi-3.5.2/testsuite/libffi.call/struct_by_value_3f.c
libffi-3.5.2/testsuite/libffi.call/struct_by_value_4.c
libffi-3.5.2/testsuite/libffi.call/struct_by_value_4f.c
libffi-3.5.2/testsuite/libffi.call/struct_by_value_big.c
libffi-3.5.2/testsuite/libffi.call/struct_by_value_small.c
libffi-3.5.2/testsuite/libffi.call/struct_return_2H.c
libffi-3.5.2/testsuite/libffi.call/struct_int_float.c
libffi-3.5.2/testsuite/libffi.call/longjmp.c
libffi-3.5.2/testsuite/libffi.call/struct_return_8H.c
libffi-3.5.2/testsuite/libffi.call/uninitialized.c
libffi-3.5.2/testsuite/libffi.call/va_1.c
libffi-3.5.2/testsuite/libffi.call/va_2.c
libffi-3.5.2/testsuite/libffi.call/va_3.c
libffi-3.5.2/testsuite/libffi.call/va_struct1.c
libffi-3.5.2/testsuite/libffi.call/va_struct2.c
libffi-3.5.2/testsuite/libffi.call/va_struct3.c
libffi-3.5.2/testsuite/libffi.call/callback.c
libffi-3.5.2/testsuite/libffi.call/callback2.c
libffi-3.5.2/testsuite/libffi.call/callback3.c
libffi-3.5.2/testsuite/libffi.call/callback4.c
libffi-3.5.2/testsuite/libffi.call/x32.c
libffi-3.5.2/testsuite/libffi.closures/
libffi-3.5.2/testsuite/libffi.closures/closure.exp
libffi-3.5.2/testsuite/libffi.closures/closure_fn0.c
libffi-3.5.2/testsuite/libffi.closures/closure_fn1.c
libffi-3.5.2/testsuite/libffi.closures/closure_fn2.c
libffi-3.5.2/testsuite/libffi.closures/closure_fn3.c
libffi-3.5.2/testsuite/libffi.closures/closure_fn4.c
libffi-3.5.2/testsuite/libffi.closures/closure_fn5.c
libffi-3.5.2/testsuite/libffi.closures/closure_fn6.c
libffi-3.5.2/testsuite/libffi.closures/closure_loc_fn0.c
libffi-3.5.2/testsuite/libffi.closures/closure_simple.c
libffi-3.5.2/testsuite/libffi.closures/cls_12byte.c
libffi-3.5.2/testsuite/libffi.closures/cls_16byte.c
libffi-3.5.2/testsuite/libffi.closures/cls_18byte.c
libffi-3.5.2/testsuite/libffi.closures/cls_19byte.c
libffi-3.5.2/testsuite/libffi.closures/cls_1_1byte.c
libffi-3.5.2/testsuite/libffi.closures/cls_20byte.c
libffi-3.5.2/testsuite/libffi.closures/cls_20byte1.c
libffi-3.5.2/testsuite/libffi.closures/cls_24byte.c
libffi-3.5.2/testsuite/libffi.closures/cls_2byte.c
libffi-3.5.2/testsuite/libffi.closures/cls_3_1byte.c
libffi-3.5.2/testsuite/libffi.closures/cls_3byte1.c
libffi-3.5.2/testsuite/libffi.closures/cls_3byte2.c
libffi-3.5.2/testsuite/libffi.closures/cls_3float.c
libffi-3.5.2/testsuite/libffi.closures/cls_4_1byte.c
libffi-3.5.2/testsuite/libffi.closures/cls_4byte.c
libffi-3.5.2/testsuite/libffi.closures/cls_5_1_byte.c
libffi-3.5.2/testsuite/libffi.closures/cls_5byte.c
libffi-3.5.2/testsuite/libffi.closures/cls_64byte.c
libffi-3.5.2/testsuite/libffi.closures/cls_6_1_byte.c
libffi-3.5.2/testsuite/libffi.closures/cls_6byte.c
libffi-3.5.2/testsuite/libffi.closures/cls_7_1_byte.c
libffi-3.5.2/testsuite/libffi.closures/cls_7byte.c
libffi-3.5.2/testsuite/libffi.closures/cls_8byte.c
libffi-3.5.2/testsuite/libffi.closures/cls_9byte1.c
libffi-3.5.2/testsuite/libffi.closures/cls_9byte2.c
libffi-3.5.2/testsuite/libffi.closures/cls_align_double.c
libffi-3.5.2/testsuite/libffi.closures/cls_align_float.c
libffi-3.5.2/testsuite/libffi.closures/cls_align_longdouble.c
libffi-3.5.2/testsuite/libffi.closures/cls_align_longdouble_split.c
libffi-3.5.2/testsuite/libffi.closures/cls_align_longdouble_split2.c
libffi-3.5.2/testsuite/libffi.closures/cls_align_pointer.c
libffi-3.5.2/testsuite/libffi.closures/cls_align_sint16.c
libffi-3.5.2/testsuite/libffi.closures/cls_align_sint32.c
libffi-3.5.2/testsuite/libffi.closures/cls_align_sint64.c
libffi-3.5.2/testsuite/libffi.closures/cls_align_uint16.c
libffi-3.5.2/testsuite/libffi.closures/cls_align_uint32.c
libffi-3.5.2/testsuite/libffi.closures/cls_align_uint64.c
libffi-3.5.2/testsuite/libffi.closures/cls_dbls_struct.c
libffi-3.5.2/testsuite/libffi.closures/cls_double.c
libffi-3.5.2/testsuite/libffi.closures/cls_double_va.c
libffi-3.5.2/testsuite/libffi.closures/cls_float.c
libffi-3.5.2/testsuite/libffi.closures/cls_longdouble.c
libffi-3.5.2/testsuite/libffi.closures/cls_longdouble_va.c
libffi-3.5.2/testsuite/libffi.closures/cls_many_mixed_args.c
libffi-3.5.2/testsuite/libffi.closures/cls_many_mixed_float_double.c
libffi-3.5.2/testsuite/libffi.closures/cls_multi_schar.c
libffi-3.5.2/testsuite/libffi.closures/cls_multi_sshort.c
libffi-3.5.2/testsuite/libffi.closures/cls_multi_sshortchar.c
libffi-3.5.2/testsuite/libffi.closures/cls_multi_uchar.c
libffi-3.5.2/testsuite/libffi.closures/cls_multi_ushort.c
libffi-3.5.2/testsuite/libffi.closures/cls_multi_ushortchar.c
libffi-3.5.2/testsuite/libffi.closures/cls_pointer.c
libffi-3.5.2/testsuite/libffi.closures/cls_pointer_stack.c
libffi-3.5.2/testsuite/libffi.closures/cls_schar.c
libffi-3.5.2/testsuite/libffi.closures/cls_sint.c
libffi-3.5.2/testsuite/libffi.closures/cls_sshort.c
libffi-3.5.2/testsuite/libffi.closures/cls_struct_va1.c
libffi-3.5.2/testsuite/libffi.closures/cls_uchar.c
libffi-3.5.2/testsuite/libffi.closures/cls_uint.c
libffi-3.5.2/testsuite/libffi.closures/cls_uint_va.c
libffi-3.5.2/testsuite/libffi.closures/cls_ulong_va.c
libffi-3.5.2/testsuite/libffi.closures/cls_ulonglong.c
libffi-3.5.2/testsuite/libffi.closures/cls_ushort.c
libffi-3.5.2/testsuite/libffi.closures/err_bad_abi.c
libffi-3.5.2/testsuite/libffi.closures/ffitest.h
libffi-3.5.2/testsuite/libffi.closures/huge_struct.c
libffi-3.5.2/testsuite/libffi.closures/nested_struct.c
libffi-3.5.2/testsuite/libffi.closures/nested_struct1.c
libffi-3.5.2/testsuite/libffi.closures/nested_struct10.c
libffi-3.5.2/testsuite/libffi.closures/nested_struct11.c
libffi-3.5.2/testsuite/libffi.closures/nested_struct12.c
libffi-3.5.2/testsuite/libffi.closures/nested_struct13.c
libffi-3.5.2/testsuite/libffi.closures/nested_struct2.c
libffi-3.5.2/testsuite/libffi.closures/nested_struct3.c
libffi-3.5.2/testsuite/libffi.closures/nested_struct4.c
libffi-3.5.2/testsuite/libffi.closures/nested_struct5.c
libffi-3.5.2/testsuite/libffi.closures/nested_struct6.c
libffi-3.5.2/testsuite/libffi.closures/nested_struct7.c
libffi-3.5.2/testsuite/libffi.closures/nested_struct8.c
libffi-3.5.2/testsuite/libffi.closures/nested_struct9.c
libffi-3.5.2/testsuite/libffi.closures/problem1.c
libffi-3.5.2/testsuite/libffi.closures/single_entry_structs1.c
libffi-3.5.2/testsuite/libffi.closures/single_entry_structs2.c
libffi-3.5.2/testsuite/libffi.closures/single_entry_structs3.c
libffi-3.5.2/testsuite/libffi.closures/stret_large.c
libffi-3.5.2/testsuite/libffi.closures/stret_large2.c
libffi-3.5.2/testsuite/libffi.closures/stret_medium.c
libffi-3.5.2/testsuite/libffi.closures/stret_medium2.c
libffi-3.5.2/testsuite/libffi.closures/testclosure.c
libffi-3.5.2/testsuite/libffi.closures/unwindtest.cc
libffi-3.5.2/testsuite/libffi.closures/unwindtest_ffi_call.cc
libffi-3.5.2/testsuite/libffi.complex/
libffi-3.5.2/testsuite/libffi.complex/cls_align_complex.inc
libffi-3.5.2/testsuite/libffi.complex/cls_align_complex_double.c
libffi-3.5.2/testsuite/libffi.complex/cls_align_complex_float.c
libffi-3.5.2/testsuite/libffi.complex/cls_align_complex_longdouble.c
libffi-3.5.2/testsuite/libffi.complex/cls_complex.inc
libffi-3.5.2/testsuite/libffi.complex/cls_complex_double.c
libffi-3.5.2/testsuite/libffi.complex/cls_complex_float.c
libffi-3.5.2/testsuite/libffi.complex/cls_complex_longdouble.c
libffi-3.5.2/testsuite/libffi.complex/cls_complex_struct.inc
libffi-3.5.2/testsuite/libffi.complex/cls_complex_struct_double.c
libffi-3.5.2/testsuite/libffi.complex/cls_complex_struct_float.c
libffi-3.5.2/testsuite/libffi.complex/cls_complex_struct_longdouble.c
libffi-3.5.2/testsuite/libffi.complex/cls_complex_va.inc
libffi-3.5.2/testsuite/libffi.complex/cls_complex_va_double.c
libffi-3.5.2/testsuite/libffi.complex/cls_complex_va_float.c
libffi-3.5.2/testsuite/libffi.complex/cls_complex_va_longdouble.c
libffi-3.5.2/testsuite/libffi.complex/complex.exp
libffi-3.5.2/testsuite/libffi.complex/complex.inc
libffi-3.5.2/testsuite/libffi.complex/complex_defs_double.inc
libffi-3.5.2/testsuite/libffi.complex/complex_defs_float.inc
libffi-3.5.2/testsuite/libffi.complex/complex_defs_longdouble.inc
libffi-3.5.2/testsuite/libffi.complex/complex_double.c
libffi-3.5.2/testsuite/libffi.complex/complex_float.c
libffi-3.5.2/testsuite/libffi.complex/complex_int.c
libffi-3.5.2/testsuite/libffi.complex/complex_longdouble.c
libffi-3.5.2/testsuite/libffi.complex/ffitest.h
libffi-3.5.2/testsuite/libffi.complex/many_complex.inc
libffi-3.5.2/testsuite/libffi.complex/many_complex_double.c
libffi-3.5.2/testsuite/libffi.complex/many_complex_float.c
libffi-3.5.2/testsuite/libffi.complex/many_complex_longdouble.c
libffi-3.5.2/testsuite/libffi.complex/return_complex.inc
libffi-3.5.2/testsuite/libffi.complex/return_complex1.inc
libffi-3.5.2/testsuite/libffi.complex/return_complex1_double.c
libffi-3.5.2/testsuite/libffi.complex/return_complex1_float.c
libffi-3.5.2/testsuite/libffi.complex/return_complex1_longdouble.c
libffi-3.5.2/testsuite/libffi.complex/return_complex2.inc
libffi-3.5.2/testsuite/libffi.complex/return_complex2_double.c
libffi-3.5.2/testsuite/libffi.complex/return_complex2_float.c
libffi-3.5.2/testsuite/libffi.complex/return_complex2_longdouble.c
libffi-3.5.2/testsuite/libffi.complex/return_complex_double.c
libffi-3.5.2/testsuite/libffi.complex/return_complex_float.c
libffi-3.5.2/testsuite/libffi.complex/return_complex_longdouble.c
libffi-3.5.2/testsuite/libffi.go/
libffi-3.5.2/testsuite/libffi.go/aa-direct.c
libffi-3.5.2/testsuite/libffi.go/closure1.c
libffi-3.5.2/testsuite/libffi.go/ffitest.h
libffi-3.5.2/testsuite/libffi.go/go.exp
libffi-3.5.2/testsuite/libffi.go/static-chain.h
libffi-3.5.2/testsuite/libffi.threads/
libffi-3.5.2/testsuite/libffi.threads/ffitest.h
libffi-3.5.2/testsuite/libffi.threads/threads.exp
libffi-3.5.2/testsuite/libffi.threads/tsan.c
libffi-3.5.2/testsuite/Makefile.am
libffi-3.5.2/testsuite/Makefile.in
libffi-3.5.2/man/
libffi-3.5.2/man/Makefile.am
libffi-3.5.2/man/Makefile.in
libffi-3.5.2/man/ffi.3
libffi-3.5.2/man/ffi_call.3
libffi-3.5.2/man/ffi_prep_cif.3
libffi-3.5.2/man/ffi_prep_cif_var.3
libffi-3.5.2/doc/
libffi-3.5.2/doc/Makefile.am
libffi-3.5.2/doc/version.texi
libffi-3.5.2/doc/stamp-vti
libffi-3.5.2/doc/Makefile.in
libffi-3.5.2/doc/mdate-sh
libffi-3.5.2/doc/texinfo.tex
libffi-3.5.2/doc/libffi.texi
libffi-3.5.2/doc/libffi.info
libffi-3.5.2/doc/libffi.pdf
libffi-3.5.2/ChangeLog
checking build system type... x86_64-pc-linux-android
checking host system type... aarch64-unknown-linux-android
checking target system type... aarch64-unknown-linux-android
continue configure in default builddir "./aarch64-linux-android"
....exec /bin/sh ../configure "--srcdir=.." "--enable-builddir=aarch64-linux-android" "linux
android"
checking build system type... x86_64-pc-linux-android
checking host system type... aarch64-unknown-linux-android
checking target system type... aarch64-unknown-linux-android
checking for gsed... sed
checking for a BSD-compatible install... /usr/bin/install -c
checking whether sleep supports fractional seconds... yes
checking filesystem timestamp resolution... 0.01
checking whether build environment is sane... yes
checking for aarch64-linux-android-strip... no
checking for strip... strip
checking for a race-free mkdir -p... /usr/bin/mkdir -p
checking for gawk... gawk
checking whether make sets $(MAKE)... yes
checking whether make supports nested variables... yes
checking xargs -n works... yes
checking for aarch64-linux-android-gcc... aarch64-linux-android21-clang
checking whether the C compiler works... yes
checking for C compiler default output file name... a.out
checking for suffix of executables...
checking whether we are cross compiling... yes
checking for suffix of object files... o
checking whether the compiler supports GNU C... yes
checking whether aarch64-linux-android21-clang accepts -g... yes
checking for aarch64-linux-android21-clang option to enable C11 features... none needed
checking whether aarch64-linux-android21-clang understands -c and -o together... yes
checking whether make supports the include directive... yes (GNU style)
checking dependency style of aarch64-linux-android21-clang... gcc3
checking whether the compiler supports GNU C++... yes
checking whether aarch64-linux-android21-clang++ accepts -g... yes
checking for aarch64-linux-android21-clang++ option to enable C++11 features... none needed
checking dependency style of aarch64-linux-android21-clang++... gcc3
checking dependency style of aarch64-linux-android21-clang... gcc3
checking for grep that handles long lines and -e... /usr/bin/grep
checking for egrep... /usr/bin/grep -E
checking how to print strings... printf
checking for a sed that does not truncate output... /usr/bin/sed
checking for fgrep... /usr/bin/grep -F
checking for ld used by aarch64-linux-android21-clang... /opt/android-sdk/ndk/30.0.14904198/toolchains/llvm/prebuilt/linux-x86_64/bin/ld
checking if the linker (/opt/android-sdk/ndk/30.0.14904198/toolchains/llvm/prebuilt/linux-x86_64/bin/ld) is GNU ld... yes
checking for BSD- or MS-compatible name lister (nm)... no
checking for aarch64-linux-android-dumpbin... no
checking for aarch64-linux-android-link... no
checking for dumpbin... no
checking for link... link -dump
configure: WARNING: using cross tools not prefixed with host triplet
checking the name lister (nm) interface... BSD nm
checking whether ln -s works... yes
checking the maximum length of command line arguments... 1572864
checking how to convert x86_64-pc-linux-android file names to aarch64-unknown-linux-android format... func_convert_file_noop
checking how to convert x86_64-pc-linux-android file names to toolchain format... func_convert_file_noop
checking for /opt/android-sdk/ndk/30.0.14904198/toolchains/llvm/prebuilt/linux-x86_64/bin/ld option to reload object files... -r
checking for file... file
checking for aarch64-linux-android-objdump... no
checking for objdump... objdump
checking how to recognize dependent libraries... pass_all
checking for aarch64-linux-android-dlltool... no
checking for dlltool... no
checking how to associate runtime and link libraries... printf %s\n
checking for aarch64-linux-android-ranlib... llvm-ranlib
checking for aarch64-linux-android-ar... llvm-ar
checking for archiver @FILE support... @
checking for aarch64-linux-android-strip... strip
checking command to parse nm output from aarch64-linux-android21-clang object... ok
checking for sysroot... no
checking for a working dd... /usr/bin/dd
checking how to truncate binary pipes... /usr/bin/dd bs=4096 count=1
checking for aarch64-linux-android-mt... no
checking for mt... no
checking if : is a manifest tool... no
checking for stdio.h... yes
checking for stdlib.h... yes
checking for string.h... yes
checking for inttypes.h... yes
checking for stdint.h... yes
checking for strings.h... yes
checking for sys/stat.h... yes
checking for sys/types.h... yes
checking for unistd.h... yes
checking for dlfcn.h... yes
checking for objdir... .libs
checking if aarch64-linux-android21-clang supports -fno-rtti -fno-exceptions... yes
checking for aarch64-linux-android21-clang option to produce PIC... -fPIC -DPIC
checking if aarch64-linux-android21-clang PIC flag -fPIC -DPIC works... yes
checking if aarch64-linux-android21-clang static flag -static works... yes
checking if aarch64-linux-android21-clang supports -c -o file.o... yes
checking if aarch64-linux-android21-clang supports -c -o file.o... (cached) yes
checking whether the aarch64-linux-android21-clang linker (/opt/android-sdk/ndk/30.0.14904198/toolchains/llvm/prebuilt/linux-x86_64/bin/ld) supports shared libraries... yes
checking whether -lc should be explicitly linked in... no
checking dynamic linker characteristics... Android linker
checking how to hardcode library paths into programs... immediate
checking whether stripping libraries is possible... yes
checking if libtool supports shared libraries... yes
checking whether to build shared libraries... yes
checking whether to build static libraries... yes
checking how to run the C++ preprocessor... aarch64-linux-android21-clang++ -E
checking for ld used by aarch64-linux-android21-clang++... /opt/android-sdk/ndk/30.0.14904198/toolchains/llvm/prebuilt/linux-x86_64/bin/ld
checking if the linker (/opt/android-sdk/ndk/30.0.14904198/toolchains/llvm/prebuilt/linux-x86_64/bin/ld) is GNU ld... yes
checking whether the aarch64-linux-android21-clang++ linker (/opt/android-sdk/ndk/30.0.14904198/toolchains/llvm/prebuilt/linux-x86_64/bin/ld) supports shared libraries... yes
checking for aarch64-linux-android21-clang++ option to produce PIC... -fPIC -DPIC
checking if aarch64-linux-android21-clang++ PIC flag -fPIC -DPIC works... yes
checking if aarch64-linux-android21-clang++ static flag -static works... yes
checking if aarch64-linux-android21-clang++ supports -c -o file.o... yes
checking if aarch64-linux-android21-clang++ supports -c -o file.o... (cached) yes
checking whether the aarch64-linux-android21-clang++ linker (/opt/android-sdk/ndk/30.0.14904198/toolchains/llvm/prebuilt/linux-x86_64/bin/ld) supports shared libraries... yes
checking dynamic linker characteristics... Android linker
checking how to hardcode library paths into programs... immediate
checking for aarch64-linux-android-readelf... no
checking for aarch64-linux-android-greadelf... no
checking for readelf... readelf
checking size of size_t... 8
checking for C compiler vendor... clang

********************************************************
* WARNING: Don't know the best CFLAGS for this system  *
* Use ./configure CFLAGS=... to specify your own flags *
* (otherwise, a default of CFLAGS=-O3 will be used)    *
********************************************************

checking whether the C compiler accepts  -O3... yes
checking CFLAGS for most reasonable warnings... -Wall
checking whether to enable maintainer-specific portions of Makefiles... no
checking for sys/memfd.h... no
checking for memfd_create... no
checking for memcpy... yes
checking for alloca.h... yes
checking size of double... 8
checking size of long double... 16
checking whether byte ordering is bigendian... no
checking assembler .cfi pseudo-op support... yes
checking whether compiler supports pointer authentication... no
checking for _ prefix in compiled symbols... no
checking whether the C compiler accepts -fno-lto... yes
checking whether .eh_frame section should be read-only... yes
checking for __attribute__((visibility("hidden")))... yes
checking for shared libgcc... no
configure: versioning on shared library symbols is gnu
checking that generated files are newer than configure... done
configure: creating ./config.status
config.status: creating include/Makefile
config.status: creating include/ffi.h
config.status: creating Makefile
config.status: creating testsuite/Makefile
config.status: creating man/Makefile
config.status: creating doc/Makefile
config.status: creating libffi.pc
config.status: creating fficonfig.h
config.status: executing buildir commands
config.status: create top_srcdir/Makefile guessed from local Makefile
config.status: build in aarch64-linux-android (HOST=)
config.status: executing depfiles commands
config.status: executing libtool commands
config.status: executing include commands
config.status: executing src commands
MAKE x86_64-pc-linux-gnu : 0 * all-all
make[1]: Entering directory '/app/external/lwjgl3/libffi/aarch64-linux-android'
make  all-recursive
make[2]: Entering directory '/app/external/lwjgl3/libffi/aarch64-linux-android'
Making all in include
make[3]: Entering directory '/app/external/lwjgl3/libffi/aarch64-linux-android/include'
make[3]: Nothing to be done for 'all'.
make[3]: Leaving directory '/app/external/lwjgl3/libffi/aarch64-linux-android/include'
Making all in testsuite
make[3]: Entering directory '/app/external/lwjgl3/libffi/aarch64-linux-android/testsuite'
make[3]: Nothing to be done for 'all'.
make[3]: Leaving directory '/app/external/lwjgl3/libffi/aarch64-linux-android/testsuite'
Making all in man
make[3]: Entering directory '/app/external/lwjgl3/libffi/aarch64-linux-android/man'
make[3]: Nothing to be done for 'all'.
make[3]: Leaving directory '/app/external/lwjgl3/libffi/aarch64-linux-android/man'
Making all in doc
make[3]: Entering directory '/app/external/lwjgl3/libffi/aarch64-linux-android/doc'
make[3]: Nothing to be done for 'all'.
make[3]: Leaving directory '/app/external/lwjgl3/libffi/aarch64-linux-android/doc'
make[3]: Entering directory '/app/external/lwjgl3/libffi/aarch64-linux-android'
aarch64-linux-android21-clang -DHAVE_CONFIG_H -I. -I..  -I. -I../include -Iinclude -I../src   -Wall  -O3 -fexceptions -DAARCH64 -DGENERATE_LIBFFI_MAP \
 -E -x assembler-with-cpp -o libffi.map ../libffi.map.in
depbase=`echo src/prep_cif.lo | sed 's|[^/]*$|.deps/&|;s|\.lo$||'`;\
/bin/bash ./libtool  --tag=CC   --mode=compile aarch64-linux-android21-clang -DHAVE_CONFIG_H -I. -I..  -I. -I../include -Iinclude -I../src   -Wall  -O3 -fexceptions -MT src/prep_cif.lo -MD -MP -MF $depbase.Tpo -c -o src/prep_cif.lo ../src/prep_cif.c &&\
mv -f $depbase.Tpo $depbase.Plo
depbase=`echo src/types.lo | sed 's|[^/]*$|.deps/&|;s|\.lo$||'`;\
/bin/bash ./libtool  --tag=CC   --mode=compile aarch64-linux-android21-clang -DHAVE_CONFIG_H -I. -I..  -I. -I../include -Iinclude -I../src   -Wall  -O3 -fexceptions -MT src/types.lo -MD -MP -MF $depbase.Tpo -c -o src/types.lo ../src/types.c &&\
mv -f $depbase.Tpo $depbase.Plo
depbase=`echo src/raw_api.lo | sed 's|[^/]*$|.deps/&|;s|\.lo$||'`;\
/bin/bash ./libtool  --tag=CC   --mode=compile aarch64-linux-android21-clang -DHAVE_CONFIG_H -I. -I..  -I. -I../include -Iinclude -I../src   -Wall  -O3 -fexceptions -MT src/raw_api.lo -MD -MP -MF $depbase.Tpo -c -o src/raw_api.lo ../src/raw_api.c &&\
mv -f $depbase.Tpo $depbase.Plo
depbase=`echo src/java_raw_api.lo | sed 's|[^/]*$|.deps/&|;s|\.lo$||'`;\
/bin/bash ./libtool  --tag=CC   --mode=compile aarch64-linux-android21-clang -DHAVE_CONFIG_H -I. -I..  -I. -I../include -Iinclude -I../src   -Wall  -O3 -fexceptions -MT src/java_raw_api.lo -MD -MP -MF $depbase.Tpo -c -o src/java_raw_api.lo ../src/java_raw_api.c &&\
mv -f $depbase.Tpo $depbase.Plo
libtool: compile:  aarch64-linux-android21-clang -DHAVE_CONFIG_H -I. -I.. -I. -I../include -Iinclude -I../src -Wall -O3 -fexceptions -MT src/prep_cif.lo -MD -MP -MF src/.deps/prep_cif.Tpo -c ../src/prep_cif.c  -fPIC -DPIC -o src/.libs/prep_cif.o
libtool: compile:  aarch64-linux-android21-clang -DHAVE_CONFIG_H -I. -I.. -I. -I../include -Iinclude -I../src -Wall -O3 -fexceptions -MT src/raw_api.lo -MD -MP -MF src/.deps/raw_api.Tpo -c ../src/raw_api.c  -fPIC -DPIC -o src/.libs/raw_api.o
libtool: compile:  aarch64-linux-android21-clang -DHAVE_CONFIG_H -I. -I.. -I. -I../include -Iinclude -I../src -Wall -O3 -fexceptions -MT src/types.lo -MD -MP -MF src/.deps/types.Tpo -c ../src/types.c  -fPIC -DPIC -o src/.libs/types.o
libtool: compile:  aarch64-linux-android21-clang -DHAVE_CONFIG_H -I. -I.. -I. -I../include -Iinclude -I../src -Wall -O3 -fexceptions -MT src/java_raw_api.lo -MD -MP -MF src/.deps/java_raw_api.Tpo -c ../src/java_raw_api.c  -fPIC -DPIC -o src/.libs/java_raw_api.o
libtool: compile:  aarch64-linux-android21-clang -DHAVE_CONFIG_H -I. -I.. -I. -I../include -Iinclude -I../src -Wall -O3 -fexceptions -MT src/types.lo -MD -MP -MF src/.deps/types.Tpo -c ../src/types.c -o src/types.o >/dev/null 2>&1
libtool: compile:  aarch64-linux-android21-clang -DHAVE_CONFIG_H -I. -I.. -I. -I../include -Iinclude -I../src -Wall -O3 -fexceptions -MT src/prep_cif.lo -MD -MP -MF src/.deps/prep_cif.Tpo -c ../src/prep_cif.c -o src/prep_cif.o >/dev/null 2>&1
../src/java_raw_api.c:328:46: warning: 'ffi_java_raw_size' is deprecated [-Wdeprecated-declarations]
  328 |   ffi_java_raw *raw = (ffi_java_raw*)alloca (ffi_java_raw_size (cif));
      |                                              ^
include/ffi.h:315:56: note: 'ffi_java_raw_size' has been explicitly marked deprecated here
  315 | size_t ffi_java_raw_size (ffi_cif *cif) __attribute__((deprecated));
      |                                                        ^
../src/java_raw_api.c:331:3: warning: 'ffi_java_ptrarray_to_raw' is deprecated [-Wdeprecated-declarations]
  331 |   ffi_java_ptrarray_to_raw (cif, avalue, raw);
      |   ^
include/ffi.h:311:93: note: 'ffi_java_ptrarray_to_raw' has been explicitly marked deprecated here
  311 | void ffi_java_ptrarray_to_raw (ffi_cif *cif, void **args, ffi_java_raw *raw) __attribute__((deprecated));
      |                                                                                             ^
libtool: compile:  aarch64-linux-android21-clang -DHAVE_CONFIG_H -I. -I.. -I. -I../include -Iinclude -I../src -Wall -O3 -fexceptions -MT src/raw_api.lo -MD -MP -MF src/.deps/raw_api.Tpo -c ../src/raw_api.c -o src/raw_api.o >/dev/null 2>&1
2 warnings generated.
depbase=`echo src/closures.lo | sed 's|[^/]*$|.deps/&|;s|\.lo$||'`;\
/bin/bash ./libtool  --tag=CC   --mode=compile aarch64-linux-android21-clang -DHAVE_CONFIG_H -I. -I..  -I. -I../include -Iinclude -I../src   -Wall  -O3 -fexceptions -MT src/closures.lo -MD -MP -MF $depbase.Tpo -c -o src/closures.lo ../src/closures.c &&\
mv -f $depbase.Tpo $depbase.Plo
libtool: compile:  aarch64-linux-android21-clang -DHAVE_CONFIG_H -I. -I.. -I. -I../include -Iinclude -I../src -Wall -O3 -fexceptions -MT src/java_raw_api.lo -MD -MP -MF src/.deps/java_raw_api.Tpo -c ../src/java_raw_api.c -o src/java_raw_api.o >/dev/null 2>&1
depbase=`echo src/tramp.lo | sed 's|[^/]*$|.deps/&|;s|\.lo$||'`;\
/bin/bash ./libtool  --tag=CC   --mode=compile aarch64-linux-android21-clang -DHAVE_CONFIG_H -I. -I..  -I. -I../include -Iinclude -I../src   -Wall  -O3 -fexceptions -MT src/tramp.lo -MD -MP -MF $depbase.Tpo -c -o src/tramp.lo ../src/tramp.c &&\
mv -f $depbase.Tpo $depbase.Plo
depbase=`echo src/aarch64/ffi.lo | sed 's|[^/]*$|.deps/&|;s|\.lo$||'`;\
/bin/bash ./libtool  --tag=CC   --mode=compile aarch64-linux-android21-clang -DHAVE_CONFIG_H -I. -I..  -I. -I../include -Iinclude -I../src   -Wall  -O3 -fexceptions -MT src/aarch64/ffi.lo -MD -MP -MF $depbase.Tpo -c -o src/aarch64/ffi.lo ../src/aarch64/ffi.c &&\
mv -f $depbase.Tpo $depbase.Plo
libtool: compile:  aarch64-linux-android21-clang -DHAVE_CONFIG_H -I. -I.. -I. -I../include -Iinclude -I../src -Wall -O3 -fexceptions -MT src/closures.lo -MD -MP -MF src/.deps/closures.Tpo -c ../src/closures.c  -fPIC -DPIC -o src/.libs/closures.o
depbase=`echo src/aarch64/sysv.lo | sed 's|[^/]*$|.deps/&|;s|\.lo$||'`;\
/bin/bash ./libtool  --tag=CC   --mode=compile aarch64-linux-android21-clang -DHAVE_CONFIG_H -I. -I..  -I. -I../include -Iinclude -I../src  '-I. -I../include -Iinclude -I../src'  -MT src/aarch64/sysv.lo -MD -MP -MF $depbase.Tpo -c -o src/aarch64/sysv.lo ../src/aarch64/sysv.S &&\
mv -f $depbase.Tpo $depbase.Plo
libtool: compile:  aarch64-linux-android21-clang -DHAVE_CONFIG_H -I. -I.. -I. -I../include -Iinclude -I../src -Wall -O3 -fexceptions -MT src/tramp.lo -MD -MP -MF src/.deps/tramp.Tpo -c ../src/tramp.c  -fPIC -DPIC -o src/.libs/tramp.o
libtool: compile:  aarch64-linux-android21-clang -DHAVE_CONFIG_H -I. -I.. -I. -I../include -Iinclude -I../src -Wall -O3 -fexceptions -MT src/aarch64/ffi.lo -MD -MP -MF src/aarch64/.deps/ffi.Tpo -c ../src/aarch64/ffi.c  -fPIC -DPIC -o src/aarch64/.libs/ffi.o
libtool: compile:  aarch64-linux-android21-clang -DHAVE_CONFIG_H -I. -I.. -I. -I../include -Iinclude -I../src "-I. -I../include -Iinclude -I../src" -MT src/aarch64/sysv.lo -MD -MP -MF src/aarch64/.deps/sysv.Tpo -c ../src/aarch64/sysv.S  -fPIC -DPIC -o src/aarch64/.libs/sysv.o
libtool: compile:  aarch64-linux-android21-clang -DHAVE_CONFIG_H -I. -I.. -I. -I../include -Iinclude -I../src -Wall -O3 -fexceptions -MT src/tramp.lo -MD -MP -MF src/.deps/tramp.Tpo -c ../src/tramp.c -o src/tramp.o >/dev/null 2>&1
libtool: compile:  aarch64-linux-android21-clang -DHAVE_CONFIG_H -I. -I.. -I. -I../include -Iinclude -I../src "-I. -I../include -Iinclude -I../src" -MT src/aarch64/sysv.lo -MD -MP -MF src/aarch64/.deps/sysv.Tpo -c ../src/aarch64/sysv.S -o src/aarch64/sysv.o >/dev/null 2>&1
libtool: compile:  aarch64-linux-android21-clang -DHAVE_CONFIG_H -I. -I.. -I. -I../include -Iinclude -I../src -Wall -O3 -fexceptions -MT src/aarch64/ffi.lo -MD -MP -MF src/aarch64/.deps/ffi.Tpo -c ../src/aarch64/ffi.c -o src/aarch64/ffi.o >/dev/null 2>&1
libtool: compile:  aarch64-linux-android21-clang -DHAVE_CONFIG_H -I. -I.. -I. -I../include -Iinclude -I../src -Wall -O3 -fexceptions -MT src/closures.lo -MD -MP -MF src/.deps/closures.Tpo -c ../src/closures.c -o src/closures.o >/dev/null 2>&1
/bin/bash ./libtool  --tag=CC   --mode=link aarch64-linux-android21-clang  -Wall  -O3 -fexceptions   -o libffi_convenience.la  src/prep_cif.lo src/types.lo src/raw_api.lo src/java_raw_api.lo src/closures.lo src/tramp.lo   src/aarch64/ffi.lo src/aarch64/sysv.lo
/bin/bash ./libtool  --tag=CC   --mode=link aarch64-linux-android21-clang  -Wall  -O3 -fexceptions -no-undefined -version-info `grep -v '^#' ../libtool-version` -Wl,--version-script,libffi.map    -o libffi.la -rpath /app/external/lwjgl3/libffi/aarch64-unknown-linux-android/lib src/prep_cif.lo src/types.lo src/raw_api.lo src/java_raw_api.lo src/closures.lo src/tramp.lo  src/aarch64/ffi.lo src/aarch64/sysv.lo
libtool: link: aarch64-linux-android21-clang -shared  -fPIC -DPIC  src/.libs/prep_cif.o src/.libs/types.o src/.libs/raw_api.o src/.libs/java_raw_api.o src/.libs/closures.o src/.libs/tramp.o src/aarch64/.libs/ffi.o src/aarch64/.libs/sysv.o    -O3 -Wl,--version-script -Wl,libffi.map   -Wl,-soname -Wl,libffi.so -o .libs/libffi.so
libtool: link: llvm-ar cr .libs/libffi_convenience.a src/.libs/prep_cif.o src/.libs/types.o src/.libs/raw_api.o src/.libs/java_raw_api.o src/.libs/closures.o src/.libs/tramp.o src/aarch64/.libs/ffi.o src/aarch64/.libs/sysv.o
libtool: link: llvm-ranlib .libs/libffi_convenience.a
libtool: link: llvm-ar cr .libs/libffi.a  src/prep_cif.o src/types.o src/raw_api.o src/java_raw_api.o src/closures.o src/tramp.o src/aarch64/ffi.o src/aarch64/sysv.o
libtool: link: llvm-ranlib .libs/libffi.a
libtool: link: ( cd ".libs" && rm -f "libffi_convenience.la" && ln -s "../libffi_convenience.la" "libffi_convenience.la" )
libtool: link: ( cd ".libs" && rm -f "libffi.la" && ln -s "../libffi.la" "libffi.la" )
make[3]: Leaving directory '/app/external/lwjgl3/libffi/aarch64-linux-android'
make[2]: Leaving directory '/app/external/lwjgl3/libffi/aarch64-linux-android'
make[1]: Leaving directory '/app/external/lwjgl3/libffi/aarch64-linux-android'
MAKE x86_64-pc-linux-gnu : 0 * all-configured
make[1]: Entering directory '/app/external/lwjgl3/libffi/aarch64-linux-android'
make  all-recursive
make[2]: Entering directory '/app/external/lwjgl3/libffi/aarch64-linux-android'
Making all in include
make[3]: Entering directory '/app/external/lwjgl3/libffi/aarch64-linux-android/include'
make[3]: Nothing to be done for 'all'.
make[3]: Leaving directory '/app/external/lwjgl3/libffi/aarch64-linux-android/include'
Making all in testsuite
make[3]: Entering directory '/app/external/lwjgl3/libffi/aarch64-linux-android/testsuite'
make[3]: Nothing to be done for 'all'.
make[3]: Leaving directory '/app/external/lwjgl3/libffi/aarch64-linux-android/testsuite'
Making all in man
make[3]: Entering directory '/app/external/lwjgl3/libffi/aarch64-linux-android/man'
make[3]: Nothing to be done for 'all'.
make[3]: Leaving directory '/app/external/lwjgl3/libffi/aarch64-linux-android/man'
Making all in doc
make[3]: Entering directory '/app/external/lwjgl3/libffi/aarch64-linux-android/doc'
make[3]: Nothing to be done for 'all'.
make[3]: Leaving directory '/app/external/lwjgl3/libffi/aarch64-linux-android/doc'
make[3]: Entering directory '/app/external/lwjgl3/libffi/aarch64-linux-android'
make[3]: Leaving directory '/app/external/lwjgl3/libffi/aarch64-linux-android'
make[2]: Leaving directory '/app/external/lwjgl3/libffi/aarch64-linux-android'
make[1]: Leaving directory '/app/external/lwjgl3/libffi/aarch64-linux-android'
--2026-07-27 07:15:19--  https://downloads.sourceforge.net/project/freetype/freetype2/2.14.1/freetype-2.14.1.tar.gz
Resolving downloads.sourceforge.net (downloads.sourceforge.net)... 104.18.12.149, 104.18.13.149, 2606:4700::6812:d95, ...
Connecting to downloads.sourceforge.net (downloads.sourceforge.net)|104.18.12.149|:443... connected.
HTTP request sent, awaiting response... 302 Found
Location: https://gigenet.dl.sourceforge.net/project/freetype/freetype2/2.14.1/freetype-2.14.1.tar.gz?viasf=1&fid=2a7d68d240eae87f&e=1785222920&st=Rzs1jkzbQ0oofs_dic5ByQ [following]
--2026-07-27 07:15:19--  https://gigenet.dl.sourceforge.net/project/freetype/freetype2/2.14.1/freetype-2.14.1.tar.gz?viasf=1&fid=2a7d68d240eae87f&e=1785222920&st=Rzs1jkzbQ0oofs_dic5ByQ
Resolving gigenet.dl.sourceforge.net (gigenet.dl.sourceforge.net)... 69.65.16.141
Connecting to gigenet.dl.sourceforge.net (gigenet.dl.sourceforge.net)|69.65.16.141|:443... connected.
HTTP request sent, awaiting response... 200 OK
Length: 4135293 (3.9M) [application/x-gzip]
Saving to: ‘freetype-2.14.1.tar.gz’

     0K .......... .......... .......... .......... ..........  1% 3.91M 1s
    50K .......... .......... .......... .......... ..........  2% 3.79M 1s
   100K .......... .......... .......... .......... ..........  3% 3.69M 1s
   150K .......... .......... .......... .......... ..........  4%  250M 1s
   200K .......... .......... .......... .......... ..........  6% 2.91M 1s
   250K .......... .......... .......... .......... ..........  7%  147M 1s
   300K .......... .......... .......... .......... ..........  8%  269M 1s
   350K .......... .......... .......... .......... ..........  9%  167M 1s
   400K .......... .......... .......... .......... .......... 11%  256M 0s
   450K .......... .......... .......... .......... .......... 12% 6.48M 0s
   500K .......... .......... .......... .......... .......... 13% 50.3M 0s
   550K .......... .......... .......... .......... .......... 14% 77.9M 0s
   600K .......... .......... .......... .......... .......... 16%  266M 0s
   650K .......... .......... .......... .......... .......... 17% 9.60M 0s
   700K .......... .......... .......... .......... .......... 18%  115M 0s
   750K .......... .......... .......... .......... .......... 19%  197M 0s
   800K .......... .......... .......... .......... .......... 21%  274M 0s
   850K .......... .......... .......... .......... .......... 22%  264M 0s
   900K .......... .......... .......... .......... .......... 23%  272M 0s
   950K .......... .......... .......... .......... .......... 24% 9.28M 0s
  1000K .......... .......... .......... .......... .......... 26% 71.3M 0s
  1050K .......... .......... .......... .......... .......... 27% 52.1M 0s
  1100K .......... .......... .......... .......... .......... 28%  273M 0s
  1150K .......... .......... .......... .......... .......... 29% 10.9M 0s
  1200K .......... .......... .......... .......... .......... 30% 38.8M 0s
  1250K .......... .......... .......... .......... .......... 32% 48.7M 0s
  1300K .......... .......... .......... .......... .......... 33%  260M 0s
  1350K .......... .......... .......... .......... .......... 34%  218M 0s
  1400K .......... .......... .......... .......... .......... 35%  275M 0s
  1450K .......... .......... .......... .......... .......... 37%  276M 0s
  1500K .......... .......... .......... .......... .......... 38% 7.01M 0s
  1550K .......... .......... .......... .......... .......... 39% 22.6M 0s
  1600K .......... .......... .......... .......... .......... 40% 40.2M 0s
  1650K .......... .......... .......... .......... .......... 42% 51.4M 0s
  1700K .......... .......... .......... .......... .......... 43% 42.6M 0s
  1750K .......... .......... .......... .......... .......... 44% 9.37M 0s
  1800K .......... .......... .......... .......... .......... 45% 32.5M 0s
  1850K .......... .......... .......... .......... .......... 47% 39.3M 0s
  1900K .......... .......... .......... .......... .......... 48% 10.8M 0s
  1950K .......... .......... .......... .......... .......... 49%  153M 0s
  2000K .......... .......... .......... .......... .......... 50%  250M 0s
  2050K .......... .......... .......... .......... .......... 52%  210M 0s
  2100K .......... .......... .......... .......... .......... 53%  260M 0s
  2150K .......... .......... .......... .......... .......... 54%  270M 0s
  2200K .......... .......... .......... .......... .......... 55%  258M 0s
  2250K .......... .......... .......... .......... .......... 56%  257M 0s
  2300K .......... .......... .......... .......... .......... 58%  217M 0s
  2350K .......... .......... .......... .......... .......... 59%  206M 0s
  2400K .......... .......... .......... .......... .......... 60%  267M 0s
  2450K .......... .......... .......... .......... .......... 61%  251M 0s
  2500K .......... .......... .......... .......... .......... 63%  263M 0s
  2550K .......... .......... .......... .......... .......... 64%  219M 0s
  2600K .......... .......... .......... .......... .......... 65%  273M 0s
  2650K .......... .......... .......... .......... .......... 66%  267M 0s
  2700K .......... .......... .......... .......... .......... 68%  267M 0s
  2750K .......... .......... .......... .......... .......... 69%  205M 0s
  2800K .......... .......... .......... .......... .......... 70% 11.3M 0s
  2850K .......... .......... .......... .......... .......... 71%  257M 0s
  2900K .......... .......... .......... .......... .......... 73%  259M 0s
  2950K .......... .......... .......... .......... .......... 74%  267M 0s
  3000K .......... .......... .......... .......... .......... 75%  229M 0s
  3050K .......... .......... .......... .......... .......... 76%  209M 0s
  3100K .......... .......... .......... .......... .......... 78%  260M 0s
  3150K .......... .......... .......... .......... .......... 79%  195M 0s
  3200K .......... .......... .......... .......... .......... 80%  262M 0s
  3250K .......... .......... .......... .......... .......... 81%  211M 0s
  3300K .......... .......... .......... .......... .......... 82%  251M 0s
  3350K .......... .......... .......... .......... .......... 84%  266M 0s
  3400K .......... .......... .......... .......... .......... 85%  232M 0s
  3450K .......... .......... .......... .......... .......... 86%  272M 0s
  3500K .......... .......... .......... .......... .......... 87%  194M 0s
  3550K .......... .......... .......... .......... .......... 89%  203M 0s
  3600K .......... .......... .......... .......... .......... 90%  257M 0s
  3650K .......... .......... .......... .......... .......... 91%  263M 0s
  3700K .......... .......... .......... .......... .......... 92%  261M 0s
  3750K .......... .......... .......... .......... .......... 94% 11.3M 0s
  3800K .......... .......... .......... .......... .......... 95%  259M 0s
  3850K .......... .......... .......... .......... .......... 96%  269M 0s
  3900K .......... .......... .......... .......... .......... 97%  267M 0s
  3950K .......... .......... .......... .......... .......... 99%  165M 0s
  4000K .......... .......... .......... ........             100%  300M=0.1s

2026-07-27 07:15:20 (30.7 MB/s) - ‘freetype-2.14.1.tar.gz’ saved [4135293/4135293]


FreeType build system -- automatic system detection

The following settings are used:

  platform                    unix
  compiler                    aarch64-linux-android21-clang
  configuration directory     ./builds/unix
  configuration rules         ./builds/unix/unix.mk

If this does not correspond to your system or settings please remove the file
`config.mk' from this directory then read the INSTALL file for help.

Otherwise, simply type `make' again to build the library,
or `make refdoc' to build the API reference (this needs Python >= 3.5).

Generating modules list in ./objs/ftmodule.h...
done.
* module: truetype  (Windows/Mac font files with extension *.ttf or *.ttc)
* module: type1     (Postscript font files with extension *.pfa or *.pfb)
* module: cff       (OpenType fonts with extension *.otf)
* module: cid       (Postscript CID-keyed fonts, no known extension)
* module: pfr       (PFR/TrueDoc font files with extension *.pfr)
* module: type42    (Type 42 font files with no known extension)
* module: winfnt    (Windows bitmap fonts with extension *.fnt or *.fon)
* module: pcf       (pcf bitmap fonts)
* module: bdf       (bdf bitmap fonts)
* module: sfnt      (helper module for TrueType & OpenType formats)
* module: autofit   (automatic hinting module)
* module: pshinter  (Postscript hinter module)
* module: smooth    (anti-aliased bitmap renderer)
* module: raster    (monochrome bitmap renderer)
* module: ot-svg    (OT-SVG glyph renderer module)
* module: sdf       (signed distance field renderer)
* module: bsdf      (bitmap to signed distance field converter)
* module: psaux     (Postscript Type 1 & Type 2 helper module)
* module: psnames   (Postscript & Unicode Glyph name handling)
cd builds/unix; \
        ./configure  '--host=aarch64-linux-android' '--prefix=/app/external/lwjgl3/freetype-2.14.1/build_android-arm64' '--without-zlib' '--with-brotli=no' '--with-bzip2=no' '--with-png=no' '--with-harfbuzz=no' '--enable-static=no' '--enable-shared=yes'
checking build system type... x86_64-pc-linux-android
checking host system type... aarch64-unknown-linux-android
checking for aarch64-linux-android-gcc... aarch64-linux-android21-clang
checking whether the C compiler works... yes
checking for C compiler default output file name... a.out
checking for suffix of executables...
checking whether we are cross compiling... yes
checking for suffix of object files... o
checking whether the compiler supports GNU C... yes
checking whether aarch64-linux-android21-clang accepts -g... yes
checking for aarch64-linux-android21-clang option to enable C11 features... none needed
checking how to run the C preprocessor... aarch64-linux-android21-clang -E
checking for aarch64-linux-android-pkg-config... no
checking for pkg-config... /usr/bin/pkg-config
configure: WARNING: using cross tools not prefixed with host triplet
checking pkg-config is at least version 0.24... yes
checking how to print strings... printf
checking for a sed that does not truncate output... /usr/bin/sed
checking for grep that handles long lines and -e... /usr/bin/grep
checking for egrep... /usr/bin/grep -E
checking for fgrep... /usr/bin/grep -F
checking for ld used by aarch64-linux-android21-clang... /opt/android-sdk/ndk/30.0.14904198/toolchains/llvm/prebuilt/linux-x86_64/bin/ld
checking if the linker (/opt/android-sdk/ndk/30.0.14904198/toolchains/llvm/prebuilt/linux-x86_64/bin/ld) is GNU ld... yes
checking for BSD- or MS-compatible name lister (nm)... no
checking for aarch64-linux-android-dumpbin... no
checking for aarch64-linux-android-link... no
checking for dumpbin... no
checking for link... link -dump
checking the name lister (nm) interface... BSD nm
checking whether ln -s works... yes
checking the maximum length of command line arguments... 1572864
checking how to convert x86_64-pc-linux-android file names to aarch64-unknown-linux-android format... func_convert_file_noop
checking how to convert x86_64-pc-linux-android file names to toolchain format... func_convert_file_noop
checking for /opt/android-sdk/ndk/30.0.14904198/toolchains/llvm/prebuilt/linux-x86_64/bin/ld option to reload object files... -r
checking for file... file
checking for aarch64-linux-android-objdump... no
checking for objdump... objdump
checking how to recognize dependent libraries... pass_all
checking for aarch64-linux-android-dlltool... no
checking for dlltool... no
checking how to associate runtime and link libraries... printf %s\n
checking for aarch64-linux-android-ranlib... no
checking for ranlib... ranlib
checking for aarch64-linux-android-ar... no
checking for ar... ar
checking for archiver @FILE support... @
checking for aarch64-linux-android-strip... no
checking for strip... strip
checking for gawk... gawk
checking command to parse nm output from aarch64-linux-android21-clang object... ok
checking for sysroot... no
checking for a working dd... /usr/bin/dd
checking how to truncate binary pipes... /usr/bin/dd bs=4096 count=1
checking for aarch64-linux-android-mt... no
checking for mt... no
checking if : is a manifest tool... no
checking for stdio.h... yes
checking for stdlib.h... yes
checking for string.h... yes
checking for inttypes.h... yes
checking for stdint.h... yes
checking for strings.h... yes
checking for sys/stat.h... yes
checking for sys/types.h... yes
checking for unistd.h... yes
checking for sys/param.h... yes
checking for dlfcn.h... yes
checking for objdir... .libs
checking if aarch64-linux-android21-clang supports -fno-rtti -fno-exceptions... yes
checking for aarch64-linux-android21-clang option to produce PIC... -fPIC -DPIC
checking if aarch64-linux-android21-clang PIC flag -fPIC -DPIC works... yes
checking if aarch64-linux-android21-clang static flag -static works... yes
checking if aarch64-linux-android21-clang supports -c -o file.o... yes
checking if aarch64-linux-android21-clang supports -c -o file.o... (cached) yes
checking whether the aarch64-linux-android21-clang linker (/opt/android-sdk/ndk/30.0.14904198/toolchains/llvm/prebuilt/linux-x86_64/bin/ld) supports shared libraries... yes
checking whether -lc should be explicitly linked in... no
checking dynamic linker characteristics... Android linker
checking how to hardcode library paths into programs... immediate
checking whether stripping libraries is possible... yes
checking if libtool supports shared libraries... yes
checking whether to build shared libraries... yes
checking whether to build static libraries... no
checking for windows.h... no
checking for x86_64-pc-linux-android-gcc... no
checking for gcc... gcc
checking for gcc... (cached) gcc
checking for gcc... (cached) gcc
checking for suffix of native executables...
checking for a BSD-compatible install... /usr/bin/install -c
checking for a race-free mkdir -p... /usr/bin/mkdir -p
checking for fcntl.h... yes
checking for unistd.h... (cached) yes
checking for an ANSI C-conforming const... yes
checking for aarch64-linux-android21-clang option to enable large file support... none needed
checking for getpagesize... yes
checking for working mmap... yes
checking for aarch64-linux-android21-clang options needed to detect all undeclared functions... none needed
checking whether munmap is declared... yes
checking for munmap's first parameter type... void *
checking aarch64-linux-android21-clang compiler flag -pedantic to assure ANSI C99 works correctly... ok, adding to XX_ANSIFLAGS
checking aarch64-linux-android21-clang compiler flag -std=c99 to assure ANSI C99 works correctly... ok, adding to XX_ANSIFLAGS
checking for -fvisibility=hidden compiler flag... yes
checking for library containing clock_gettime... none required
checking for LIBRSVG... no
checking target system type... aarch64-unknown-linux-android
checking for egrep -e... (cached) /usr/bin/grep -E
checking whether aarch64-linux-android21-clang is Clang... yes
checking whether pthreads work with "-pthread" and "-lpthread"... no
checking whether pthreads work with -pthread... yes
checking whether Clang needs flag to prevent "argument unused" warning when linking with -pthread... no
checking for joinable pthread attribute... PTHREAD_CREATE_JOINABLE
checking whether more special flags are required for pthreads... no
checking for PTHREAD_PRIO_INHERIT... yes
checking for python3... python3
checking for python version... 3.12.13
checking for `docwriter' Python module... no
configure: creating ./config.status
config.status: creating ftoption.h
config.status: creating unix-cc.mk
config.status: creating unix-def.mk
config.status: creating ftconfig.h
config.status: executing libtool commands
configure:

Library configuration:
  external zlib: no
  bzip2:         no
  libpng:        no
  harfbuzz:      no
  brotli:        no
  pthread:       yes

configure: WARNING:
  `make refdoc' will fail since pip package `docwriter' is not installed.
  To install, run `python3 -m pip install docwriter', or to use a Python
  virtual environment, run `make refdoc-venv' (requires pip package
  `virtualenv').  These operations require Python >= 3.5.

./builds/unix/libtool --mode=compile aarch64-linux-android21-clang -pedantic -std=c99 -I/app/external/lwjgl3/freetype-2.14.1/objs -I./builds/unix -I/app/external/lwjgl3/freetype-2.14.1/include  -c -Wall -g -O2 -fvisibility=hidden -pthread -DFT_CONFIG_CONFIG_H="<ftconfig.h>" -DFT_CONFIG_MODULES_H="<ftmodule.h>" -DFT_CONFIG_OPTIONS_H="<ftoption.h>" -DFT2_BUILD_LIBRARY -o /app/external/lwjgl3/freetype-2.14.1/objs/ftsystem.lo builds/unix/ftsystem.c
./builds/unix/libtool --mode=compile aarch64-linux-android21-clang -pedantic -std=c99 -I/app/external/lwjgl3/freetype-2.14.1/objs -I./builds/unix -I/app/external/lwjgl3/freetype-2.14.1/include  -c -Wall -g -O2 -fvisibility=hidden -pthread -DFT_CONFIG_CONFIG_H="<ftconfig.h>" -DFT_CONFIG_MODULES_H="<ftmodule.h>" -DFT_CONFIG_OPTIONS_H="<ftoption.h>" -DFT2_BUILD_LIBRARY -o /app/external/lwjgl3/freetype-2.14.1/objs/ftdebug.lo /app/external/lwjgl3/freetype-2.14.1/src/base/ftdebug.c
./builds/unix/libtool --mode=compile aarch64-linux-android21-clang -pedantic -std=c99 -I/app/external/lwjgl3/freetype-2.14.1/objs -I./builds/unix -I/app/external/lwjgl3/freetype-2.14.1/include  -c -Wall -g -O2 -fvisibility=hidden -pthread -DFT_CONFIG_CONFIG_H="<ftconfig.h>" -DFT_CONFIG_MODULES_H="<ftmodule.h>" -DFT_CONFIG_OPTIONS_H="<ftoption.h>" -DFT2_BUILD_LIBRARY -o /app/external/lwjgl3/freetype-2.14.1/objs/ftinit.lo /app/external/lwjgl3/freetype-2.14.1/src/base/ftinit.c
./builds/unix/libtool --mode=compile aarch64-linux-android21-clang -pedantic -std=c99 -I/app/external/lwjgl3/freetype-2.14.1/src/base -I/app/external/lwjgl3/freetype-2.14.1/objs -I./builds/unix -I/app/external/lwjgl3/freetype-2.14.1/include  -c -Wall -g -O2 -fvisibility=hidden -pthread -DFT_CONFIG_CONFIG_H="<ftconfig.h>" -DFT_CONFIG_MODULES_H="<ftmodule.h>" -DFT_CONFIG_OPTIONS_H="<ftoption.h>" -DFT2_BUILD_LIBRARY -o /app/external/lwjgl3/freetype-2.14.1/objs/ftbase.lo /app/external/lwjgl3/freetype-2.14.1/src/base/ftbase.c
libtool: compile:  aarch64-linux-android21-clang -pedantic -std=c99 -I/app/external/lwjgl3/freetype-2.14.1/objs -I./builds/unix -I/app/external/lwjgl3/freetype-2.14.1/include -c -Wall -g -O2 -fvisibility=hidden -pthread "-DFT_CONFIG_CONFIG_H=<ftconfig.h>" "-DFT_CONFIG_MODULES_H=<ftmodule.h>" "-DFT_CONFIG_OPTIONS_H=<ftoption.h>" -DFT2_BUILD_LIBRARY /app/external/lwjgl3/freetype-2.14.1/src/base/ftdebug.c  -fPIC -DPIC -o /app/external/lwjgl3/freetype-2.14.1/objs/.libs/ftdebug.o
libtool: compile:  aarch64-linux-android21-clang -pedantic -std=c99 -I/app/external/lwjgl3/freetype-2.14.1/src/base -I/app/external/lwjgl3/freetype-2.14.1/objs -I./builds/unix -I/app/external/lwjgl3/freetype-2.14.1/include -c -Wall -g -O2 -fvisibility=hidden -pthread "-DFT_CONFIG_CONFIG_H=<ftconfig.h>" "-DFT_CONFIG_MODULES_H=<ftmodule.h>" "-DFT_CONFIG_OPTIONS_H=<ftoption.h>" -DFT2_BUILD_LIBRARY /app/external/lwjgl3/freetype-2.14.1/src/base/ftbase.c  -fPIC -DPIC -o /app/external/lwjgl3/freetype-2.14.1/objs/.libs/ftbase.o
libtool: compile:  aarch64-linux-android21-clang -pedantic -std=c99 -I/app/external/lwjgl3/freetype-2.14.1/objs -I./builds/unix -I/app/external/lwjgl3/freetype-2.14.1/include -c -Wall -g -O2 -fvisibility=hidden -pthread "-DFT_CONFIG_CONFIG_H=<ftconfig.h>" "-DFT_CONFIG_MODULES_H=<ftmodule.h>" "-DFT_CONFIG_OPTIONS_H=<ftoption.h>" -DFT2_BUILD_LIBRARY builds/unix/ftsystem.c  -fPIC -DPIC -o /app/external/lwjgl3/freetype-2.14.1/objs/.libs/ftsystem.o
libtool: compile:  aarch64-linux-android21-clang -pedantic -std=c99 -I/app/external/lwjgl3/freetype-2.14.1/objs -I./builds/unix -I/app/external/lwjgl3/freetype-2.14.1/include -c -Wall -g -O2 -fvisibility=hidden -pthread "-DFT_CONFIG_CONFIG_H=<ftconfig.h>" "-DFT_CONFIG_MODULES_H=<ftmodule.h>" "-DFT_CONFIG_OPTIONS_H=<ftoption.h>" -DFT2_BUILD_LIBRARY /app/external/lwjgl3/freetype-2.14.1/src/base/ftinit.c  -fPIC -DPIC -o /app/external/lwjgl3/freetype-2.14.1/objs/.libs/ftinit.o
./builds/unix/libtool --mode=compile aarch64-linux-android21-clang -pedantic -std=c99 -I/app/external/lwjgl3/freetype-2.14.1/src/base -I/app/external/lwjgl3/freetype-2.14.1/objs -I./builds/unix -I/app/external/lwjgl3/freetype-2.14.1/include  -c -Wall -g -O2 -fvisibility=hidden -pthread -DFT_CONFIG_CONFIG_H="<ftconfig.h>" -DFT_CONFIG_MODULES_H="<ftmodule.h>" -DFT_CONFIG_OPTIONS_H="<ftoption.h>" -DFT2_BUILD_LIBRARY -o /app/external/lwjgl3/freetype-2.14.1/objs/ftbbox.lo /app/external/lwjgl3/freetype-2.14.1/src/base/ftbbox.c
./builds/unix/libtool --mode=compile aarch64-linux-android21-clang -pedantic -std=c99 -I/app/external/lwjgl3/freetype-2.14.1/src/base -I/app/external/lwjgl3/freetype-2.14.1/objs -I./builds/unix -I/app/external/lwjgl3/freetype-2.14.1/include  -c -Wall -g -O2 -fvisibility=hidden -pthread -DFT_CONFIG_CONFIG_H="<ftconfig.h>" -DFT_CONFIG_MODULES_H="<ftmodule.h>" -DFT_CONFIG_OPTIONS_H="<ftoption.h>" -DFT2_BUILD_LIBRARY -o /app/external/lwjgl3/freetype-2.14.1/objs/ftbdf.lo /app/external/lwjgl3/freetype-2.14.1/src/base/ftbdf.c
./builds/unix/libtool --mode=compile aarch64-linux-android21-clang -pedantic -std=c99 -I/app/external/lwjgl3/freetype-2.14.1/src/base -I/app/external/lwjgl3/freetype-2.14.1/objs -I./builds/unix -I/app/external/lwjgl3/freetype-2.14.1/include  -c -Wall -g -O2 -fvisibility=hidden -pthread -DFT_CONFIG_CONFIG_H="<ftconfig.h>" -DFT_CONFIG_MODULES_H="<ftmodule.h>" -DFT_CONFIG_OPTIONS_H="<ftoption.h>" -DFT2_BUILD_LIBRARY -o /app/external/lwjgl3/freetype-2.14.1/objs/ftbitmap.lo /app/external/lwjgl3/freetype-2.14.1/src/base/ftbitmap.c
libtool: compile:  aarch64-linux-android21-clang -pedantic -std=c99 -I/app/external/lwjgl3/freetype-2.14.1/src/base -I/app/external/lwjgl3/freetype-2.14.1/objs -I./builds/unix -I/app/external/lwjgl3/freetype-2.14.1/include -c -Wall -g -O2 -fvisibility=hidden -pthread "-DFT_CONFIG_CONFIG_H=<ftconfig.h>" "-DFT_CONFIG_MODULES_H=<ftmodule.h>" "-DFT_CONFIG_OPTIONS_H=<ftoption.h>" -DFT2_BUILD_LIBRARY /app/external/lwjgl3/freetype-2.14.1/src/base/ftbbox.c  -fPIC -DPIC -o /app/external/lwjgl3/freetype-2.14.1/objs/.libs/ftbbox.o
libtool: compile:  aarch64-linux-android21-clang -pedantic -std=c99 -I/app/external/lwjgl3/freetype-2.14.1/src/base -I/app/external/lwjgl3/freetype-2.14.1/objs -I./builds/unix -I/app/external/lwjgl3/freetype-2.14.1/include -c -Wall -g -O2 -fvisibility=hidden -pthread "-DFT_CONFIG_CONFIG_H=<ftconfig.h>" "-DFT_CONFIG_MODULES_H=<ftmodule.h>" "-DFT_CONFIG_OPTIONS_H=<ftoption.h>" -DFT2_BUILD_LIBRARY /app/external/lwjgl3/freetype-2.14.1/src/base/ftbdf.c  -fPIC -DPIC -o /app/external/lwjgl3/freetype-2.14.1/objs/.libs/ftbdf.o
libtool: compile:  aarch64-linux-android21-clang -pedantic -std=c99 -I/app/external/lwjgl3/freetype-2.14.1/src/base -I/app/external/lwjgl3/freetype-2.14.1/objs -I./builds/unix -I/app/external/lwjgl3/freetype-2.14.1/include -c -Wall -g -O2 -fvisibility=hidden -pthread "-DFT_CONFIG_CONFIG_H=<ftconfig.h>" "-DFT_CONFIG_MODULES_H=<ftmodule.h>" "-DFT_CONFIG_OPTIONS_H=<ftoption.h>" -DFT2_BUILD_LIBRARY /app/external/lwjgl3/freetype-2.14.1/src/base/ftbitmap.c  -fPIC -DPIC -o /app/external/lwjgl3/freetype-2.14.1/objs/.libs/ftbitmap.o
./builds/unix/libtool --mode=compile aarch64-linux-android21-clang -pedantic -std=c99 -I/app/external/lwjgl3/freetype-2.14.1/src/base -I/app/external/lwjgl3/freetype-2.14.1/objs -I./builds/unix -I/app/external/lwjgl3/freetype-2.14.1/include  -c -Wall -g -O2 -fvisibility=hidden -pthread -DFT_CONFIG_CONFIG_H="<ftconfig.h>" -DFT_CONFIG_MODULES_H="<ftmodule.h>" -DFT_CONFIG_OPTIONS_H="<ftoption.h>" -DFT2_BUILD_LIBRARY -o /app/external/lwjgl3/freetype-2.14.1/objs/ftcid.lo /app/external/lwjgl3/freetype-2.14.1/src/base/ftcid.c
./builds/unix/libtool --mode=compile aarch64-linux-android21-clang -pedantic -std=c99 -I/app/external/lwjgl3/freetype-2.14.1/src/base -I/app/external/lwjgl3/freetype-2.14.1/objs -I./builds/unix -I/app/external/lwjgl3/freetype-2.14.1/include  -c -Wall -g -O2 -fvisibility=hidden -pthread -DFT_CONFIG_CONFIG_H="<ftconfig.h>" -DFT_CONFIG_MODULES_H="<ftmodule.h>" -DFT_CONFIG_OPTIONS_H="<ftoption.h>" -DFT2_BUILD_LIBRARY -o /app/external/lwjgl3/freetype-2.14.1/objs/ftfstype.lo /app/external/lwjgl3/freetype-2.14.1/src/base/ftfstype.c
libtool: compile:  aarch64-linux-android21-clang -pedantic -std=c99 -I/app/external/lwjgl3/freetype-2.14.1/src/base -I/app/external/lwjgl3/freetype-2.14.1/objs -I./builds/unix -I/app/external/lwjgl3/freetype-2.14.1/include -c -Wall -g -O2 -fvisibility=hidden -pthread "-DFT_CONFIG_CONFIG_H=<ftconfig.h>" "-DFT_CONFIG_MODULES_H=<ftmodule.h>" "-DFT_CONFIG_OPTIONS_H=<ftoption.h>" -DFT2_BUILD_LIBRARY /app/external/lwjgl3/freetype-2.14.1/src/base/ftcid.c  -fPIC -DPIC -o /app/external/lwjgl3/freetype-2.14.1/objs/.libs/ftcid.o
libtool: compile:  aarch64-linux-android21-clang -pedantic -std=c99 -I/app/external/lwjgl3/freetype-2.14.1/src/base -I/app/external/lwjgl3/freetype-2.14.1/objs -I./builds/unix -I/app/external/lwjgl3/freetype-2.14.1/include -c -Wall -g -O2 -fvisibility=hidden -pthread "-DFT_CONFIG_CONFIG_H=<ftconfig.h>" "-DFT_CONFIG_MODULES_H=<ftmodule.h>" "-DFT_CONFIG_OPTIONS_H=<ftoption.h>" -DFT2_BUILD_LIBRARY /app/external/lwjgl3/freetype-2.14.1/src/base/ftfstype.c  -fPIC -DPIC -o /app/external/lwjgl3/freetype-2.14.1/objs/.libs/ftfstype.o
./builds/unix/libtool --mode=compile aarch64-linux-android21-clang -pedantic -std=c99 -I/app/external/lwjgl3/freetype-2.14.1/src/base -I/app/external/lwjgl3/freetype-2.14.1/objs -I./builds/unix -I/app/external/lwjgl3/freetype-2.14.1/include  -c -Wall -g -O2 -fvisibility=hidden -pthread -DFT_CONFIG_CONFIG_H="<ftconfig.h>" -DFT_CONFIG_MODULES_H="<ftmodule.h>" -DFT_CONFIG_OPTIONS_H="<ftoption.h>" -DFT2_BUILD_LIBRARY -o /app/external/lwjgl3/freetype-2.14.1/objs/ftgasp.lo /app/external/lwjgl3/freetype-2.14.1/src/base/ftgasp.c
./builds/unix/libtool --mode=compile aarch64-linux-android21-clang -pedantic -std=c99 -I/app/external/lwjgl3/freetype-2.14.1/src/base -I/app/external/lwjgl3/freetype-2.14.1/objs -I./builds/unix -I/app/external/lwjgl3/freetype-2.14.1/include  -c -Wall -g -O2 -fvisibility=hidden -pthread -DFT_CONFIG_CONFIG_H="<ftconfig.h>" -DFT_CONFIG_MODULES_H="<ftmodule.h>" -DFT_CONFIG_OPTIONS_H="<ftoption.h>" -DFT2_BUILD_LIBRARY -o /app/external/lwjgl3/freetype-2.14.1/objs/ftglyph.lo /app/external/lwjgl3/freetype-2.14.1/src/base/ftglyph.c
libtool: compile:  aarch64-linux-android21-clang -pedantic -std=c99 -I/app/external/lwjgl3/freetype-2.14.1/src/base -I/app/external/lwjgl3/freetype-2.14.1/objs -I./builds/unix -I/app/external/lwjgl3/freetype-2.14.1/include -c -Wall -g -O2 -fvisibility=hidden -pthread "-DFT_CONFIG_CONFIG_H=<ftconfig.h>" "-DFT_CONFIG_MODULES_H=<ftmodule.h>" "-DFT_CONFIG_OPTIONS_H=<ftoption.h>" -DFT2_BUILD_LIBRARY /app/external/lwjgl3/freetype-2.14.1/src/base/ftgasp.c  -fPIC -DPIC -o /app/external/lwjgl3/freetype-2.14.1/objs/.libs/ftgasp.o
libtool: compile:  aarch64-linux-android21-clang -pedantic -std=c99 -I/app/external/lwjgl3/freetype-2.14.1/src/base -I/app/external/lwjgl3/freetype-2.14.1/objs -I./builds/unix -I/app/external/lwjgl3/freetype-2.14.1/include -c -Wall -g -O2 -fvisibility=hidden -pthread "-DFT_CONFIG_CONFIG_H=<ftconfig.h>" "-DFT_CONFIG_MODULES_H=<ftmodule.h>" "-DFT_CONFIG_OPTIONS_H=<ftoption.h>" -DFT2_BUILD_LIBRARY /app/external/lwjgl3/freetype-2.14.1/src/base/ftglyph.c  -fPIC -DPIC -o /app/external/lwjgl3/freetype-2.14.1/objs/.libs/ftglyph.o
./builds/unix/libtool --mode=compile aarch64-linux-android21-clang -pedantic -std=c99 -I/app/external/lwjgl3/freetype-2.14.1/src/base -I/app/external/lwjgl3/freetype-2.14.1/objs -I./builds/unix -I/app/external/lwjgl3/freetype-2.14.1/include  -c -Wall -g -O2 -fvisibility=hidden -pthread -DFT_CONFIG_CONFIG_H="<ftconfig.h>" -DFT_CONFIG_MODULES_H="<ftmodule.h>" -DFT_CONFIG_OPTIONS_H="<ftoption.h>" -DFT2_BUILD_LIBRARY -o /app/external/lwjgl3/freetype-2.14.1/objs/ftgxval.lo /app/external/lwjgl3/freetype-2.14.1/src/base/ftgxval.c
./builds/unix/libtool --mode=compile aarch64-linux-android21-clang -pedantic -std=c99 -I/app/external/lwjgl3/freetype-2.14.1/src/base -I/app/external/lwjgl3/freetype-2.14.1/objs -I./builds/unix -I/app/external/lwjgl3/freetype-2.14.1/include  -c -Wall -g -O2 -fvisibility=hidden -pthread -DFT_CONFIG_CONFIG_H="<ftconfig.h>" -DFT_CONFIG_MODULES_H="<ftmodule.h>" -DFT_CONFIG_OPTIONS_H="<ftoption.h>" -DFT2_BUILD_LIBRARY -o /app/external/lwjgl3/freetype-2.14.1/objs/ftmm.lo /app/external/lwjgl3/freetype-2.14.1/src/base/ftmm.c
libtool: compile:  aarch64-linux-android21-clang -pedantic -std=c99 -I/app/external/lwjgl3/freetype-2.14.1/src/base -I/app/external/lwjgl3/freetype-2.14.1/objs -I./builds/unix -I/app/external/lwjgl3/freetype-2.14.1/include -c -Wall -g -O2 -fvisibility=hidden -pthread "-DFT_CONFIG_CONFIG_H=<ftconfig.h>" "-DFT_CONFIG_MODULES_H=<ftmodule.h>" "-DFT_CONFIG_OPTIONS_H=<ftoption.h>" -DFT2_BUILD_LIBRARY /app/external/lwjgl3/freetype-2.14.1/src/base/ftgxval.c  -fPIC -DPIC -o /app/external/lwjgl3/freetype-2.14.1/objs/.libs/ftgxval.o
./builds/unix/libtool --mode=compile aarch64-linux-android21-clang -pedantic -std=c99 -I/app/external/lwjgl3/freetype-2.14.1/src/base -I/app/external/lwjgl3/freetype-2.14.1/objs -I./builds/unix -I/app/external/lwjgl3/freetype-2.14.1/include  -c -Wall -g -O2 -fvisibility=hidden -pthread -DFT_CONFIG_CONFIG_H="<ftconfig.h>" -DFT_CONFIG_MODULES_H="<ftmodule.h>" -DFT_CONFIG_OPTIONS_H="<ftoption.h>" -DFT2_BUILD_LIBRARY -o /app/external/lwjgl3/freetype-2.14.1/objs/ftotval.lo /app/external/lwjgl3/freetype-2.14.1/src/base/ftotval.c
libtool: compile:  aarch64-linux-android21-clang -pedantic -std=c99 -I/app/external/lwjgl3/freetype-2.14.1/src/base -I/app/external/lwjgl3/freetype-2.14.1/objs -I./builds/unix -I/app/external/lwjgl3/freetype-2.14.1/include -c -Wall -g -O2 -fvisibility=hidden -pthread "-DFT_CONFIG_CONFIG_H=<ftconfig.h>" "-DFT_CONFIG_MODULES_H=<ftmodule.h>" "-DFT_CONFIG_OPTIONS_H=<ftoption.h>" -DFT2_BUILD_LIBRARY /app/external/lwjgl3/freetype-2.14.1/src/base/ftmm.c  -fPIC -DPIC -o /app/external/lwjgl3/freetype-2.14.1/objs/.libs/ftmm.o
./builds/unix/libtool --mode=compile aarch64-linux-android21-clang -pedantic -std=c99 -I/app/external/lwjgl3/freetype-2.14.1/src/base -I/app/external/lwjgl3/freetype-2.14.1/objs -I./builds/unix -I/app/external/lwjgl3/freetype-2.14.1/include  -c -Wall -g -O2 -fvisibility=hidden -pthread -DFT_CONFIG_CONFIG_H="<ftconfig.h>" -DFT_CONFIG_MODULES_H="<ftmodule.h>" -DFT_CONFIG_OPTIONS_H="<ftoption.h>" -DFT2_BUILD_LIBRARY -o /app/external/lwjgl3/freetype-2.14.1/objs/ftpatent.lo /app/external/lwjgl3/freetype-2.14.1/src/base/ftpatent.c
libtool: compile:  aarch64-linux-android21-clang -pedantic -std=c99 -I/app/external/lwjgl3/freetype-2.14.1/src/base -I/app/external/lwjgl3/freetype-2.14.1/objs -I./builds/unix -I/app/external/lwjgl3/freetype-2.14.1/include -c -Wall -g -O2 -fvisibility=hidden -pthread "-DFT_CONFIG_CONFIG_H=<ftconfig.h>" "-DFT_CONFIG_MODULES_H=<ftmodule.h>" "-DFT_CONFIG_OPTIONS_H=<ftoption.h>" -DFT2_BUILD_LIBRARY /app/external/lwjgl3/freetype-2.14.1/src/base/ftpatent.c  -fPIC -DPIC -o /app/external/lwjgl3/freetype-2.14.1/objs/.libs/ftpatent.o
libtool: compile:  aarch64-linux-android21-clang -pedantic -std=c99 -I/app/external/lwjgl3/freetype-2.14.1/src/base -I/app/external/lwjgl3/freetype-2.14.1/objs -I./builds/unix -I/app/external/lwjgl3/freetype-2.14.1/include -c -Wall -g -O2 -fvisibility=hidden -pthread "-DFT_CONFIG_CONFIG_H=<ftconfig.h>" "-DFT_CONFIG_MODULES_H=<ftmodule.h>" "-DFT_CONFIG_OPTIONS_H=<ftoption.h>" -DFT2_BUILD_LIBRARY /app/external/lwjgl3/freetype-2.14.1/src/base/ftotval.c  -fPIC -DPIC -o /app/external/lwjgl3/freetype-2.14.1/objs/.libs/ftotval.o
./builds/unix/libtool --mode=compile aarch64-linux-android21-clang -pedantic -std=c99 -I/app/external/lwjgl3/freetype-2.14.1/src/base -I/app/external/lwjgl3/freetype-2.14.1/objs -I./builds/unix -I/app/external/lwjgl3/freetype-2.14.1/include  -c -Wall -g -O2 -fvisibility=hidden -pthread -DFT_CONFIG_CONFIG_H="<ftconfig.h>" -DFT_CONFIG_MODULES_H="<ftmodule.h>" -DFT_CONFIG_OPTIONS_H="<ftoption.h>" -DFT2_BUILD_LIBRARY -o /app/external/lwjgl3/freetype-2.14.1/objs/ftpfr.lo /app/external/lwjgl3/freetype-2.14.1/src/base/ftpfr.c
./builds/unix/libtool --mode=compile aarch64-linux-android21-clang -pedantic -std=c99 -I/app/external/lwjgl3/freetype-2.14.1/src/base -I/app/external/lwjgl3/freetype-2.14.1/objs -I./builds/unix -I/app/external/lwjgl3/freetype-2.14.1/include  -c -Wall -g -O2 -fvisibility=hidden -pthread -DFT_CONFIG_CONFIG_H="<ftconfig.h>" -DFT_CONFIG_MODULES_H="<ftmodule.h>" -DFT_CONFIG_OPTIONS_H="<ftoption.h>" -DFT2_BUILD_LIBRARY -o /app/external/lwjgl3/freetype-2.14.1/objs/ftstroke.lo /app/external/lwjgl3/freetype-2.14.1/src/base/ftstroke.c
./builds/unix/libtool --mode=compile aarch64-linux-android21-clang -pedantic -std=c99 -I/app/external/lwjgl3/freetype-2.14.1/src/base -I/app/external/lwjgl3/freetype-2.14.1/objs -I./builds/unix -I/app/external/lwjgl3/freetype-2.14.1/include  -c -Wall -g -O2 -fvisibility=hidden -pthread -DFT_CONFIG_CONFIG_H="<ftconfig.h>" -DFT_CONFIG_MODULES_H="<ftmodule.h>" -DFT_CONFIG_OPTIONS_H="<ftoption.h>" -DFT2_BUILD_LIBRARY -o /app/external/lwjgl3/freetype-2.14.1/objs/ftsynth.lo /app/external/lwjgl3/freetype-2.14.1/src/base/ftsynth.c
libtool: compile:  aarch64-linux-android21-clang -pedantic -std=c99 -I/app/external/lwjgl3/freetype-2.14.1/src/base -I/app/external/lwjgl3/freetype-2.14.1/objs -I./builds/unix -I/app/external/lwjgl3/freetype-2.14.1/include -c -Wall -g -O2 -fvisibility=hidden -pthread "-DFT_CONFIG_CONFIG_H=<ftconfig.h>" "-DFT_CONFIG_MODULES_H=<ftmodule.h>" "-DFT_CONFIG_OPTIONS_H=<ftoption.h>" -DFT2_BUILD_LIBRARY /app/external/lwjgl3/freetype-2.14.1/src/base/ftpfr.c  -fPIC -DPIC -o /app/external/lwjgl3/freetype-2.14.1/objs/.libs/ftpfr.o
libtool: compile:  aarch64-linux-android21-clang -pedantic -std=c99 -I/app/external/lwjgl3/freetype-2.14.1/src/base -I/app/external/lwjgl3/freetype-2.14.1/objs -I./builds/unix -I/app/external/lwjgl3/freetype-2.14.1/include -c -Wall -g -O2 -fvisibility=hidden -pthread "-DFT_CONFIG_CONFIG_H=<ftconfig.h>" "-DFT_CONFIG_MODULES_H=<ftmodule.h>" "-DFT_CONFIG_OPTIONS_H=<ftoption.h>" -DFT2_BUILD_LIBRARY /app/external/lwjgl3/freetype-2.14.1/src/base/ftstroke.c  -fPIC -DPIC -o /app/external/lwjgl3/freetype-2.14.1/objs/.libs/ftstroke.o
libtool: compile:  aarch64-linux-android21-clang -pedantic -std=c99 -I/app/external/lwjgl3/freetype-2.14.1/src/base -I/app/external/lwjgl3/freetype-2.14.1/objs -I./builds/unix -I/app/external/lwjgl3/freetype-2.14.1/include -c -Wall -g -O2 -fvisibility=hidden -pthread "-DFT_CONFIG_CONFIG_H=<ftconfig.h>" "-DFT_CONFIG_MODULES_H=<ftmodule.h>" "-DFT_CONFIG_OPTIONS_H=<ftoption.h>" -DFT2_BUILD_LIBRARY /app/external/lwjgl3/freetype-2.14.1/src/base/ftsynth.c  -fPIC -DPIC -o /app/external/lwjgl3/freetype-2.14.1/objs/.libs/ftsynth.o
./builds/unix/libtool --mode=compile aarch64-linux-android21-clang -pedantic -std=c99 -I/app/external/lwjgl3/freetype-2.14.1/src/base -I/app/external/lwjgl3/freetype-2.14.1/objs -I./builds/unix -I/app/external/lwjgl3/freetype-2.14.1/include  -c -Wall -g -O2 -fvisibility=hidden -pthread -DFT_CONFIG_CONFIG_H="<ftconfig.h>" -DFT_CONFIG_MODULES_H="<ftmodule.h>" -DFT_CONFIG_OPTIONS_H="<ftoption.h>" -DFT2_BUILD_LIBRARY -o /app/external/lwjgl3/freetype-2.14.1/objs/fttype1.lo /app/external/lwjgl3/freetype-2.14.1/src/base/fttype1.c
libtool: compile:  aarch64-linux-android21-clang -pedantic -std=c99 -I/app/external/lwjgl3/freetype-2.14.1/src/base -I/app/external/lwjgl3/freetype-2.14.1/objs -I./builds/unix -I/app/external/lwjgl3/freetype-2.14.1/include -c -Wall -g -O2 -fvisibility=hidden -pthread "-DFT_CONFIG_CONFIG_H=<ftconfig.h>" "-DFT_CONFIG_MODULES_H=<ftmodule.h>" "-DFT_CONFIG_OPTIONS_H=<ftoption.h>" -DFT2_BUILD_LIBRARY /app/external/lwjgl3/freetype-2.14.1/src/base/fttype1.c  -fPIC -DPIC -o /app/external/lwjgl3/freetype-2.14.1/objs/.libs/fttype1.o
./builds/unix/libtool --mode=compile aarch64-linux-android21-clang -pedantic -std=c99 -I/app/external/lwjgl3/freetype-2.14.1/src/base -I/app/external/lwjgl3/freetype-2.14.1/objs -I./builds/unix -I/app/external/lwjgl3/freetype-2.14.1/include  -c -Wall -g -O2 -fvisibility=hidden -pthread -DFT_CONFIG_CONFIG_H="<ftconfig.h>" -DFT_CONFIG_MODULES_H="<ftmodule.h>" -DFT_CONFIG_OPTIONS_H="<ftoption.h>" -DFT2_BUILD_LIBRARY -o /app/external/lwjgl3/freetype-2.14.1/objs/ftwinfnt.lo /app/external/lwjgl3/freetype-2.14.1/src/base/ftwinfnt.c
libtool: compile:  aarch64-linux-android21-clang -pedantic -std=c99 -I/app/external/lwjgl3/freetype-2.14.1/src/base -I/app/external/lwjgl3/freetype-2.14.1/objs -I./builds/unix -I/app/external/lwjgl3/freetype-2.14.1/include -c -Wall -g -O2 -fvisibility=hidden -pthread "-DFT_CONFIG_CONFIG_H=<ftconfig.h>" "-DFT_CONFIG_MODULES_H=<ftmodule.h>" "-DFT_CONFIG_OPTIONS_H=<ftoption.h>" -DFT2_BUILD_LIBRARY /app/external/lwjgl3/freetype-2.14.1/src/base/ftwinfnt.c  -fPIC -DPIC -o /app/external/lwjgl3/freetype-2.14.1/objs/.libs/ftwinfnt.o
./builds/unix/libtool --mode=compile aarch64-linux-android21-clang -pedantic -std=c99 -I/app/external/lwjgl3/freetype-2.14.1/src/truetype -I/app/external/lwjgl3/freetype-2.14.1/objs -I./builds/unix -I/app/external/lwjgl3/freetype-2.14.1/include  -c -Wall -g -O2 -fvisibility=hidden -pthread -DFT_CONFIG_CONFIG_H="<ftconfig.h>" -DFT_CONFIG_MODULES_H="<ftmodule.h>" -DFT_CONFIG_OPTIONS_H="<ftoption.h>" -DFT2_BUILD_LIBRARY -o /app/external/lwjgl3/freetype-2.14.1/objs/truetype.lo /app/external/lwjgl3/freetype-2.14.1/src/truetype/truetype.c
./builds/unix/libtool --mode=compile aarch64-linux-android21-clang -pedantic -std=c99 -I/app/external/lwjgl3/freetype-2.14.1/src/type1 -I/app/external/lwjgl3/freetype-2.14.1/objs -I./builds/unix -I/app/external/lwjgl3/freetype-2.14.1/include  -c -Wall -g -O2 -fvisibility=hidden -pthread -DFT_CONFIG_CONFIG_H="<ftconfig.h>" -DFT_CONFIG_MODULES_H="<ftmodule.h>" -DFT_CONFIG_OPTIONS_H="<ftoption.h>" -DFT2_BUILD_LIBRARY -o /app/external/lwjgl3/freetype-2.14.1/objs/type1.lo /app/external/lwjgl3/freetype-2.14.1/src/type1/type1.c
libtool: compile:  aarch64-linux-android21-clang -pedantic -std=c99 -I/app/external/lwjgl3/freetype-2.14.1/src/truetype -I/app/external/lwjgl3/freetype-2.14.1/objs -I./builds/unix -I/app/external/lwjgl3/freetype-2.14.1/include -c -Wall -g -O2 -fvisibility=hidden -pthread "-DFT_CONFIG_CONFIG_H=<ftconfig.h>" "-DFT_CONFIG_MODULES_H=<ftmodule.h>" "-DFT_CONFIG_OPTIONS_H=<ftoption.h>" -DFT2_BUILD_LIBRARY /app/external/lwjgl3/freetype-2.14.1/src/truetype/truetype.c  -fPIC -DPIC -o /app/external/lwjgl3/freetype-2.14.1/objs/.libs/truetype.o
libtool: compile:  aarch64-linux-android21-clang -pedantic -std=c99 -I/app/external/lwjgl3/freetype-2.14.1/src/type1 -I/app/external/lwjgl3/freetype-2.14.1/objs -I./builds/unix -I/app/external/lwjgl3/freetype-2.14.1/include -c -Wall -g -O2 -fvisibility=hidden -pthread "-DFT_CONFIG_CONFIG_H=<ftconfig.h>" "-DFT_CONFIG_MODULES_H=<ftmodule.h>" "-DFT_CONFIG_OPTIONS_H=<ftoption.h>" -DFT2_BUILD_LIBRARY /app/external/lwjgl3/freetype-2.14.1/src/type1/type1.c  -fPIC -DPIC -o /app/external/lwjgl3/freetype-2.14.1/objs/.libs/type1.o
./builds/unix/libtool --mode=compile aarch64-linux-android21-clang -pedantic -std=c99 -I/app/external/lwjgl3/freetype-2.14.1/src/cff -I/app/external/lwjgl3/freetype-2.14.1/objs -I./builds/unix -I/app/external/lwjgl3/freetype-2.14.1/include  -c -Wall -g -O2 -fvisibility=hidden -pthread -DFT_CONFIG_CONFIG_H="<ftconfig.h>" -DFT_CONFIG_MODULES_H="<ftmodule.h>" -DFT_CONFIG_OPTIONS_H="<ftoption.h>" -DFT2_BUILD_LIBRARY -o /app/external/lwjgl3/freetype-2.14.1/objs/cff.lo /app/external/lwjgl3/freetype-2.14.1/src/cff/cff.c
libtool: compile:  aarch64-linux-android21-clang -pedantic -std=c99 -I/app/external/lwjgl3/freetype-2.14.1/src/cff -I/app/external/lwjgl3/freetype-2.14.1/objs -I./builds/unix -I/app/external/lwjgl3/freetype-2.14.1/include -c -Wall -g -O2 -fvisibility=hidden -pthread "-DFT_CONFIG_CONFIG_H=<ftconfig.h>" "-DFT_CONFIG_MODULES_H=<ftmodule.h>" "-DFT_CONFIG_OPTIONS_H=<ftoption.h>" -DFT2_BUILD_LIBRARY /app/external/lwjgl3/freetype-2.14.1/src/cff/cff.c  -fPIC -DPIC -o /app/external/lwjgl3/freetype-2.14.1/objs/.libs/cff.o
./builds/unix/libtool --mode=compile aarch64-linux-android21-clang -pedantic -std=c99 -I/app/external/lwjgl3/freetype-2.14.1/src/cid -I/app/external/lwjgl3/freetype-2.14.1/objs -I./builds/unix -I/app/external/lwjgl3/freetype-2.14.1/include  -c -Wall -g -O2 -fvisibility=hidden -pthread -DFT_CONFIG_CONFIG_H="<ftconfig.h>" -DFT_CONFIG_MODULES_H="<ftmodule.h>" -DFT_CONFIG_OPTIONS_H="<ftoption.h>" -DFT2_BUILD_LIBRARY -o /app/external/lwjgl3/freetype-2.14.1/objs/type1cid.lo /app/external/lwjgl3/freetype-2.14.1/src/cid/type1cid.c
libtool: compile:  aarch64-linux-android21-clang -pedantic -std=c99 -I/app/external/lwjgl3/freetype-2.14.1/src/cid -I/app/external/lwjgl3/freetype-2.14.1/objs -I./builds/unix -I/app/external/lwjgl3/freetype-2.14.1/include -c -Wall -g -O2 -fvisibility=hidden -pthread "-DFT_CONFIG_CONFIG_H=<ftconfig.h>" "-DFT_CONFIG_MODULES_H=<ftmodule.h>" "-DFT_CONFIG_OPTIONS_H=<ftoption.h>" -DFT2_BUILD_LIBRARY /app/external/lwjgl3/freetype-2.14.1/src/cid/type1cid.c  -fPIC -DPIC -o /app/external/lwjgl3/freetype-2.14.1/objs/.libs/type1cid.o
./builds/unix/libtool --mode=compile aarch64-linux-android21-clang -pedantic -std=c99 -I/app/external/lwjgl3/freetype-2.14.1/src/pfr -I/app/external/lwjgl3/freetype-2.14.1/objs -I./builds/unix -I/app/external/lwjgl3/freetype-2.14.1/include  -c -Wall -g -O2 -fvisibility=hidden -pthread -DFT_CONFIG_CONFIG_H="<ftconfig.h>" -DFT_CONFIG_MODULES_H="<ftmodule.h>" -DFT_CONFIG_OPTIONS_H="<ftoption.h>" -DFT2_BUILD_LIBRARY -o /app/external/lwjgl3/freetype-2.14.1/objs/pfr.lo /app/external/lwjgl3/freetype-2.14.1/src/pfr/pfr.c
libtool: compile:  aarch64-linux-android21-clang -pedantic -std=c99 -I/app/external/lwjgl3/freetype-2.14.1/src/pfr -I/app/external/lwjgl3/freetype-2.14.1/objs -I./builds/unix -I/app/external/lwjgl3/freetype-2.14.1/include -c -Wall -g -O2 -fvisibility=hidden -pthread "-DFT_CONFIG_CONFIG_H=<ftconfig.h>" "-DFT_CONFIG_MODULES_H=<ftmodule.h>" "-DFT_CONFIG_OPTIONS_H=<ftoption.h>" -DFT2_BUILD_LIBRARY /app/external/lwjgl3/freetype-2.14.1/src/pfr/pfr.c  -fPIC -DPIC -o /app/external/lwjgl3/freetype-2.14.1/objs/.libs/pfr.o
./builds/unix/libtool --mode=compile aarch64-linux-android21-clang -pedantic -std=c99 -I/app/external/lwjgl3/freetype-2.14.1/src/type42 -I/app/external/lwjgl3/freetype-2.14.1/objs -I./builds/unix -I/app/external/lwjgl3/freetype-2.14.1/include  -c -Wall -g -O2 -fvisibility=hidden -pthread -DFT_CONFIG_CONFIG_H="<ftconfig.h>" -DFT_CONFIG_MODULES_H="<ftmodule.h>" -DFT_CONFIG_OPTIONS_H="<ftoption.h>" -DFT2_BUILD_LIBRARY -o /app/external/lwjgl3/freetype-2.14.1/objs/type42.lo /app/external/lwjgl3/freetype-2.14.1/src/type42/type42.c
./builds/unix/libtool --mode=compile aarch64-linux-android21-clang -pedantic -std=c99 -I/app/external/lwjgl3/freetype-2.14.1/src/winfonts -I/app/external/lwjgl3/freetype-2.14.1/objs -I./builds/unix -I/app/external/lwjgl3/freetype-2.14.1/include  -c -Wall -g -O2 -fvisibility=hidden -pthread -DFT_CONFIG_CONFIG_H="<ftconfig.h>" -DFT_CONFIG_MODULES_H="<ftmodule.h>" -DFT_CONFIG_OPTIONS_H="<ftoption.h>" -DFT2_BUILD_LIBRARY -o /app/external/lwjgl3/freetype-2.14.1/objs/winfnt.lo /app/external/lwjgl3/freetype-2.14.1/src/winfonts/winfnt.c
libtool: compile:  aarch64-linux-android21-clang -pedantic -std=c99 -I/app/external/lwjgl3/freetype-2.14.1/src/winfonts -I/app/external/lwjgl3/freetype-2.14.1/objs -I./builds/unix -I/app/external/lwjgl3/freetype-2.14.1/include -c -Wall -g -O2 -fvisibility=hidden -pthread "-DFT_CONFIG_CONFIG_H=<ftconfig.h>" "-DFT_CONFIG_MODULES_H=<ftmodule.h>" "-DFT_CONFIG_OPTIONS_H=<ftoption.h>" -DFT2_BUILD_LIBRARY /app/external/lwjgl3/freetype-2.14.1/src/winfonts/winfnt.c  -fPIC -DPIC -o /app/external/lwjgl3/freetype-2.14.1/objs/.libs/winfnt.o
libtool: compile:  aarch64-linux-android21-clang -pedantic -std=c99 -I/app/external/lwjgl3/freetype-2.14.1/src/type42 -I/app/external/lwjgl3/freetype-2.14.1/objs -I./builds/unix -I/app/external/lwjgl3/freetype-2.14.1/include -c -Wall -g -O2 -fvisibility=hidden -pthread "-DFT_CONFIG_CONFIG_H=<ftconfig.h>" "-DFT_CONFIG_MODULES_H=<ftmodule.h>" "-DFT_CONFIG_OPTIONS_H=<ftoption.h>" -DFT2_BUILD_LIBRARY /app/external/lwjgl3/freetype-2.14.1/src/type42/type42.c  -fPIC -DPIC -o /app/external/lwjgl3/freetype-2.14.1/objs/.libs/type42.o
./builds/unix/libtool --mode=compile aarch64-linux-android21-clang -pedantic -std=c99 -I/app/external/lwjgl3/freetype-2.14.1/src/pcf -I/app/external/lwjgl3/freetype-2.14.1/objs -I./builds/unix -I/app/external/lwjgl3/freetype-2.14.1/include  -c -Wall -g -O2 -fvisibility=hidden -pthread -DFT_CONFIG_CONFIG_H="<ftconfig.h>" -DFT_CONFIG_MODULES_H="<ftmodule.h>" -DFT_CONFIG_OPTIONS_H="<ftoption.h>" -DFT2_BUILD_LIBRARY -o /app/external/lwjgl3/freetype-2.14.1/objs/pcf.lo /app/external/lwjgl3/freetype-2.14.1/src/pcf/pcf.c
libtool: compile:  aarch64-linux-android21-clang -pedantic -std=c99 -I/app/external/lwjgl3/freetype-2.14.1/src/pcf -I/app/external/lwjgl3/freetype-2.14.1/objs -I./builds/unix -I/app/external/lwjgl3/freetype-2.14.1/include -c -Wall -g -O2 -fvisibility=hidden -pthread "-DFT_CONFIG_CONFIG_H=<ftconfig.h>" "-DFT_CONFIG_MODULES_H=<ftmodule.h>" "-DFT_CONFIG_OPTIONS_H=<ftoption.h>" -DFT2_BUILD_LIBRARY /app/external/lwjgl3/freetype-2.14.1/src/pcf/pcf.c  -fPIC -DPIC -o /app/external/lwjgl3/freetype-2.14.1/objs/.libs/pcf.o
./builds/unix/libtool --mode=compile aarch64-linux-android21-clang -pedantic -std=c99 -I/app/external/lwjgl3/freetype-2.14.1/src/bdf -I/app/external/lwjgl3/freetype-2.14.1/objs -I./builds/unix -I/app/external/lwjgl3/freetype-2.14.1/include  -c -Wall -g -O2 -fvisibility=hidden -pthread -DFT_CONFIG_CONFIG_H="<ftconfig.h>" -DFT_CONFIG_MODULES_H="<ftmodule.h>" -DFT_CONFIG_OPTIONS_H="<ftoption.h>" -DFT2_BUILD_LIBRARY -o /app/external/lwjgl3/freetype-2.14.1/objs/bdf.lo /app/external/lwjgl3/freetype-2.14.1/src/bdf/bdf.c
libtool: compile:  aarch64-linux-android21-clang -pedantic -std=c99 -I/app/external/lwjgl3/freetype-2.14.1/src/bdf -I/app/external/lwjgl3/freetype-2.14.1/objs -I./builds/unix -I/app/external/lwjgl3/freetype-2.14.1/include -c -Wall -g -O2 -fvisibility=hidden -pthread "-DFT_CONFIG_CONFIG_H=<ftconfig.h>" "-DFT_CONFIG_MODULES_H=<ftmodule.h>" "-DFT_CONFIG_OPTIONS_H=<ftoption.h>" -DFT2_BUILD_LIBRARY /app/external/lwjgl3/freetype-2.14.1/src/bdf/bdf.c  -fPIC -DPIC -o /app/external/lwjgl3/freetype-2.14.1/objs/.libs/bdf.o
./builds/unix/libtool --mode=compile aarch64-linux-android21-clang -pedantic -std=c99 -I/app/external/lwjgl3/freetype-2.14.1/src/sfnt -I/app/external/lwjgl3/freetype-2.14.1/objs -I./builds/unix -I/app/external/lwjgl3/freetype-2.14.1/include  -c -Wall -g -O2 -fvisibility=hidden -pthread -DFT_CONFIG_CONFIG_H="<ftconfig.h>" -DFT_CONFIG_MODULES_H="<ftmodule.h>" -DFT_CONFIG_OPTIONS_H="<ftoption.h>" -DFT2_BUILD_LIBRARY -o /app/external/lwjgl3/freetype-2.14.1/objs/sfnt.lo /app/external/lwjgl3/freetype-2.14.1/src/sfnt/sfnt.c
libtool: compile:  aarch64-linux-android21-clang -pedantic -std=c99 -I/app/external/lwjgl3/freetype-2.14.1/src/sfnt -I/app/external/lwjgl3/freetype-2.14.1/objs -I./builds/unix -I/app/external/lwjgl3/freetype-2.14.1/include -c -Wall -g -O2 -fvisibility=hidden -pthread "-DFT_CONFIG_CONFIG_H=<ftconfig.h>" "-DFT_CONFIG_MODULES_H=<ftmodule.h>" "-DFT_CONFIG_OPTIONS_H=<ftoption.h>" -DFT2_BUILD_LIBRARY /app/external/lwjgl3/freetype-2.14.1/src/sfnt/sfnt.c  -fPIC -DPIC -o /app/external/lwjgl3/freetype-2.14.1/objs/.libs/sfnt.o
./builds/unix/libtool --mode=compile aarch64-linux-android21-clang -pedantic -std=c99 -I/app/external/lwjgl3/freetype-2.14.1/src/autofit -I/app/external/lwjgl3/freetype-2.14.1/objs -I./builds/unix -I/app/external/lwjgl3/freetype-2.14.1/include  -c -Wall -g -O2 -fvisibility=hidden -pthread -DFT_CONFIG_CONFIG_H="<ftconfig.h>" -DFT_CONFIG_MODULES_H="<ftmodule.h>" -DFT_CONFIG_OPTIONS_H="<ftoption.h>" -DFT2_BUILD_LIBRARY -o /app/external/lwjgl3/freetype-2.14.1/objs/autofit.lo /app/external/lwjgl3/freetype-2.14.1/src/autofit/autofit.c
libtool: compile:  aarch64-linux-android21-clang -pedantic -std=c99 -I/app/external/lwjgl3/freetype-2.14.1/src/autofit -I/app/external/lwjgl3/freetype-2.14.1/objs -I./builds/unix -I/app/external/lwjgl3/freetype-2.14.1/include -c -Wall -g -O2 -fvisibility=hidden -pthread "-DFT_CONFIG_CONFIG_H=<ftconfig.h>" "-DFT_CONFIG_MODULES_H=<ftmodule.h>" "-DFT_CONFIG_OPTIONS_H=<ftoption.h>" -DFT2_BUILD_LIBRARY /app/external/lwjgl3/freetype-2.14.1/src/autofit/autofit.c  -fPIC -DPIC -o /app/external/lwjgl3/freetype-2.14.1/objs/.libs/autofit.o
./builds/unix/libtool --mode=compile aarch64-linux-android21-clang -pedantic -std=c99 -I/app/external/lwjgl3/freetype-2.14.1/src/pshinter -I/app/external/lwjgl3/freetype-2.14.1/objs -I./builds/unix -I/app/external/lwjgl3/freetype-2.14.1/include  -c -Wall -g -O2 -fvisibility=hidden -pthread -DFT_CONFIG_CONFIG_H="<ftconfig.h>" -DFT_CONFIG_MODULES_H="<ftmodule.h>" -DFT_CONFIG_OPTIONS_H="<ftoption.h>" -DFT2_BUILD_LIBRARY -o /app/external/lwjgl3/freetype-2.14.1/objs/pshinter.lo /app/external/lwjgl3/freetype-2.14.1/src/pshinter/pshinter.c
libtool: compile:  aarch64-linux-android21-clang -pedantic -std=c99 -I/app/external/lwjgl3/freetype-2.14.1/src/pshinter -I/app/external/lwjgl3/freetype-2.14.1/objs -I./builds/unix -I/app/external/lwjgl3/freetype-2.14.1/include -c -Wall -g -O2 -fvisibility=hidden -pthread "-DFT_CONFIG_CONFIG_H=<ftconfig.h>" "-DFT_CONFIG_MODULES_H=<ftmodule.h>" "-DFT_CONFIG_OPTIONS_H=<ftoption.h>" -DFT2_BUILD_LIBRARY /app/external/lwjgl3/freetype-2.14.1/src/pshinter/pshinter.c  -fPIC -DPIC -o /app/external/lwjgl3/freetype-2.14.1/objs/.libs/pshinter.o
./builds/unix/libtool --mode=compile aarch64-linux-android21-clang -pedantic -std=c99 -I/app/external/lwjgl3/freetype-2.14.1/src/smooth -I/app/external/lwjgl3/freetype-2.14.1/objs -I./builds/unix -I/app/external/lwjgl3/freetype-2.14.1/include  -c -Wall -g -O2 -fvisibility=hidden -pthread -DFT_CONFIG_CONFIG_H="<ftconfig.h>" -DFT_CONFIG_MODULES_H="<ftmodule.h>" -DFT_CONFIG_OPTIONS_H="<ftoption.h>" -DFT2_BUILD_LIBRARY -o /app/external/lwjgl3/freetype-2.14.1/objs/smooth.lo /app/external/lwjgl3/freetype-2.14.1/src/smooth/smooth.c
libtool: compile:  aarch64-linux-android21-clang -pedantic -std=c99 -I/app/external/lwjgl3/freetype-2.14.1/src/smooth -I/app/external/lwjgl3/freetype-2.14.1/objs -I./builds/unix -I/app/external/lwjgl3/freetype-2.14.1/include -c -Wall -g -O2 -fvisibility=hidden -pthread "-DFT_CONFIG_CONFIG_H=<ftconfig.h>" "-DFT_CONFIG_MODULES_H=<ftmodule.h>" "-DFT_CONFIG_OPTIONS_H=<ftoption.h>" -DFT2_BUILD_LIBRARY /app/external/lwjgl3/freetype-2.14.1/src/smooth/smooth.c  -fPIC -DPIC -o /app/external/lwjgl3/freetype-2.14.1/objs/.libs/smooth.o
./builds/unix/libtool --mode=compile aarch64-linux-android21-clang -pedantic -std=c99 -I/app/external/lwjgl3/freetype-2.14.1/src/raster -I/app/external/lwjgl3/freetype-2.14.1/objs -I./builds/unix -I/app/external/lwjgl3/freetype-2.14.1/include  -c -Wall -g -O2 -fvisibility=hidden -pthread -DFT_CONFIG_CONFIG_H="<ftconfig.h>" -DFT_CONFIG_MODULES_H="<ftmodule.h>" -DFT_CONFIG_OPTIONS_H="<ftoption.h>" -DFT2_BUILD_LIBRARY -o /app/external/lwjgl3/freetype-2.14.1/objs/raster.lo /app/external/lwjgl3/freetype-2.14.1/src/raster/raster.c
libtool: compile:  aarch64-linux-android21-clang -pedantic -std=c99 -I/app/external/lwjgl3/freetype-2.14.1/src/raster -I/app/external/lwjgl3/freetype-2.14.1/objs -I./builds/unix -I/app/external/lwjgl3/freetype-2.14.1/include -c -Wall -g -O2 -fvisibility=hidden -pthread "-DFT_CONFIG_CONFIG_H=<ftconfig.h>" "-DFT_CONFIG_MODULES_H=<ftmodule.h>" "-DFT_CONFIG_OPTIONS_H=<ftoption.h>" -DFT2_BUILD_LIBRARY /app/external/lwjgl3/freetype-2.14.1/src/raster/raster.c  -fPIC -DPIC -o /app/external/lwjgl3/freetype-2.14.1/objs/.libs/raster.o
./builds/unix/libtool --mode=compile aarch64-linux-android21-clang -pedantic -std=c99 -I/app/external/lwjgl3/freetype-2.14.1/src/svg -I/app/external/lwjgl3/freetype-2.14.1/objs -I./builds/unix -I/app/external/lwjgl3/freetype-2.14.1/include  -c -Wall -g -O2 -fvisibility=hidden -pthread -DFT_CONFIG_CONFIG_H="<ftconfig.h>" -DFT_CONFIG_MODULES_H="<ftmodule.h>" -DFT_CONFIG_OPTIONS_H="<ftoption.h>" -DFT2_BUILD_LIBRARY -o /app/external/lwjgl3/freetype-2.14.1/objs/svg.lo /app/external/lwjgl3/freetype-2.14.1/src/svg/svg.c
libtool: compile:  aarch64-linux-android21-clang -pedantic -std=c99 -I/app/external/lwjgl3/freetype-2.14.1/src/svg -I/app/external/lwjgl3/freetype-2.14.1/objs -I./builds/unix -I/app/external/lwjgl3/freetype-2.14.1/include -c -Wall -g -O2 -fvisibility=hidden -pthread "-DFT_CONFIG_CONFIG_H=<ftconfig.h>" "-DFT_CONFIG_MODULES_H=<ftmodule.h>" "-DFT_CONFIG_OPTIONS_H=<ftoption.h>" -DFT2_BUILD_LIBRARY /app/external/lwjgl3/freetype-2.14.1/src/svg/svg.c  -fPIC -DPIC -o /app/external/lwjgl3/freetype-2.14.1/objs/.libs/svg.o
./builds/unix/libtool --mode=compile aarch64-linux-android21-clang -pedantic -std=c99 -I/app/external/lwjgl3/freetype-2.14.1/src/sdf -I/app/external/lwjgl3/freetype-2.14.1/objs -I./builds/unix -I/app/external/lwjgl3/freetype-2.14.1/include  -c -Wall -g -O2 -fvisibility=hidden -pthread -DFT_CONFIG_CONFIG_H="<ftconfig.h>" -DFT_CONFIG_MODULES_H="<ftmodule.h>" -DFT_CONFIG_OPTIONS_H="<ftoption.h>" -DFT2_BUILD_LIBRARY -o /app/external/lwjgl3/freetype-2.14.1/objs/sdf.lo /app/external/lwjgl3/freetype-2.14.1/src/sdf/sdf.c
./builds/unix/libtool --mode=compile aarch64-linux-android21-clang -pedantic -std=c99 -I/app/external/lwjgl3/freetype-2.14.1/src/cache -I/app/external/lwjgl3/freetype-2.14.1/objs -I./builds/unix -I/app/external/lwjgl3/freetype-2.14.1/include  -c -Wall -g -O2 -fvisibility=hidden -pthread -DFT_CONFIG_CONFIG_H="<ftconfig.h>" -DFT_CONFIG_MODULES_H="<ftmodule.h>" -DFT_CONFIG_OPTIONS_H="<ftoption.h>" -DFT2_BUILD_LIBRARY -o /app/external/lwjgl3/freetype-2.14.1/objs/ftcache.lo /app/external/lwjgl3/freetype-2.14.1/src/cache/ftcache.c
libtool: compile:  aarch64-linux-android21-clang -pedantic -std=c99 -I/app/external/lwjgl3/freetype-2.14.1/src/sdf -I/app/external/lwjgl3/freetype-2.14.1/objs -I./builds/unix -I/app/external/lwjgl3/freetype-2.14.1/include -c -Wall -g -O2 -fvisibility=hidden -pthread "-DFT_CONFIG_CONFIG_H=<ftconfig.h>" "-DFT_CONFIG_MODULES_H=<ftmodule.h>" "-DFT_CONFIG_OPTIONS_H=<ftoption.h>" -DFT2_BUILD_LIBRARY /app/external/lwjgl3/freetype-2.14.1/src/sdf/sdf.c  -fPIC -DPIC -o /app/external/lwjgl3/freetype-2.14.1/objs/.libs/sdf.o
libtool: compile:  aarch64-linux-android21-clang -pedantic -std=c99 -I/app/external/lwjgl3/freetype-2.14.1/src/cache -I/app/external/lwjgl3/freetype-2.14.1/objs -I./builds/unix -I/app/external/lwjgl3/freetype-2.14.1/include -c -Wall -g -O2 -fvisibility=hidden -pthread "-DFT_CONFIG_CONFIG_H=<ftconfig.h>" "-DFT_CONFIG_MODULES_H=<ftmodule.h>" "-DFT_CONFIG_OPTIONS_H=<ftoption.h>" -DFT2_BUILD_LIBRARY /app/external/lwjgl3/freetype-2.14.1/src/cache/ftcache.c  -fPIC -DPIC -o /app/external/lwjgl3/freetype-2.14.1/objs/.libs/ftcache.o
./builds/unix/libtool --mode=compile aarch64-linux-android21-clang -pedantic -std=c99 -I/app/external/lwjgl3/freetype-2.14.1/src/gzip -I/app/external/lwjgl3/freetype-2.14.1/objs -I./builds/unix -I/app/external/lwjgl3/freetype-2.14.1/include  -c -Wall -g -O2 -fvisibility=hidden -pthread -DFT_CONFIG_CONFIG_H="<ftconfig.h>" -DFT_CONFIG_MODULES_H="<ftmodule.h>" -DFT_CONFIG_OPTIONS_H="<ftoption.h>" -DFT2_BUILD_LIBRARY -o /app/external/lwjgl3/freetype-2.14.1/objs/ftgzip.lo /app/external/lwjgl3/freetype-2.14.1/src/gzip/ftgzip.c
libtool: compile:  aarch64-linux-android21-clang -pedantic -std=c99 -I/app/external/lwjgl3/freetype-2.14.1/src/gzip -I/app/external/lwjgl3/freetype-2.14.1/objs -I./builds/unix -I/app/external/lwjgl3/freetype-2.14.1/include -c -Wall -g -O2 -fvisibility=hidden -pthread "-DFT_CONFIG_CONFIG_H=<ftconfig.h>" "-DFT_CONFIG_MODULES_H=<ftmodule.h>" "-DFT_CONFIG_OPTIONS_H=<ftoption.h>" -DFT2_BUILD_LIBRARY /app/external/lwjgl3/freetype-2.14.1/src/gzip/ftgzip.c  -fPIC -DPIC -o /app/external/lwjgl3/freetype-2.14.1/objs/.libs/ftgzip.o
./builds/unix/libtool --mode=compile aarch64-linux-android21-clang -pedantic -std=c99 -I/app/external/lwjgl3/freetype-2.14.1/src/lzw -I/app/external/lwjgl3/freetype-2.14.1/objs -I./builds/unix -I/app/external/lwjgl3/freetype-2.14.1/include  -c -Wall -g -O2 -fvisibility=hidden -pthread -DFT_CONFIG_CONFIG_H="<ftconfig.h>" -DFT_CONFIG_MODULES_H="<ftmodule.h>" -DFT_CONFIG_OPTIONS_H="<ftoption.h>" -DFT2_BUILD_LIBRARY -o /app/external/lwjgl3/freetype-2.14.1/objs/ftlzw.lo /app/external/lwjgl3/freetype-2.14.1/src/lzw/ftlzw.c
./builds/unix/libtool --mode=compile aarch64-linux-android21-clang -pedantic -std=c99 -I/app/external/lwjgl3/freetype-2.14.1/objs -I./builds/unix -I/app/external/lwjgl3/freetype-2.14.1/include  -c -Wall -g -O2 -fvisibility=hidden -pthread -DFT_CONFIG_CONFIG_H="<ftconfig.h>" -DFT_CONFIG_MODULES_H="<ftmodule.h>" -DFT_CONFIG_OPTIONS_H="<ftoption.h>" -DFT2_BUILD_LIBRARY -o /app/external/lwjgl3/freetype-2.14.1/objs/ftbzip2.lo /app/external/lwjgl3/freetype-2.14.1/src/bzip2/ftbzip2.c
./builds/unix/libtool --mode=compile aarch64-linux-android21-clang -pedantic -std=c99 -I/app/external/lwjgl3/freetype-2.14.1/src/psaux -I/app/external/lwjgl3/freetype-2.14.1/objs -I./builds/unix -I/app/external/lwjgl3/freetype-2.14.1/include  -c -Wall -g -O2 -fvisibility=hidden -pthread -DFT_CONFIG_CONFIG_H="<ftconfig.h>" -DFT_CONFIG_MODULES_H="<ftmodule.h>" -DFT_CONFIG_OPTIONS_H="<ftoption.h>" -DFT2_BUILD_LIBRARY -o /app/external/lwjgl3/freetype-2.14.1/objs/psaux.lo /app/external/lwjgl3/freetype-2.14.1/src/psaux/psaux.c
libtool: compile:  aarch64-linux-android21-clang -pedantic -std=c99 -I/app/external/lwjgl3/freetype-2.14.1/src/lzw -I/app/external/lwjgl3/freetype-2.14.1/objs -I./builds/unix -I/app/external/lwjgl3/freetype-2.14.1/include -c -Wall -g -O2 -fvisibility=hidden -pthread "-DFT_CONFIG_CONFIG_H=<ftconfig.h>" "-DFT_CONFIG_MODULES_H=<ftmodule.h>" "-DFT_CONFIG_OPTIONS_H=<ftoption.h>" -DFT2_BUILD_LIBRARY /app/external/lwjgl3/freetype-2.14.1/src/lzw/ftlzw.c  -fPIC -DPIC -o /app/external/lwjgl3/freetype-2.14.1/objs/.libs/ftlzw.o
libtool: compile:  aarch64-linux-android21-clang -pedantic -std=c99 -I/app/external/lwjgl3/freetype-2.14.1/objs -I./builds/unix -I/app/external/lwjgl3/freetype-2.14.1/include -c -Wall -g -O2 -fvisibility=hidden -pthread "-DFT_CONFIG_CONFIG_H=<ftconfig.h>" "-DFT_CONFIG_MODULES_H=<ftmodule.h>" "-DFT_CONFIG_OPTIONS_H=<ftoption.h>" -DFT2_BUILD_LIBRARY /app/external/lwjgl3/freetype-2.14.1/src/bzip2/ftbzip2.c  -fPIC -DPIC -o /app/external/lwjgl3/freetype-2.14.1/objs/.libs/ftbzip2.o
libtool: compile:  aarch64-linux-android21-clang -pedantic -std=c99 -I/app/external/lwjgl3/freetype-2.14.1/src/psaux -I/app/external/lwjgl3/freetype-2.14.1/objs -I./builds/unix -I/app/external/lwjgl3/freetype-2.14.1/include -c -Wall -g -O2 -fvisibility=hidden -pthread "-DFT_CONFIG_CONFIG_H=<ftconfig.h>" "-DFT_CONFIG_MODULES_H=<ftmodule.h>" "-DFT_CONFIG_OPTIONS_H=<ftoption.h>" -DFT2_BUILD_LIBRARY /app/external/lwjgl3/freetype-2.14.1/src/psaux/psaux.c  -fPIC -DPIC -o /app/external/lwjgl3/freetype-2.14.1/objs/.libs/psaux.o
./builds/unix/libtool --mode=compile aarch64-linux-android21-clang -pedantic -std=c99 -I/app/external/lwjgl3/freetype-2.14.1/src/psnames -I/app/external/lwjgl3/freetype-2.14.1/objs -I./builds/unix -I/app/external/lwjgl3/freetype-2.14.1/include  -c -Wall -g -O2 -fvisibility=hidden -pthread -DFT_CONFIG_CONFIG_H="<ftconfig.h>" -DFT_CONFIG_MODULES_H="<ftmodule.h>" -DFT_CONFIG_OPTIONS_H="<ftoption.h>" -DFT2_BUILD_LIBRARY -o /app/external/lwjgl3/freetype-2.14.1/objs/psnames.lo /app/external/lwjgl3/freetype-2.14.1/src/psnames/psnames.c
libtool: compile:  aarch64-linux-android21-clang -pedantic -std=c99 -I/app/external/lwjgl3/freetype-2.14.1/src/psnames -I/app/external/lwjgl3/freetype-2.14.1/objs -I./builds/unix -I/app/external/lwjgl3/freetype-2.14.1/include -c -Wall -g -O2 -fvisibility=hidden -pthread "-DFT_CONFIG_CONFIG_H=<ftconfig.h>" "-DFT_CONFIG_MODULES_H=<ftmodule.h>" "-DFT_CONFIG_OPTIONS_H=<ftoption.h>" -DFT2_BUILD_LIBRARY /app/external/lwjgl3/freetype-2.14.1/src/psnames/psnames.c  -fPIC -DPIC -o /app/external/lwjgl3/freetype-2.14.1/objs/.libs/psnames.o
./builds/unix/libtool --mode=compile aarch64-linux-android21-clang -pedantic -std=c99 -I/app/external/lwjgl3/freetype-2.14.1/src/dlg -I/app/external/lwjgl3/freetype-2.14.1/objs -I./builds/unix -I/app/external/lwjgl3/freetype-2.14.1/include  -c -Wall -g -O2 -fvisibility=hidden -pthread -DFT_CONFIG_CONFIG_H="<ftconfig.h>" -DFT_CONFIG_MODULES_H="<ftmodule.h>" -DFT_CONFIG_OPTIONS_H="<ftoption.h>" -DFT2_BUILD_LIBRARY -o /app/external/lwjgl3/freetype-2.14.1/objs/dlg.lo /app/external/lwjgl3/freetype-2.14.1/src/dlg/dlgwrap.c
libtool: compile:  aarch64-linux-android21-clang -pedantic -std=c99 -I/app/external/lwjgl3/freetype-2.14.1/src/dlg -I/app/external/lwjgl3/freetype-2.14.1/objs -I./builds/unix -I/app/external/lwjgl3/freetype-2.14.1/include -c -Wall -g -O2 -fvisibility=hidden -pthread "-DFT_CONFIG_CONFIG_H=<ftconfig.h>" "-DFT_CONFIG_MODULES_H=<ftmodule.h>" "-DFT_CONFIG_OPTIONS_H=<ftoption.h>" -DFT2_BUILD_LIBRARY /app/external/lwjgl3/freetype-2.14.1/src/dlg/dlgwrap.c  -fPIC -DPIC -o /app/external/lwjgl3/freetype-2.14.1/objs/.libs/dlg.o
gcc                            -o /app/external/lwjgl3/freetype-2.14.1/objs/apinames /app/external/lwjgl3/freetype-2.14.1/src/tools/apinames.c
rm -f builds/unix/freetype-config builds/unix/freetype-config.tmp
sed -e 's|%LIBSSTATIC_CONFIG%|-lfreetype|'   \
    -e 's|%PKG_CONFIG%|/usr/bin/pkg-config|'                 \
    -e 's|%build_libtool_libs%||' \
    -e 's|%exec_prefix%|/app/external/lwjgl3/freetype-2.14.1/build_android-arm64|'               \
    -e 's|%ft_version%|26.4.20|'                 \
    -e 's|%includedir%|/app/external/lwjgl3/freetype-2.14.1/build_android-arm64/include|'                 \
    -e 's|%libdir%|/app/external/lwjgl3/freetype-2.14.1/build_android-arm64/lib|'                         \
    -e 's|%prefix%|/app/external/lwjgl3/freetype-2.14.1/build_android-arm64|'                         \
    /app/external/lwjgl3/freetype-2.14.1/builds/unix/freetype-config.in                                                 \
    > builds/unix/freetype-config.tmp
chmod +x builds/unix/freetype-config.tmp
chmod go-w builds/unix/freetype-config.tmp
mv builds/unix/freetype-config.tmp builds/unix/freetype-config
rm -f builds/unix/freetype2.pc builds/unix/freetype2.pc.tmp
sed -e 's|%PKGCONFIG_REQUIRES%||'                 \
    -e 's|%PKGCONFIG_REQUIRES_PRIVATE%||' \
    -e 's|%PKGCONFIG_LIBS%|-L/app/external/lwjgl3/freetype-2.14.1/build_android-arm64/lib -lfreetype|'                         \
    -e 's|%PKGCONFIG_LIBS_PRIVATE%||'         \
    -e 's|%build_libtool_libs%||'                 \
    -e 's|%exec_prefix%|/app/external/lwjgl3/freetype-2.14.1/build_android-arm64|'                             \
    -e 's|%ft_version%|26.4.20|'                                 \
    -e 's|%includedir%|/app/external/lwjgl3/freetype-2.14.1/build_android-arm64/include|'                               \
    -e 's|%libdir%|/app/external/lwjgl3/freetype-2.14.1/build_android-arm64/lib|'                                       \
    -e 's|%prefix%|/app/external/lwjgl3/freetype-2.14.1/build_android-arm64|'                                       \
    /app/external/lwjgl3/freetype-2.14.1/builds/unix/freetype2.in                                                                 \
    > builds/unix/freetype2.pc.tmp
chmod a-w builds/unix/freetype2.pc.tmp
mv builds/unix/freetype2.pc.tmp builds/unix/freetype2.pc
/app/external/lwjgl3/freetype-2.14.1/objs/apinames -o/app/external/lwjgl3/freetype-2.14.1/objs/ftexport.sym  /app/external/lwjgl3/freetype-2.14.1/include/freetype/freetype.h /app/external/lwjgl3/freetype-2.14.1/include/freetype/ftadvanc.h /app/external/lwjgl3/freetype-2.14.1/include/freetype/ftbbox.h /app/external/lwjgl3/freetype-2.14.1/include/freetype/ftbdf.h /app/external/lwjgl3/freetype-2.14.1/include/freetype/ftbitmap.h /app/external/lwjgl3/freetype-2.14.1/include/freetype/ftbzip2.h /app/external/lwjgl3/freetype-2.14.1/include/freetype/ftcache.h /app/external/lwjgl3/freetype-2.14.1/include/freetype/ftchapters.h /app/external/lwjgl3/freetype-2.14.1/include/freetype/ftcid.h /app/external/lwjgl3/freetype-2.14.1/include/freetype/ftcolor.h /app/external/lwjgl3/freetype-2.14.1/include/freetype/ftdriver.h /app/external/lwjgl3/freetype-2.14.1/include/freetype/fterrdef.h /app/external/lwjgl3/freetype-2.14.1/include/freetype/fterrors.h /app/external/lwjgl3/freetype-2.14.1/include/freetype/ftfntfmt.h /app/external/lwjgl3/freetype-2.14.1/include/freetype/ftgasp.h /app/external/lwjgl3/freetype-2.14.1/include/freetype/ftglyph.h /app/external/lwjgl3/freetype-2.14.1/include/freetype/ftgxval.h /app/external/lwjgl3/freetype-2.14.1/include/freetype/ftgzip.h /app/external/lwjgl3/freetype-2.14.1/include/freetype/ftimage.h /app/external/lwjgl3/freetype-2.14.1/include/freetype/ftincrem.h /app/external/lwjgl3/freetype-2.14.1/include/freetype/ftlcdfil.h /app/external/lwjgl3/freetype-2.14.1/include/freetype/ftlist.h /app/external/lwjgl3/freetype-2.14.1/include/freetype/ftlogging.h /app/external/lwjgl3/freetype-2.14.1/include/freetype/ftlzw.h /app/external/lwjgl3/freetype-2.14.1/include/freetype/ftmm.h /app/external/lwjgl3/freetype-2.14.1/include/freetype/ftmodapi.h /app/external/lwjgl3/freetype-2.14.1/include/freetype/ftmoderr.h /app/external/lwjgl3/freetype-2.14.1/include/freetype/ftotval.h /app/external/lwjgl3/freetype-2.14.1/include/freetype/ftoutln.h /app/external/lwjgl3/freetype-2.14.1/include/freetype/ftparams.h /app/external/lwjgl3/freetype-2.14.1/include/freetype/ftpfr.h /app/external/lwjgl3/freetype-2.14.1/include/freetype/ftrender.h /app/external/lwjgl3/freetype-2.14.1/include/freetype/ftsizes.h /app/external/lwjgl3/freetype-2.14.1/include/freetype/ftsnames.h /app/external/lwjgl3/freetype-2.14.1/include/freetype/ftstroke.h /app/external/lwjgl3/freetype-2.14.1/include/freetype/ftsynth.h /app/external/lwjgl3/freetype-2.14.1/include/freetype/ftsystem.h /app/external/lwjgl3/freetype-2.14.1/include/freetype/fttrigon.h /app/external/lwjgl3/freetype-2.14.1/include/freetype/fttypes.h /app/external/lwjgl3/freetype-2.14.1/include/freetype/ftwinfnt.h /app/external/lwjgl3/freetype-2.14.1/include/freetype/otsvg.h /app/external/lwjgl3/freetype-2.14.1/include/freetype/t1tables.h /app/external/lwjgl3/freetype-2.14.1/include/freetype/ttnameid.h /app/external/lwjgl3/freetype-2.14.1/include/freetype/tttables.h /app/external/lwjgl3/freetype-2.14.1/include/freetype/tttags.h
./builds/unix/libtool --mode=link aarch64-linux-android21-clang -o /app/external/lwjgl3/freetype-2.14.1/objs/libfreetype.la /app/external/lwjgl3/freetype-2.14.1/objs/ftsystem.lo /app/external/lwjgl3/freetype-2.14.1/objs/ftdebug.lo /app/external/lwjgl3/freetype-2.14.1/objs/ftinit.lo /app/external/lwjgl3/freetype-2.14.1/objs/ftbase.lo /app/external/lwjgl3/freetype-2.14.1/objs/ftbbox.lo /app/external/lwjgl3/freetype-2.14.1/objs/ftbdf.lo /app/external/lwjgl3/freetype-2.14.1/objs/ftbitmap.lo /app/external/lwjgl3/freetype-2.14.1/objs/ftcid.lo /app/external/lwjgl3/freetype-2.14.1/objs/ftfstype.lo /app/external/lwjgl3/freetype-2.14.1/objs/ftgasp.lo /app/external/lwjgl3/freetype-2.14.1/objs/ftglyph.lo /app/external/lwjgl3/freetype-2.14.1/objs/ftgxval.lo /app/external/lwjgl3/freetype-2.14.1/objs/ftmm.lo /app/external/lwjgl3/freetype-2.14.1/objs/ftotval.lo /app/external/lwjgl3/freetype-2.14.1/objs/ftpatent.lo /app/external/lwjgl3/freetype-2.14.1/objs/ftpfr.lo /app/external/lwjgl3/freetype-2.14.1/objs/ftstroke.lo /app/external/lwjgl3/freetype-2.14.1/objs/ftsynth.lo /app/external/lwjgl3/freetype-2.14.1/objs/fttype1.lo /app/external/lwjgl3/freetype-2.14.1/objs/ftwinfnt.lo /app/external/lwjgl3/freetype-2.14.1/objs/truetype.lo /app/external/lwjgl3/freetype-2.14.1/objs/type1.lo /app/external/lwjgl3/freetype-2.14.1/objs/cff.lo /app/external/lwjgl3/freetype-2.14.1/objs/type1cid.lo /app/external/lwjgl3/freetype-2.14.1/objs/pfr.lo /app/external/lwjgl3/freetype-2.14.1/objs/type42.lo /app/external/lwjgl3/freetype-2.14.1/objs/winfnt.lo /app/external/lwjgl3/freetype-2.14.1/objs/pcf.lo /app/external/lwjgl3/freetype-2.14.1/objs/bdf.lo /app/external/lwjgl3/freetype-2.14.1/objs/sfnt.lo /app/external/lwjgl3/freetype-2.14.1/objs/autofit.lo /app/external/lwjgl3/freetype-2.14.1/objs/pshinter.lo /app/external/lwjgl3/freetype-2.14.1/objs/smooth.lo /app/external/lwjgl3/freetype-2.14.1/objs/raster.lo /app/external/lwjgl3/freetype-2.14.1/objs/svg.lo /app/external/lwjgl3/freetype-2.14.1/objs/sdf.lo /app/external/lwjgl3/freetype-2.14.1/objs/ftcache.lo /app/external/lwjgl3/freetype-2.14.1/objs/ftgzip.lo /app/external/lwjgl3/freetype-2.14.1/objs/ftlzw.lo /app/external/lwjgl3/freetype-2.14.1/objs/ftbzip2.lo /app/external/lwjgl3/freetype-2.14.1/objs/psaux.lo /app/external/lwjgl3/freetype-2.14.1/objs/psnames.lo /app/external/lwjgl3/freetype-2.14.1/objs/dlg.lo -rpath /app/external/lwjgl3/freetype-2.14.1/build_android-arm64/lib -version-info 26:4:20 -pthread  -no-undefined -export-symbols /app/external/lwjgl3/freetype-2.14.1/objs/ftexport.sym
libtool: link: echo "{ global:" > /app/external/lwjgl3/freetype-2.14.1/objs/.libs/libfreetype.ver
libtool: link:  cat /app/external/lwjgl3/freetype-2.14.1/objs/ftexport.sym | /usr/bin/sed -e "s/\(.*\)/\1;/" >> /app/external/lwjgl3/freetype-2.14.1/objs/.libs/libfreetype.ver
libtool: link:  echo "local: *; };" >> /app/external/lwjgl3/freetype-2.14.1/objs/.libs/libfreetype.ver
libtool: link:  aarch64-linux-android21-clang -shared  -fPIC -DPIC  /app/external/lwjgl3/freetype-2.14.1/objs/.libs/ftsystem.o /app/external/lwjgl3/freetype-2.14.1/objs/.libs/ftdebug.o /app/external/lwjgl3/freetype-2.14.1/objs/.libs/ftinit.o /app/external/lwjgl3/freetype-2.14.1/objs/.libs/ftbase.o /app/external/lwjgl3/freetype-2.14.1/objs/.libs/ftbbox.o /app/external/lwjgl3/freetype-2.14.1/objs/.libs/ftbdf.o /app/external/lwjgl3/freetype-2.14.1/objs/.libs/ftbitmap.o /app/external/lwjgl3/freetype-2.14.1/objs/.libs/ftcid.o /app/external/lwjgl3/freetype-2.14.1/objs/.libs/ftfstype.o /app/external/lwjgl3/freetype-2.14.1/objs/.libs/ftgasp.o /app/external/lwjgl3/freetype-2.14.1/objs/.libs/ftglyph.o /app/external/lwjgl3/freetype-2.14.1/objs/.libs/ftgxval.o /app/external/lwjgl3/freetype-2.14.1/objs/.libs/ftmm.o /app/external/lwjgl3/freetype-2.14.1/objs/.libs/ftotval.o /app/external/lwjgl3/freetype-2.14.1/objs/.libs/ftpatent.o /app/external/lwjgl3/freetype-2.14.1/objs/.libs/ftpfr.o /app/external/lwjgl3/freetype-2.14.1/objs/.libs/ftstroke.o /app/external/lwjgl3/freetype-2.14.1/objs/.libs/ftsynth.o /app/external/lwjgl3/freetype-2.14.1/objs/.libs/fttype1.o /app/external/lwjgl3/freetype-2.14.1/objs/.libs/ftwinfnt.o /app/external/lwjgl3/freetype-2.14.1/objs/.libs/truetype.o /app/external/lwjgl3/freetype-2.14.1/objs/.libs/type1.o /app/external/lwjgl3/freetype-2.14.1/objs/.libs/cff.o /app/external/lwjgl3/freetype-2.14.1/objs/.libs/type1cid.o /app/external/lwjgl3/freetype-2.14.1/objs/.libs/pfr.o /app/external/lwjgl3/freetype-2.14.1/objs/.libs/type42.o /app/external/lwjgl3/freetype-2.14.1/objs/.libs/winfnt.o /app/external/lwjgl3/freetype-2.14.1/objs/.libs/pcf.o /app/external/lwjgl3/freetype-2.14.1/objs/.libs/bdf.o /app/external/lwjgl3/freetype-2.14.1/objs/.libs/sfnt.o /app/external/lwjgl3/freetype-2.14.1/objs/.libs/autofit.o /app/external/lwjgl3/freetype-2.14.1/objs/.libs/pshinter.o /app/external/lwjgl3/freetype-2.14.1/objs/.libs/smooth.o /app/external/lwjgl3/freetype-2.14.1/objs/.libs/raster.o /app/external/lwjgl3/freetype-2.14.1/objs/.libs/svg.o /app/external/lwjgl3/freetype-2.14.1/objs/.libs/sdf.o /app/external/lwjgl3/freetype-2.14.1/objs/.libs/ftcache.o /app/external/lwjgl3/freetype-2.14.1/objs/.libs/ftgzip.o /app/external/lwjgl3/freetype-2.14.1/objs/.libs/ftlzw.o /app/external/lwjgl3/freetype-2.14.1/objs/.libs/ftbzip2.o /app/external/lwjgl3/freetype-2.14.1/objs/.libs/psaux.o /app/external/lwjgl3/freetype-2.14.1/objs/.libs/psnames.o /app/external/lwjgl3/freetype-2.14.1/objs/.libs/dlg.o      -pthread -Wl,-soname -Wl,libfreetype.so -Wl,-version-script -Wl,/app/external/lwjgl3/freetype-2.14.1/objs/.libs/libfreetype.ver -o /app/external/lwjgl3/freetype-2.14.1/objs/.libs/libfreetype.so
libtool: link: ( cd "/app/external/lwjgl3/freetype-2.14.1/objs/.libs" && rm -f "libfreetype.la" && ln -s "../libfreetype.la" "libfreetype.la" )
rm -rf /app/external/lwjgl3/freetype-2.14.1/build_android-arm64/include/freetype2
rm -f /app/external/lwjgl3/freetype-2.14.1/build_android-arm64/include/ft2build.h
/usr/bin/mkdir -p /app/external/lwjgl3/freetype-2.14.1/build_android-arm64/lib                               \
                         /app/external/lwjgl3/freetype-2.14.1/build_android-arm64/lib/pkgconfig                     \
                         /app/external/lwjgl3/freetype-2.14.1/build_android-arm64/include/freetype2/freetype/config \
                         /app/external/lwjgl3/freetype-2.14.1/build_android-arm64/share/aclocal
./builds/unix/libtool --mode=install /usr/bin/install -c                             \
                                  /app/external/lwjgl3/freetype-2.14.1/objs/libfreetype.la /app/external/lwjgl3/freetype-2.14.1/build_android-arm64/lib
libtool: install: /usr/bin/install -c /app/external/lwjgl3/freetype-2.14.1/objs/.libs/libfreetype.so /app/external/lwjgl3/freetype-2.14.1/build_android-arm64/lib/libfreetype.so
libtool: install: /usr/bin/install -c /app/external/lwjgl3/freetype-2.14.1/objs/.libs/libfreetype.lai /app/external/lwjgl3/freetype-2.14.1/build_android-arm64/lib/libfreetype.la
for P in /app/external/lwjgl3/freetype-2.14.1/include/freetype/freetype.h /app/external/lwjgl3/freetype-2.14.1/include/freetype/ftadvanc.h /app/external/lwjgl3/freetype-2.14.1/include/freetype/ftbbox.h /app/external/lwjgl3/freetype-2.14.1/include/freetype/ftbdf.h /app/external/lwjgl3/freetype-2.14.1/include/freetype/ftbitmap.h /app/external/lwjgl3/freetype-2.14.1/include/freetype/ftbzip2.h /app/external/lwjgl3/freetype-2.14.1/include/freetype/ftcache.h /app/external/lwjgl3/freetype-2.14.1/include/freetype/ftchapters.h /app/external/lwjgl3/freetype-2.14.1/include/freetype/ftcid.h /app/external/lwjgl3/freetype-2.14.1/include/freetype/ftcolor.h /app/external/lwjgl3/freetype-2.14.1/include/freetype/ftdriver.h /app/external/lwjgl3/freetype-2.14.1/include/freetype/fterrdef.h /app/external/lwjgl3/freetype-2.14.1/include/freetype/fterrors.h /app/external/lwjgl3/freetype-2.14.1/include/freetype/ftfntfmt.h /app/external/lwjgl3/freetype-2.14.1/include/freetype/ftgasp.h /app/external/lwjgl3/freetype-2.14.1/include/freetype/ftglyph.h /app/external/lwjgl3/freetype-2.14.1/include/freetype/ftgxval.h /app/external/lwjgl3/freetype-2.14.1/include/freetype/ftgzip.h /app/external/lwjgl3/freetype-2.14.1/include/freetype/ftimage.h /app/external/lwjgl3/freetype-2.14.1/include/freetype/ftincrem.h /app/external/lwjgl3/freetype-2.14.1/include/freetype/ftlcdfil.h /app/external/lwjgl3/freetype-2.14.1/include/freetype/ftlist.h /app/external/lwjgl3/freetype-2.14.1/include/freetype/ftlogging.h /app/external/lwjgl3/freetype-2.14.1/include/freetype/ftlzw.h /app/external/lwjgl3/freetype-2.14.1/include/freetype/ftmac.h /app/external/lwjgl3/freetype-2.14.1/include/freetype/ftmm.h /app/external/lwjgl3/freetype-2.14.1/include/freetype/ftmodapi.h /app/external/lwjgl3/freetype-2.14.1/include/freetype/ftmoderr.h /app/external/lwjgl3/freetype-2.14.1/include/freetype/ftotval.h /app/external/lwjgl3/freetype-2.14.1/include/freetype/ftoutln.h /app/external/lwjgl3/freetype-2.14.1/include/freetype/ftparams.h /app/external/lwjgl3/freetype-2.14.1/include/freetype/ftpfr.h /app/external/lwjgl3/freetype-2.14.1/include/freetype/ftrender.h /app/external/lwjgl3/freetype-2.14.1/include/freetype/ftsizes.h /app/external/lwjgl3/freetype-2.14.1/include/freetype/ftsnames.h /app/external/lwjgl3/freetype-2.14.1/include/freetype/ftstroke.h /app/external/lwjgl3/freetype-2.14.1/include/freetype/ftsynth.h /app/external/lwjgl3/freetype-2.14.1/include/freetype/ftsystem.h /app/external/lwjgl3/freetype-2.14.1/include/freetype/fttrigon.h /app/external/lwjgl3/freetype-2.14.1/include/freetype/fttypes.h /app/external/lwjgl3/freetype-2.14.1/include/freetype/ftwinfnt.h /app/external/lwjgl3/freetype-2.14.1/include/freetype/otsvg.h /app/external/lwjgl3/freetype-2.14.1/include/freetype/t1tables.h /app/external/lwjgl3/freetype-2.14.1/include/freetype/ttnameid.h /app/external/lwjgl3/freetype-2.14.1/include/freetype/tttables.h /app/external/lwjgl3/freetype-2.14.1/include/freetype/tttags.h ; do                           \
          /usr/bin/install -c -m 644                                    \
            $P /app/external/lwjgl3/freetype-2.14.1/build_android-arm64/include/freetype2/freetype ; \
        done
for P in /app/external/lwjgl3/freetype-2.14.1/include/freetype/config/ftconfig.h /app/external/lwjgl3/freetype-2.14.1/include/freetype/config/ftheader.h /app/external/lwjgl3/freetype-2.14.1/include/freetype/config/ftmodule.h /app/external/lwjgl3/freetype-2.14.1/include/freetype/config/ftoption.h /app/external/lwjgl3/freetype-2.14.1/include/freetype/config/ftstdlib.h /app/external/lwjgl3/freetype-2.14.1/include/freetype/config/integer-types.h /app/external/lwjgl3/freetype-2.14.1/include/freetype/config/mac-support.h /app/external/lwjgl3/freetype-2.14.1/include/freetype/config/public-macros.h  /app/external/lwjgl3/freetype-2.14.1/objs/ftmodule.h ./builds/unix/ftoption.h ; do                                  \
          /usr/bin/install -c -m 644                                           \
            $P /app/external/lwjgl3/freetype-2.14.1/build_android-arm64/include/freetype2/freetype/config ; \
        done
/usr/bin/install -c -m 644 /app/external/lwjgl3/freetype-2.14.1/include/ft2build.h                  \
          /app/external/lwjgl3/freetype-2.14.1/build_android-arm64/include/freetype2/ft2build.h
/usr/bin/install -c -m 644 ./builds/unix/ftconfig.h                        \
          /app/external/lwjgl3/freetype-2.14.1/build_android-arm64/include/freetype2/freetype/config/ftconfig.h
/usr/bin/install -c -m 644 /app/external/lwjgl3/freetype-2.14.1/objs/ftmodule.h                          \
          /app/external/lwjgl3/freetype-2.14.1/build_android-arm64/include/freetype2/freetype/config/ftmodule.h
/usr/bin/install -c -m 644 ./builds/unix/ftoption.h                        \
          /app/external/lwjgl3/freetype-2.14.1/build_android-arm64/include/freetype2/freetype/config/ftoption.h
/usr/bin/install -c -m 644 ./builds/unix/freetype2.m4          \
          /app/external/lwjgl3/freetype-2.14.1/build_android-arm64/share/aclocal/freetype2.m4
/usr/bin/install -c -m 644 ./builds/unix/freetype2.pc             \
          /app/external/lwjgl3/freetype-2.14.1/build_android-arm64/lib/pkgconfig/freetype2.pc
--2026-07-27 07:15:56--  https://github.com/AngelAuraMC/Amethyst-Android/raw/34fe895c4d6117b50dd19a69819cd5430de6fc06/app_pojavlauncher/src/main/jniLibs/arm64-v8a/libopenal.so
Resolving github.com (github.com)... 140.82.114.4
Connecting to github.com (github.com)|140.82.114.4|:443... connected.
HTTP request sent, awaiting response... 302 Found
Location: https://raw.githubusercontent.com/AngelAuraMC/Amethyst-Android/34fe895c4d6117b50dd19a69819cd5430de6fc06/app_pojavlauncher/src/main/jniLibs/arm64-v8a/libopenal.so [following]
--2026-07-27 07:15:57--  https://raw.githubusercontent.com/AngelAuraMC/Amethyst-Android/34fe895c4d6117b50dd19a69819cd5430de6fc06/app_pojavlauncher/src/main/jniLibs/arm64-v8a/libopenal.so
Resolving raw.githubusercontent.com (raw.githubusercontent.com)... 185.199.111.133, 185.199.109.133, 185.199.110.133, ...
Connecting to raw.githubusercontent.com (raw.githubusercontent.com)|185.199.111.133|:443... connected.
HTTP request sent, awaiting response... 200 OK
Length: 19642232 (19M) [application/octet-stream]
Saving to: ‘bin/libs/native/linux/arm64/org/lwjgl/openal/libopenal.so’

     0K .......... .......... .......... .......... ..........  0% 2.58M 7s
    50K .......... .......... .......... .......... ..........  0% 9.16M 5s
   100K .......... .......... .......... .......... ..........  0% 6.31M 4s
   150K .......... .......... .......... .......... ..........  1% 6.72M 4s
   200K .......... .......... .......... .......... ..........  1% 65.1M 3s
   250K .......... .......... .......... .......... ..........  1% 79.2M 3s
   300K .......... .......... .......... .......... ..........  1% 13.7M 2s
   350K .......... .......... .......... .......... ..........  2% 27.7M 2s
   400K .......... .......... .......... .......... ..........  2% 37.5M 2s
   450K .......... .......... .......... .......... ..........  2% 12.2M 2s
   500K .......... .......... .......... .......... ..........  2% 67.2M 2s
   550K .......... .......... .......... .......... ..........  3% 72.4M 2s
   600K .......... .......... .......... .......... ..........  3% 6.73M 2s
   650K .......... .......... .......... .......... ..........  3% 67.9M 2s
   700K .......... .......... .......... .......... ..........  3% 29.1M 2s
   750K .......... .......... .......... .......... ..........  4% 8.63M 2s
   800K .......... .......... .......... .......... ..........  4% 32.6M 1s
   850K .......... .......... .......... .......... ..........  4% 8.23M 2s
   900K .......... .......... .......... .......... ..........  4% 43.1M 1s
   950K .......... .......... .......... .......... ..........  5% 75.9M 1s
  1000K .......... .......... .......... .......... ..........  5% 75.0M 1s
  1050K .......... .......... .......... .......... ..........  5% 74.6M 1s
  1100K .......... .......... .......... .......... ..........  5% 74.7M 1s
  1150K .......... .......... .......... .......... ..........  6% 9.67M 1s
  1200K .......... .......... .......... .......... ..........  6% 74.3M 1s
  1250K .......... .......... .......... .......... ..........  6% 63.8M 1s
  1300K .......... .......... .......... .......... ..........  7% 76.1M 1s
  1350K .......... .......... .......... .......... ..........  7% 76.1M 1s
  1400K .......... .......... .......... .......... ..........  7% 2.44M 1s
  1450K .......... .......... .......... .......... ..........  7% 5.32M 1s
  1500K .......... .......... .......... .......... ..........  8% 37.6M 1s
  1550K .......... .......... .......... .......... ..........  8% 57.3M 1s
  1600K .......... .......... .......... .......... ..........  8% 5.26M 1s
  1650K .......... .......... .......... .......... ..........  8% 31.9M 1s
  1700K .......... .......... .......... .......... ..........  9% 44.2M 1s
  1750K .......... .......... .......... .......... ..........  9% 48.4M 1s
  1800K .......... .......... .......... .......... ..........  9% 5.40M 1s
  1850K .......... .......... .......... .......... ..........  9% 63.2M 1s
  1900K .......... .......... .......... .......... .......... 10% 48.8M 1s
  1950K .......... .......... .......... .......... .......... 10% 44.7M 1s
  2000K .......... .......... .......... .......... .......... 10% 5.22M 1s
  2050K .......... .......... .......... .......... .......... 10% 43.5M 1s
  2100K .......... .......... .......... .......... .......... 11% 42.5M 1s
  2150K .......... .......... .......... .......... .......... 11% 5.27M 1s
  2200K .......... .......... .......... .......... .......... 11% 49.8M 1s
  2250K .......... .......... .......... .......... .......... 11% 56.2M 1s
  2300K .......... .......... .......... .......... .......... 12% 47.5M 1s
  2350K .......... .......... .......... .......... .......... 12% 9.12M 1s
  2400K .......... .......... .......... .......... .......... 12% 43.3M 1s
  2450K .......... .......... .......... .......... .......... 13% 30.4M 1s
  2500K .......... .......... .......... .......... .......... 13% 5.36M 1s
  2550K .......... .......... .......... .......... .......... 13% 34.4M 1s
  2600K .......... .......... .......... .......... .......... 13% 41.7M 1s
  2650K .......... .......... .......... .......... .......... 14% 9.41M 1s
  2700K .......... .......... .......... .......... .......... 14% 48.9M 1s
  2750K .......... .......... .......... .......... .......... 14% 22.0M 1s
  2800K .......... .......... .......... .......... .......... 14% 7.55M 1s
  2850K .......... .......... .......... .......... .......... 15% 41.3M 1s
  2900K .......... .......... .......... .......... .......... 15% 9.51M 1s
  2950K .......... .......... .......... .......... .......... 15% 55.3M 1s
  3000K .......... .......... .......... .......... .......... 15% 34.8M 1s
  3050K .......... .......... .......... .......... .......... 16% 8.88M 1s
  3100K .......... .......... .......... .......... .......... 16% 31.1M 1s
  3150K .......... .......... .......... .......... .......... 16% 68.4M 1s
  3200K .......... .......... .......... .......... .......... 16%  115M 1s
  3250K .......... .......... .......... .......... .......... 17%  127M 1s
  3300K .......... .......... .......... .......... .......... 17%  147M 1s
  3350K .......... .......... .......... .......... .......... 17% 10.7M 1s
  3400K .......... .......... .......... .......... .......... 17%  155M 1s
  3450K .......... .......... .......... .......... .......... 18%  159M 1s
  3500K .......... .......... .......... .......... .......... 18% 92.4M 1s
  3550K .......... .......... .......... .......... .......... 18% 98.2M 1s
  3600K .......... .......... .......... .......... .......... 19%  130M 1s
  3650K .......... .......... .......... .......... .......... 19%  212M 1s
  3700K .......... .......... .......... .......... .......... 19%  242M 1s
  3750K .......... .......... .......... .......... .......... 19%  277M 1s
  3800K .......... .......... .......... .......... .......... 20%  272M 1s
  3850K .......... .......... .......... .......... .......... 20%  290M 1s
  3900K .......... .......... .......... .......... .......... 20%  280M 1s
  3950K .......... .......... .......... .......... .......... 20%  145M 1s
  4000K .......... .......... .......... .......... .......... 21% 11.3M 1s
  4050K .......... .......... .......... .......... .......... 21%  165M 1s
  4100K .......... .......... .......... .......... .......... 21%  216M 1s
  4150K .......... .......... .......... .......... .......... 21%  283M 1s
  4200K .......... .......... .......... .......... .......... 22%  273M 1s
  4250K .......... .......... .......... .......... .......... 22%  264M 1s
  4300K .......... .......... .......... .......... .......... 22%  286M 1s
  4350K .......... .......... .......... .......... .......... 22%  124M 1s
  4400K .......... .......... .......... .......... .......... 23%  235M 1s
  4450K .......... .......... .......... .......... .......... 23%  145M 1s
  4500K .......... .......... .......... .......... .......... 23% 48.4M 1s
  4550K .......... .......... .......... .......... .......... 23% 10.5M 1s
  4600K .......... .......... .......... .......... .......... 24% 79.8M 1s
  4650K .......... .......... .......... .......... .......... 24%  219M 1s
  4700K .......... .......... .......... .......... .......... 24%  258M 1s
  4750K .......... .......... .......... .......... .......... 25%  209M 1s
  4800K .......... .......... .......... .......... .......... 25% 83.1M 1s
  4850K .......... .......... .......... .......... .......... 25% 94.5M 1s
  4900K .......... .......... .......... .......... .......... 25% 75.5M 1s
  4950K .......... .......... .......... .......... .......... 26% 79.8M 1s
  5000K .......... .......... .......... .......... .......... 26% 9.42M 1s
  5050K .......... .......... .......... .......... .......... 26%  224M 1s
  5100K .......... .......... .......... .......... .......... 26%  266M 1s
  5150K .......... .......... .......... .......... .......... 27% 72.0M 1s
  5200K .......... .......... .......... .......... .......... 27% 90.7M 1s
  5250K .......... .......... .......... .......... .......... 27% 86.8M 1s
  5300K .......... .......... .......... .......... .......... 27% 8.61M 1s
  5350K .......... .......... .......... .......... .......... 28% 97.5M 1s
  5400K .......... .......... .......... .......... .......... 28%  209M 1s
  5450K .......... .......... .......... .......... .......... 28%  109M 1s
  5500K .......... .......... .......... .......... .......... 28% 97.3M 1s
  5550K .......... .......... .......... .......... .......... 29% 88.0M 1s
  5600K .......... .......... .......... .......... .......... 29% 94.4M 1s
  5650K .......... .......... .......... .......... .......... 29% 9.79M 1s
  5700K .......... .......... .......... .......... .......... 29% 90.9M 1s
  5750K .......... .......... .......... .......... .......... 30% 81.8M 1s
  5800K .......... .......... .......... .......... .......... 30% 81.3M 1s
  5850K .......... .......... .......... .......... .......... 30% 91.1M 1s
  5900K .......... .......... .......... .......... .......... 31% 93.9M 1s
  5950K .......... .......... .......... .......... .......... 31% 68.7M 1s
  6000K .......... .......... .......... .......... .......... 31% 10.2M 1s
  6050K .......... .......... .......... .......... .......... 31% 98.9M 1s
  6100K .......... .......... .......... .......... .......... 32% 85.9M 1s
  6150K .......... .......... .......... .......... .......... 32% 93.8M 1s
  6200K .......... .......... .......... .......... .......... 32% 60.8M 1s
  6250K .......... .......... .......... .......... .......... 32% 59.8M 1s
  6300K .......... .......... .......... .......... .......... 33% 9.61M 1s
  6350K .......... .......... .......... .......... .......... 33% 59.1M 1s
  6400K .......... .......... .......... .......... .......... 33% 63.6M 1s
  6450K .......... .......... .......... .......... .......... 33% 64.2M 1s
  6500K .......... .......... .......... .......... .......... 34% 9.74M 1s
  6550K .......... .......... .......... .......... .......... 34% 58.4M 1s
  6600K .......... .......... .......... .......... .......... 34% 58.9M 1s
  6650K .......... .......... .......... .......... .......... 34% 60.8M 1s
  6700K .......... .......... .......... .......... .......... 35% 57.8M 1s
  6750K .......... .......... .......... .......... .......... 35% 9.51M 1s
  6800K .......... .......... .......... .......... .......... 35% 58.2M 1s
  6850K .......... .......... .......... .......... .......... 35% 63.0M 1s
  6900K .......... .......... .......... .......... .......... 36% 64.0M 1s
  6950K .......... .......... .......... .......... .......... 36% 10.1M 1s
  7000K .......... .......... .......... .......... .......... 36% 45.7M 1s
  7050K .......... .......... .......... .......... .......... 37% 83.9M 1s
  7100K .......... .......... .......... .......... .......... 37% 76.0M 1s
  7150K .......... .......... .......... .......... .......... 37% 61.9M 1s
  7200K .......... .......... .......... .......... .......... 37% 61.0M 1s
  7250K .......... .......... .......... .......... .......... 38% 13.2M 1s
  7300K .......... .......... .......... .......... .......... 38% 59.5M 1s
  7350K .......... .......... .......... .......... .......... 38% 66.5M 0s
  7400K .......... .......... .......... .......... .......... 38% 64.3M 0s
  7450K .......... .......... .......... .......... .......... 39% 59.5M 0s
  7500K .......... .......... .......... .......... .......... 39% 45.0M 0s
  7550K .......... .......... .......... .......... .......... 39% 5.44M 0s
  7600K .......... .......... .......... .......... .......... 39% 86.8M 0s
  7650K .......... .......... .......... .......... .......... 40% 83.3M 0s
  7700K .......... .......... .......... .......... .......... 40% 61.3M 0s
  7750K .......... .......... .......... .......... .......... 40% 45.8M 0s
  7800K .......... .......... .......... .......... .......... 40% 10.1M 0s
  7850K .......... .......... .......... .......... .......... 41% 93.0M 0s
  7900K .......... .......... .......... .......... .......... 41% 59.0M 0s
  7950K .......... .......... .......... .......... .......... 41% 61.3M 0s
  8000K .......... .......... .......... .......... .......... 41% 61.1M 0s
  8050K .......... .......... .......... .......... .......... 42% 7.00M 0s
  8100K .......... .......... .......... .......... .......... 42% 29.8M 0s
  8150K .......... .......... .......... .......... .......... 42% 47.5M 0s
  8200K .......... .......... .......... .......... .......... 43% 50.4M 0s
  8250K .......... .......... .......... .......... .......... 43% 42.0M 0s
  8300K .......... .......... .......... .......... .......... 43% 9.59M 0s
  8350K .......... .......... .......... .......... .......... 43% 58.0M 0s
  8400K .......... .......... .......... .......... .......... 44% 45.1M 0s
  8450K .......... .......... .......... .......... .......... 44% 60.9M 0s
  8500K .......... .......... .......... .......... .......... 44% 10.1M 0s
  8550K .......... .......... .......... .......... .......... 44% 19.9M 0s
  8600K .......... .......... .......... .......... .......... 45% 7.98M 0s
  8650K .......... .......... .......... .......... .......... 45% 22.9M 0s
  8700K .......... .......... .......... .......... .......... 45% 9.53M 0s
  8750K .......... .......... .......... .......... .......... 45% 61.3M 0s
  8800K .......... .......... .......... .......... .......... 46%  103M 0s
  8850K .......... .......... .......... .......... .......... 46% 97.6M 0s
  8900K .......... .......... .......... .......... .......... 46%  104M 0s
  8950K .......... .......... .......... .......... .......... 46% 90.6M 0s
  9000K .......... .......... .......... .......... .......... 47% 99.3M 0s
  9050K .......... .......... .......... .......... .......... 47% 86.2M 0s
  9100K .......... .......... .......... .......... .......... 47% 5.37M 0s
  9150K .......... .......... .......... .......... .......... 47% 54.6M 0s
  9200K .......... .......... .......... .......... .......... 48% 65.5M 0s
  9250K .......... .......... .......... .......... .......... 48% 56.2M 0s
  9300K .......... .......... .......... .......... .......... 48% 9.78M 0s
  9350K .......... .......... .......... .......... .......... 49% 40.6M 0s
  9400K .......... .......... .......... .......... .......... 49% 59.0M 0s
  9450K .......... .......... .......... .......... .......... 49% 54.8M 0s
  9500K .......... .......... .......... .......... .......... 49% 9.76M 0s
  9550K .......... .......... .......... .......... .......... 50% 56.6M 0s
  9600K .......... .......... .......... .......... .......... 50% 56.6M 0s
  9650K .......... .......... .......... .......... .......... 50% 60.9M 0s
  9700K .......... .......... .......... .......... .......... 50% 57.2M 0s
  9750K .......... .......... .......... .......... .......... 51% 12.3M 0s
  9800K .......... .......... .......... .......... .......... 51% 52.3M 0s
  9850K .......... .......... .......... .......... .......... 51% 50.0M 0s
  9900K .......... .......... .......... .......... .......... 51% 50.6M 0s
  9950K .......... .......... .......... .......... .......... 52% 57.7M 0s
 10000K .......... .......... .......... .......... .......... 52% 9.83M 0s
 10050K .......... .......... .......... .......... .......... 52% 40.5M 0s
 10100K .......... .......... .......... .......... .......... 52% 60.5M 0s
 10150K .......... .......... .......... .......... .......... 53% 55.4M 0s
 10200K .......... .......... .......... .......... .......... 53% 10.0M 0s
 10250K .......... .......... .......... .......... .......... 53% 41.9M 0s
 10300K .......... .......... .......... .......... .......... 53% 48.6M 0s
 10350K .......... .......... .......... .......... .......... 54% 61.3M 0s
 10400K .......... .......... .......... .......... .......... 54% 56.2M 0s
 10450K .......... .......... .......... .......... .......... 54% 9.58M 0s
 10500K .......... .......... .......... .......... .......... 54% 52.2M 0s
 10550K .......... .......... .......... .......... .......... 55% 51.5M 0s
 10600K .......... .......... .......... .......... .......... 55% 52.3M 0s
 10650K .......... .......... .......... .......... .......... 55% 9.63M 0s
 10700K .......... .......... .......... .......... .......... 56% 41.2M 0s
 10750K .......... .......... .......... .......... .......... 56% 55.1M 0s
 10800K .......... .......... .......... .......... .......... 56% 60.0M 0s
 10850K .......... .......... .......... .......... .......... 56% 10.3M 0s
 10900K .......... .......... .......... .......... .......... 57% 70.0M 0s
 10950K .......... .......... .......... .......... .......... 57% 67.6M 0s
 11000K .......... .......... .......... .......... .......... 57% 64.0M 0s
 11050K .......... .......... .......... .......... .......... 57% 58.5M 0s
 11100K .......... .......... .......... .......... .......... 58% 10.2M 0s
 11150K .......... .......... .......... .......... .......... 58% 64.4M 0s
 11200K .......... .......... .......... .......... .......... 58% 77.5M 0s
 11250K .......... .......... .......... .......... .......... 58% 84.5M 0s
 11300K .......... .......... .......... .......... .......... 59% 82.5M 0s
 11350K .......... .......... .......... .......... .......... 59% 68.1M 0s
 11400K .......... .......... .......... .......... .......... 59% 9.65M 0s
 11450K .......... .......... .......... .......... .......... 59% 70.6M 0s
 11500K .......... .......... .......... .......... .......... 60% 72.7M 0s
 11550K .......... .......... .......... .......... .......... 60% 79.7M 0s
 11600K .......... .......... .......... .......... .......... 60% 85.9M 0s
 11650K .......... .......... .......... .......... .......... 60% 63.1M 0s
 11700K .......... .......... .......... .......... .......... 61% 9.92M 0s
 11750K .......... .......... .......... .......... .......... 61% 54.7M 0s
 11800K .......... .......... .......... .......... .......... 61% 7.80M 0s
 11850K .......... .......... .......... .......... .......... 62% 2.33M 0s
 11900K .......... .......... .......... .......... .......... 62% 60.0M 0s
 11950K .......... .......... .......... .......... .......... 62% 86.9M 0s
 12000K .......... .......... .......... .......... .......... 62% 80.5M 0s
 12050K .......... .......... .......... .......... .......... 63% 67.6M 0s
 12100K .......... .......... .......... .......... .......... 63% 11.8M 0s
 12150K .......... .......... .......... .......... .......... 63% 29.2M 0s
 12200K .......... .......... .......... .......... .......... 63% 25.1M 0s
 12250K .......... .......... .......... .......... .......... 64% 9.02M 0s
 12300K .......... .......... .......... .......... .......... 64% 42.8M 0s
 12350K .......... .......... .......... .......... .......... 64% 34.7M 0s
 12400K .......... .......... .......... .......... .......... 64% 9.84M 0s
 12450K .......... .......... .......... .......... .......... 65% 64.8M 0s
 12500K .......... .......... .......... .......... .......... 65% 56.1M 0s
 12550K .......... .......... .......... .......... .......... 65% 55.4M 0s
 12600K .......... .......... .......... .......... .......... 65% 44.6M 0s
 12650K .......... .......... .......... .......... .......... 66% 9.65M 0s
 12700K .......... .......... .......... .......... .......... 66% 49.6M 0s
 12750K .......... .......... .......... .......... .......... 66% 53.8M 0s
 12800K .......... .......... .......... .......... .......... 66% 51.8M 0s
 12850K .......... .......... .......... .......... .......... 67% 9.59M 0s
 12900K .......... .......... .......... .......... .......... 67% 97.9M 0s
 12950K .......... .......... .......... .......... .......... 67% 65.0M 0s
 13000K .......... .......... .......... .......... .......... 68% 82.5M 0s
 13050K .......... .......... .......... .......... .......... 68%  115M 0s
 13100K .......... .......... .......... .......... .......... 68% 87.1M 0s
 13150K .......... .......... .......... .......... .......... 68% 10.5M 0s
 13200K .......... .......... .......... .......... .......... 69% 86.5M 0s
 13250K .......... .......... .......... .......... .......... 69% 97.5M 0s
 13300K .......... .......... .......... .......... .......... 69% 81.4M 0s
 13350K .......... .......... .......... .......... .......... 69% 90.2M 0s
 13400K .......... .......... .......... .......... .......... 70% 51.3M 0s
 13450K .......... .......... .......... .......... .......... 70% 10.1M 0s
 13500K .......... .......... .......... .......... .......... 70% 12.8M 0s
 13550K .......... .......... .......... .......... .......... 70% 48.5M 0s
 13600K .......... .......... .......... .......... .......... 71% 48.5M 0s
 13650K .......... .......... .......... .......... .......... 71% 44.0M 0s
 13700K .......... .......... .......... .......... .......... 71% 9.53M 0s
 13750K .......... .......... .......... .......... .......... 71% 94.6M 0s
 13800K .......... .......... .......... .......... .......... 72% 95.4M 0s
 13850K .......... .......... .......... .......... .......... 72% 96.3M 0s
 13900K .......... .......... .......... .......... .......... 72% 97.5M 0s
 13950K .......... .......... .......... .......... .......... 72% 74.5M 0s
 14000K .......... .......... .......... .......... .......... 73% 95.3M 0s
 14050K .......... .......... .......... .......... .......... 73% 10.1M 0s
 14100K .......... .......... .......... .......... .......... 73% 49.0M 0s
 14150K .......... .......... .......... .......... .......... 74% 45.8M 0s
 14200K .......... .......... .......... .......... .......... 74% 42.4M 0s
 14250K .......... .......... .......... .......... .......... 74% 9.35M 0s
 14300K .......... .......... .......... .......... .......... 74% 39.3M 0s
 14350K .......... .......... .......... .......... .......... 75% 37.0M 0s
 14400K .......... .......... .......... .......... .......... 75% 9.76M 0s
 14450K .......... .......... .......... .......... .......... 75% 41.6M 0s
 14500K .......... .......... .......... .......... .......... 75% 43.9M 0s
 14550K .......... .......... .......... .......... .......... 76% 44.5M 0s
 14600K .......... .......... .......... .......... .......... 76% 10.7M 0s
 14650K .......... .......... .......... .......... .......... 76% 69.0M 0s
 14700K .......... .......... .......... .......... .......... 76% 97.0M 0s
 14750K .......... .......... .......... .......... .......... 77% 98.8M 0s
 14800K .......... .......... .......... .......... .......... 77% 97.3M 0s
 14850K .......... .......... .......... .......... .......... 77% 98.4M 0s
 14900K .......... .......... .......... .......... .......... 77% 70.8M 0s
 14950K .......... .......... .......... .......... .......... 78% 10.6M 0s
 15000K .......... .......... .......... .......... .......... 78% 39.9M 0s
 15050K .......... .......... .......... .......... .......... 78% 38.3M 0s
 15100K .......... .......... .......... .......... .......... 78% 5.30M 0s
 15150K .......... .......... .......... .......... .......... 79% 29.2M 0s
 15200K .......... .......... .......... .......... .......... 79% 38.7M 0s
 15250K .......... .......... .......... .......... .......... 79% 5.36M 0s
 15300K .......... .......... .......... .......... .......... 80% 73.2M 0s
 15350K .......... .......... .......... .......... .......... 80% 68.2M 0s
 15400K .......... .......... .......... .......... .......... 80% 81.6M 0s
 15450K .......... .......... .......... .......... .......... 80% 69.7M 0s
 15500K .......... .......... .......... .......... .......... 81% 71.0M 0s
 15550K .......... .......... .......... .......... .......... 81% 59.2M 0s
 15600K .......... .......... .......... .......... .......... 81% 80.7M 0s
 15650K .......... .......... .......... .......... .......... 81% 79.3M 0s
 15700K .......... .......... .......... .......... .......... 82% 84.2M 0s
 15750K .......... .......... .......... .......... .......... 82% 79.0M 0s
 15800K .......... .......... .......... .......... .......... 82% 84.9M 0s
 15850K .......... .......... .......... .......... .......... 82% 10.4M 0s
 15900K .......... .......... .......... .......... .......... 83% 64.1M 0s
 15950K .......... .......... .......... .......... .......... 83% 78.2M 0s
 16000K .......... .......... .......... .......... .......... 83% 79.4M 0s
 16050K .......... .......... .......... .......... .......... 83% 79.0M 0s
 16100K .......... .......... .......... .......... .......... 84% 86.4M 0s
 16150K .......... .......... .......... .......... .......... 84% 80.0M 0s
 16200K .......... .......... .......... .......... .......... 84% 10.4M 0s
 16250K .......... .......... .......... .......... .......... 84% 63.7M 0s
 16300K .......... .......... .......... .......... .......... 85% 79.5M 0s
 16350K .......... .......... .......... .......... .......... 85% 81.0M 0s
 16400K .......... .......... .......... .......... .......... 85% 84.6M 0s
 16450K .......... .......... .......... .......... .......... 86% 79.7M 0s
 16500K .......... .......... .......... .......... .......... 86% 10.4M 0s
 16550K .......... .......... .......... .......... .......... 86% 78.1M 0s
 16600K .......... .......... .......... .......... .......... 86% 75.7M 0s
 16650K .......... .......... .......... .......... .......... 87% 59.8M 0s
 16700K .......... .......... .......... .......... .......... 87% 83.7M 0s
 16750K .......... .......... .......... .......... .......... 87% 81.0M 0s
 16800K .......... .......... .......... .......... .......... 87% 10.5M 0s
 16850K .......... .......... .......... .......... .......... 88% 75.5M 0s
 16900K .......... .......... .......... .......... .......... 88% 79.5M 0s
 16950K .......... .......... .......... .......... .......... 88% 83.2M 0s
 17000K .......... .......... .......... .......... .......... 88% 61.9M 0s
 17050K .......... .......... .......... .......... .......... 89% 74.0M 0s
 17100K .......... .......... .......... .......... .......... 89% 9.99M 0s
 17150K .......... .......... .......... .......... .......... 89% 88.1M 0s
 17200K .......... .......... .......... .......... .......... 89% 82.5M 0s
 17250K .......... .......... .......... .......... .......... 90% 90.1M 0s
 17300K .......... .......... .......... .......... .......... 90% 86.6M 0s
 17350K .......... .......... .......... .......... .......... 90% 88.6M 0s
 17400K .......... .......... .......... .......... .......... 90% 9.88M 0s
 17450K .......... .......... .......... .......... .......... 91% 73.6M 0s
 17500K .......... .......... .......... .......... .......... 91% 81.5M 0s
 17550K .......... .......... .......... .......... .......... 91% 84.7M 0s
 17600K .......... .......... .......... .......... .......... 92% 71.3M 0s
 17650K .......... .......... .......... .......... .......... 92% 86.7M 0s
 17700K .......... .......... .......... .......... .......... 92% 10.4M 0s
 17750K .......... .......... .......... .......... .......... 92% 76.2M 0s
 17800K .......... .......... .......... .......... .......... 93% 60.2M 0s
 17850K .......... .......... .......... .......... .......... 93%  101M 0s
 17900K .......... .......... .......... .......... .......... 93% 78.4M 0s
 17950K .......... .......... .......... .......... .......... 93% 52.7M 0s
 18000K .......... .......... .......... .......... .......... 94% 10.4M 0s
 18050K .......... .......... .......... .......... .......... 94% 70.5M 0s
 18100K .......... .......... .......... .......... .......... 94% 78.3M 0s
 18150K .......... .......... .......... .......... .......... 94% 82.2M 0s
 18200K .......... .......... .......... .......... .......... 95% 73.6M 0s
 18250K .......... .......... .......... .......... .......... 95% 76.7M 0s
 18300K .......... .......... .......... .......... .......... 95% 5.47M 0s
 18350K .......... .......... .......... .......... .......... 95% 28.7M 0s
 18400K .......... .......... .......... .......... .......... 96% 29.5M 0s
 18450K .......... .......... .......... .......... .......... 96% 43.8M 0s
 18500K .......... .......... .......... .......... .......... 96% 51.8M 0s
 18550K .......... .......... .......... .......... .......... 96% 42.1M 0s
 18600K .......... .......... .......... .......... .......... 97% 7.56M 0s
 18650K .......... .......... .......... .......... .......... 97% 34.9M 0s
 18700K .......... .......... .......... .......... .......... 97% 9.17M 0s
 18750K .......... .......... .......... .......... .......... 98% 34.3M 0s
 18800K .......... .......... .......... .......... .......... 98% 27.8M 0s
 18850K .......... .......... .......... .......... .......... 98% 7.57M 0s
 18900K .......... .......... .......... .......... .......... 98% 29.4M 0s
 18950K .......... .......... .......... .......... .......... 99% 8.61M 0s
 19000K .......... .......... .......... .......... .......... 99% 29.7M 0s
 19050K .......... .......... .......... .......... .......... 99% 8.72M 0s
 19100K .......... .......... .......... .......... .......... 99% 6.09M 0s
 19150K .......... .......... .......... .                    100% 25.8M=0.8s

2026-07-27 07:15:57 (24.4 MB/s) - ‘bin/libs/native/linux/arm64/org/lwjgl/openal/libopenal.so’ saved [19642232/19642232]

--2026-07-27 07:15:57--  https://github.com/AngelAuraMC/shaderc/releases/latest/download/libshaderc-arm64-v8a.zip
Resolving github.com (github.com)... 140.82.114.4
Connecting to github.com (github.com)|140.82.114.4|:443... connected.
HTTP request sent, awaiting response... 302 Found
Location: https://github.com/AngelAuraMC/shaderc/releases/download/0.0.2/libshaderc-arm64-v8a.zip [following]
--2026-07-27 07:15:58--  https://github.com/AngelAuraMC/shaderc/releases/download/0.0.2/libshaderc-arm64-v8a.zip
Reusing existing connection to github.com:443.
HTTP request sent, awaiting response... 302 Found
Location: https://release-assets.githubusercontent.com/github-production-release-asset/1022506098/d165d36d-6a6a-48c9-8c5c-fe1f5e3e547e?sp=r&sv=2018-11-09&sr=b&spr=https&se=2026-07-27T07%3A57%3A52Z&rscd=attachment%3B+filename%3Dlibshaderc-arm64-v8a.zip&rsct=application%2Foctet-stream&skoid=96c2d410-5711-43a1-aedd-ab1947aa7ab0&sktid=398a6654-997b-47e9-b12b-9515b896b4de&skt=2026-07-27T06%3A56%3A56Z&ske=2026-07-27T07%3A57%3A52Z&sks=b&skv=2018-11-09&sig=vYapoe464fG4ajTMB09SuLdO5CsYRSC2XmK9TGyeT4s%3D&jwt=eyJ0eXAiOiJKV1QiLCJhbGciOiJIUzI1NiJ9.eyJpc3MiOiJnaXRodWIuY29tIiwiYXVkIjoicmVsZWFzZS1hc3NldHMuZ2l0aHVidXNlcmNvbnRlbnQuY29tIiwia2V5Ijoia2V5MSIsImV4cCI6MTc4NTEzNjg1OCwibmJmIjoxNzg1MTM2NTU4LCJwYXRoIjoicmVsZWFzZWFzc2V0cHJvZHVjdGlvbi5ibG9iLmNvcmUud2luZG93cy5uZXQifQ.RpP_Yr1-F88ocgSdDhLHN1wxPXYKIssJehOTfzMEn-Q&response-content-disposition=attachment%3B%20filename%3Dlibshaderc-arm64-v8a.zip&response-content-type=application%2Foctet-stream [following]
--2026-07-27 07:15:58--  https://release-assets.githubusercontent.com/github-production-release-asset/1022506098/d165d36d-6a6a-48c9-8c5c-fe1f5e3e547e?sp=r&sv=2018-11-09&sr=b&spr=https&se=2026-07-27T07%3A57%3A52Z&rscd=attachment%3B+filename%3Dlibshaderc-arm64-v8a.zip&rsct=application%2Foctet-stream&skoid=96c2d410-5711-43a1-aedd-ab1947aa7ab0&sktid=398a6654-997b-47e9-b12b-9515b896b4de&skt=2026-07-27T06%3A56%3A56Z&ske=2026-07-27T07%3A57%3A52Z&sks=b&skv=2018-11-09&sig=vYapoe464fG4ajTMB09SuLdO5CsYRSC2XmK9TGyeT4s%3D&jwt=eyJ0eXAiOiJKV1QiLCJhbGciOiJIUzI1NiJ9.eyJpc3MiOiJnaXRodWIuY29tIiwiYXVkIjoicmVsZWFzZS1hc3NldHMuZ2l0aHVidXNlcmNvbnRlbnQuY29tIiwia2V5Ijoia2V5MSIsImV4cCI6MTc4NTEzNjg1OCwibmJmIjoxNzg1MTM2NTU4LCJwYXRoIjoicmVsZWFzZWFzc2V0cHJvZHVjdGlvbi5ibG9iLmNvcmUud2luZG93cy5uZXQifQ.RpP_Yr1-F88ocgSdDhLHN1wxPXYKIssJehOTfzMEn-Q&response-content-disposition=attachment%3B%20filename%3Dlibshaderc-arm64-v8a.zip&response-content-type=application%2Foctet-stream
Resolving release-assets.githubusercontent.com (release-assets.githubusercontent.com)... 185.199.109.133, 185.199.111.133, 185.199.108.133, ...
Connecting to release-assets.githubusercontent.com (release-assets.githubusercontent.com)|185.199.109.133|:443... connected.
HTTP request sent, awaiting response... 200 OK
Length: 2956403 (2.8M) [application/octet-stream]
Saving to: ‘libshaderc-arm64-v8a.zip’

     0K .......... .......... .......... .......... ..........  1% 4.27M 1s
    50K .......... .......... .......... .......... ..........  3% 2.44M 1s
   100K .......... .......... .......... .......... ..........  5% 25.5M 1s
   150K .......... .......... .......... .......... ..........  6% 4.82M 1s
   200K .......... .......... .......... .......... ..........  8% 44.3M 0s
   250K .......... .......... .......... .......... .......... 10% 89.7M 0s
   300K .......... .......... .......... .......... .......... 12% 12.4M 0s
   350K .......... .......... .......... .......... .......... 13% 20.3M 0s
   400K .......... .......... .......... .......... .......... 15% 71.6M 0s
   450K .......... .......... .......... .......... .......... 17% 15.3M 0s
   500K .......... .......... .......... .......... .......... 19%  187M 0s
   550K .......... .......... .......... .......... .......... 20%  291M 0s
   600K .......... .......... .......... .......... .......... 22% 6.70M 0s
   650K .......... .......... .......... .......... .......... 24%  215M 0s
   700K .......... .......... .......... .......... .......... 25% 40.6M 0s
   750K .......... .......... .......... .......... .......... 27%  155M 0s
   800K .......... .......... .......... .......... .......... 29% 33.4M 0s
   850K .......... .......... .......... .......... .......... 31%  201M 0s
   900K .......... .......... .......... .......... .......... 32% 9.81M 0s
   950K .......... .......... .......... .......... .......... 34%  153M 0s
  1000K .......... .......... .......... .......... .......... 36%  276M 0s
  1050K .......... .......... .......... .......... .......... 38%  266M 0s
  1100K .......... .......... .......... .......... .......... 39% 12.8M 0s
  1150K .......... .......... .......... .......... .......... 41%  139M 0s
  1200K .......... .......... .......... .......... .......... 43% 60.0M 0s
  1250K .......... .......... .......... .......... .......... 45% 72.1M 0s
  1300K .......... .......... .......... .......... .......... 46% 85.3M 0s
  1350K .......... .......... .......... .......... .......... 48%  242M 0s
  1400K .......... .......... .......... .......... .......... 50%  260M 0s
  1450K .......... .......... .......... .......... .......... 51% 9.64M 0s
  1500K .......... .......... .......... .......... .......... 53% 47.4M 0s
  1550K .......... .......... .......... .......... .......... 55%  237M 0s
  1600K .......... .......... .......... .......... .......... 57%  249M 0s
  1650K .......... .......... .......... .......... .......... 58%  219M 0s
  1700K .......... .......... .......... .......... .......... 60%  263M 0s
  1750K .......... .......... .......... .......... .......... 62% 50.4M 0s
  1800K .......... .......... .......... .......... .......... 64%  274M 0s
  1850K .......... .......... .......... .......... .......... 65% 11.3M 0s
  1900K .......... .......... .......... .......... .......... 67%  168M 0s
  1950K .......... .......... .......... .......... .......... 69%  279M 0s
  2000K .......... .......... .......... .......... .......... 71%  286M 0s
  2050K .......... .......... .......... .......... .......... 72%  285M 0s
  2100K .......... .......... .......... .......... .......... 74%  266M 0s
  2150K .......... .......... .......... .......... .......... 76%  292M 0s
  2200K .......... .......... .......... .......... .......... 77%  227M 0s
  2250K .......... .......... .......... .......... .......... 79%  287M 0s
  2300K .......... .......... .......... .......... .......... 81%  112M 0s
  2350K .......... .......... .......... .......... .......... 83% 92.3M 0s
  2400K .......... .......... .......... .......... .......... 84%  114M 0s
  2450K .......... .......... .......... .......... .......... 86%  276M 0s
  2500K .......... .......... .......... .......... .......... 88%  227M 0s
  2550K .......... .......... .......... .......... .......... 90%  285M 0s
  2600K .......... .......... .......... .......... .......... 91%  255M 0s
  2650K .......... .......... .......... .......... .......... 93% 11.3M 0s
  2700K .......... .......... .......... .......... .......... 95%  166M 0s
  2750K .......... .......... .......... .......... .......... 96%  277M 0s
  2800K .......... .......... .......... .......... .......... 98%  269M 0s
  2850K .......... .......... .......... .......              100%  293M=0.1s

2026-07-27 07:15:58 (28.2 MB/s) - ‘libshaderc-arm64-v8a.zip’ saved [2956403/2956403]

Archive:  libshaderc-arm64-v8a.zip
  inflating: bin/libs/native/linux/arm64/org/lwjgl/shaderc/libshaderc.so
Apache Ant(TM) version 1.10.14 compiled on September 25 2023
Buildfile: /app/external/lwjgl3/build.xml
    [mkdir] Created dir: /app/external/lwjgl3/bin/classes/ant
[javac: Custom Ant Tasks] Compiling 3 source files to /app/external/lwjgl3/bin/classes/ant

init:
 [override] Build architecture: arm64

check-dependencies:

update-dependencies:
    [mkdir] Created dir: /app/external/lwjgl3/bin/libs/java/kotlinc/lib

BUILD SUCCESSFUL
Total time: 8 seconds
Buildfile: /app/external/lwjgl3/build.xml

init:
 [override] Build architecture: arm64
 [override] Build offline: true

check-dependencies:

generate:

compile:
[javac: compile @NullMarked] Compiling 1 source file to /app/external/lwjgl3/bin/classes/ant
[jar: update JSpecify] Updating jar: /app/external/lwjgl3/bin/libs/java/jspecify.jar
    [mkdir] Created dir: /app/external/lwjgl3/bin/classes/lwjgl/core
[javac: core] Compiling 205 source files to /app/external/lwjgl3/bin/classes/lwjgl/core
    [mkdir] Created dir: /app/external/lwjgl3/bin/classes/lwjgl/core/META-INF/versions/11
[javac: Core - Java 11] Compiling 4 source files to /app/external/lwjgl3/bin/classes/lwjgl/core/META-INF/versions/11
    [mkdir] Created dir: /app/external/lwjgl3/bin/classes/lwjgl/core/META-INF/versions/17
[javac: Core - Java 17] Compiling 1 source file to /app/external/lwjgl3/bin/classes/lwjgl/core/META-INF/versions/17
[javac: Core - Java 17] /app/external/lwjgl3/modules/lwjgl/core17/src/main/java/org/lwjgl/system/MemoryUtilTunables.java:12: warning: Unsafe is internal proprietary API and may be removed in a future release
[javac: Core - Java 17] import static sun.misc.Unsafe.*;
[javac: Core - Java 17]                       ^
[javac: Core - Java 17] 1 warning
    [mkdir] Created dir: /app/external/lwjgl3/bin/classes/lwjgl/assimp
    [mkdir] Created dir: /app/external/lwjgl3/bin/classes/lwjgl/egl
    [mkdir] Created dir: /app/external/lwjgl3/bin/classes/lwjgl/fmod
    [mkdir] Created dir: /app/external/lwjgl3/bin/classes/lwjgl/bgfx
    [mkdir] Created dir: /app/external/lwjgl3/bin/classes/lwjgl/freetype
    [mkdir] Created dir: /app/external/lwjgl3/bin/classes/lwjgl/harfbuzz
    [mkdir] Created dir: /app/external/lwjgl3/bin/classes/lwjgl/jawt
    [mkdir] Created dir: /app/external/lwjgl3/bin/classes/lwjgl/hwloc
    [mkdir] Created dir: /app/external/lwjgl3/bin/classes/lwjgl/jemalloc
    [mkdir] Created dir: /app/external/lwjgl3/bin/classes/lwjgl/llvm
    [mkdir] Created dir: /app/external/lwjgl3/bin/classes/lwjgl/lmdb
    [mkdir] Created dir: /app/external/lwjgl3/bin/classes/lwjgl/lz4
[javac: freetype] Compiling 148 source files to /app/external/lwjgl3/bin/classes/lwjgl/freetype
    [mkdir] Created dir: /app/external/lwjgl3/bin/classes/lwjgl/meshoptimizer
    [mkdir] Created dir: /app/external/lwjgl3/bin/classes/lwjgl/nfd
    [mkdir] Created dir: /app/external/lwjgl3/bin/classes/lwjgl/msdfgen
    [mkdir] Created dir: /app/external/lwjgl3/bin/classes/lwjgl/nanovg
    [mkdir] Created dir: /app/external/lwjgl3/bin/classes/lwjgl/nuklear
[javac: nanovg] Compiling 22 source files to /app/external/lwjgl3/bin/classes/lwjgl/nanovg
    [mkdir] Created dir: /app/external/lwjgl3/bin/classes/lwjgl/odbc
    [mkdir] Created dir: /app/external/lwjgl3/bin/classes/lwjgl/openal
    [mkdir] Created dir: /app/external/lwjgl3/bin/classes/lwjgl/opencl
    [mkdir] Created dir: /app/external/lwjgl3/bin/classes/lwjgl/opengles
    [mkdir] Created dir: /app/external/lwjgl3/bin/classes/lwjgl/opus
    [mkdir] Created dir: /app/external/lwjgl3/bin/classes/lwjgl/par
    [mkdir] Created dir: /app/external/lwjgl3/bin/classes/lwjgl/remotery
    [mkdir] Created dir: /app/external/lwjgl3/bin/classes/lwjgl/renderdoc
[javac: openal] Compiling 82 source files to /app/external/lwjgl3/bin/classes/lwjgl/openal
    [mkdir] Created dir: /app/external/lwjgl3/bin/classes/lwjgl/rpmalloc
    [mkdir] Created dir: /app/external/lwjgl3/bin/classes/lwjgl/shaderc
[javac: shaderc] Compiling 37 source files to /app/external/lwjgl3/bin/classes/lwjgl/shaderc
    [mkdir] Created dir: /app/external/lwjgl3/bin/classes/lwjgl/spng
[javac: spng] Compiling 34 source files to /app/external/lwjgl3/bin/classes/lwjgl/spng
[javac: openal] /app/external/lwjgl3/modules/lwjgl/openal/src/main/java/org/lwjgl/openal/ALCdevice.java:50: warning: [overrides] Class ALCdevice overrides equals, but neither it nor any superclass overrides hashCode method
[javac: openal] public final class ALCdevice {
[javac: openal]              ^
[javac: openal] /app/external/lwjgl3/modules/lwjgl/openal/src/main/java/org/lwjgl/openal/ALCcontext.java:52: warning: [overrides] Class ALCcontext overrides equals, but neither it nor any superclass overrides hashCode method
[javac: openal] public final class ALCcontext {
[javac: openal]              ^
    [mkdir] Created dir: /app/external/lwjgl3/bin/classes/lwjgl/spvc
[javac: spvc] Compiling 23 source files to /app/external/lwjgl3/bin/classes/lwjgl/spvc
[javac: openal] 2 warnings
    [mkdir] Created dir: /app/external/lwjgl3/bin/classes/lwjgl/stb
[javac: stb] Compiling 46 source files to /app/external/lwjgl3/bin/classes/lwjgl/stb
    [mkdir] Created dir: /app/external/lwjgl3/bin/classes/lwjgl/tinyexr
    [mkdir] Created dir: /app/external/lwjgl3/bin/classes/lwjgl/tinyfd
[javac: tinyfd] Compiling 2 source files to /app/external/lwjgl3/bin/classes/lwjgl/tinyfd
    [mkdir] Created dir: /app/external/lwjgl3/bin/classes/lwjgl/vulkan
    [mkdir] Created dir: /app/external/lwjgl3/bin/classes/lwjgl/xxhash
    [mkdir] Created dir: /app/external/lwjgl3/bin/classes/lwjgl/yoga
    [mkdir] Created dir: /app/external/lwjgl3/bin/classes/lwjgl/zstd
[javac: vulkan] Compiling 2150 source files to /app/external/lwjgl3/bin/classes/lwjgl/vulkan
    [mkdir] Created dir: /app/external/lwjgl3/bin/classes/lwjgl/vma
    [mkdir] Created dir: /app/external/lwjgl3/bin/classes/lwjgl/sdl
    [mkdir] Created dir: /app/external/lwjgl3/bin/classes/lwjgl/opengl
[javac: vma] Compiling 28 source files to /app/external/lwjgl3/bin/classes/lwjgl/vma
[javac: sdl] Compiling 287 source files to /app/external/lwjgl3/bin/classes/lwjgl/sdl
[javac: opengl] Compiling 465 source files to /app/external/lwjgl3/bin/classes/lwjgl/opengl
    [mkdir] Created dir: /app/external/lwjgl3/bin/classes/lwjgl/glfw
[javac: glfw] Compiling 70 source files to /app/external/lwjgl3/bin/classes/lwjgl/glfw
    [mkdir] Created dir: /app/external/lwjgl3/bin/classes/lwjgl/lwjglx
[javac: lwjglx] Compiling 115 source files to /app/external/lwjgl3/bin/classes/lwjgl/lwjglx
[javac: lwjglx] /app/external/lwjgl3/modules/lwjgl/lwjglx/src/main/java/org/lwjgl/LWJGLUtil.java:555: warning: [rawtypes] found raw type: Class
[javac: lwjglx] 			final Class... tokenClasses) {
[javac: lwjglx] 			      ^
[javac: lwjglx]   missing type arguments for generic class Class<T>
[javac: lwjglx]   where T is a type-variable:
[javac: lwjglx]     T extends Object declared in class Class
[javac: lwjglx] /app/external/lwjgl3/modules/lwjgl/lwjglx/src/main/java/org/lwjgl/LWJGLUtil.java:578: warning: [rawtypes] found raw type: Class
[javac: lwjglx] 			final Iterable<Class> tokenClasses) {
[javac: lwjglx] 			               ^
[javac: lwjglx]   missing type arguments for generic class Class<T>
[javac: lwjglx]   where T is a type-variable:
[javac: lwjglx]     T extends Object declared in class Class
[javac: lwjglx] /app/external/lwjgl3/modules/lwjgl/lwjglx/src/main/java/org/lwjgl/LWJGLUtil.java:584: warning: [rawtypes] found raw type: Class
[javac: lwjglx] 		for (final Class tokenClass : tokenClasses) {
[javac: lwjglx] 		           ^
[javac: lwjglx]   missing type arguments for generic class Class<T>
[javac: lwjglx]   where T is a type-variable:
[javac: lwjglx]     T extends Object declared in class Class
[javac: lwjglx] /app/external/lwjgl3/modules/lwjgl/lwjglx/src/main/java/org/lwjgl/input/GLFWInputImplementation.java:158: warning: [cast] redundant cast to int
[javac: lwjglx]             mouseY = (int)((py - Display.getHeight())*-1);
[javac: lwjglx]                      ^
[javac: lwjglx] /app/external/lwjgl3/modules/lwjgl/lwjglx/src/main/java/org/lwjgl/input/Mouse.java:158: warning: [rawtypes] found raw type: Class
[javac: lwjglx]             Class infdevMouse = Class.forName("org.lwjgl.input.InfdevMouse");
[javac: lwjglx]             ^
[javac: lwjglx]   missing type arguments for generic class Class<T>
[javac: lwjglx]   where T is a type-variable:
[javac: lwjglx]     T extends Object declared in class Class
[javac: lwjglx] /app/external/lwjgl3/modules/lwjgl/lwjglx/src/main/java/org/lwjgl/input/Mouse.java:159: warning: [rawtypes] found raw type: Constructor
[javac: lwjglx]             Constructor constructor = infdevMouse.getConstructor();
[javac: lwjglx]             ^
[javac: lwjglx]   missing type arguments for generic class Constructor<T>
[javac: lwjglx]   where T is a type-variable:
[javac: lwjglx]     T extends Object declared in class Constructor
[javac: lwjglx] /app/external/lwjgl3/modules/lwjgl/lwjglx/src/main/java/org/lwjgl/input/Mouse.java:159: warning: [unchecked] unchecked call to getConstructor(Class<?>...) as a member of the raw type Class
[javac: lwjglx]             Constructor constructor = infdevMouse.getConstructor();
[javac: lwjglx]                                                                 ^
[javac: lwjglx]   where T is a type-variable:
[javac: lwjglx]     T extends Object declared in class Class
[javac: lwjglx] /app/external/lwjgl3/modules/lwjgl/lwjglx/src/main/java/org/lwjgl/input/Keyboard.java:204: warning: [dep-ann] deprecated item is not annotated with @Deprecated
[javac: lwjglx]     public static final int KEY_LWIN            = KEY_LMETA; /* Left Windows key */
[javac: lwjglx]                             ^
[javac: lwjglx] /app/external/lwjgl3/modules/lwjgl/lwjglx/src/main/java/org/lwjgl/input/Keyboard.java:211: warning: [dep-ann] deprecated item is not annotated with @Deprecated
[javac: lwjglx]     public static final int KEY_RWIN            = KEY_RMETA; /* Right Windows key */
[javac: lwjglx]                             ^
[javac: lwjglx] /app/external/lwjgl3/modules/lwjgl/lwjglx/src/main/java/org/lwjgl/opengl/AWTGLCanvas.java:111: warning: [static] static method should be qualified by type name, ContextGL, instead of by an expression
[javac: lwjglx]         mContextGL.setSwapInterval(swap_interval);
[javac: lwjglx]                   ^
[javac: lwjglx] /app/external/lwjgl3/modules/lwjgl/lwjglx/src/main/java/org/lwjgl/opengl/AWTGLCanvas.java:115: warning: [static] static method should be qualified by type name, ContextGL, instead of by an expression
[javac: lwjglx]         mContextGL.setSwapInterval(enabled ? 1 : 0);
[javac: lwjglx]                   ^
[javac: lwjglx] /app/external/lwjgl3/modules/lwjgl/lwjglx/src/main/java/org/lwjgl/opengl/AWTGLCanvas.java:119: warning: [static] static method should be qualified by type name, ContextGL, instead of by an expression
[javac: lwjglx]         mContextGL.swapBuffers();
[javac: lwjglx]                   ^
[javac: lwjglx] /app/external/lwjgl3/modules/lwjgl/lwjglx/src/main/java/org/lwjgl/opengl/AWTGLCanvas.java:47: warning: [serial] non-transient instance field of a serializable class declared with a non-serializable type
[javac: lwjglx]     private ContextGL mContextGL;
[javac: lwjglx]                       ^
[javac: lwjglx] /app/external/lwjgl3/modules/lwjgl/lwjglx/src/main/java/org/lwjgl/opengl/AWTGLCanvas.java:48: warning: [serial] non-transient instance field of a serializable class declared with a non-serializable type
[javac: lwjglx]     private PixelFormatLWJGL mPixelFormat;
[javac: lwjglx]                              ^
[javac: lwjglx] /app/external/lwjgl3/modules/lwjgl/lwjglx/src/main/java/org/lwjgl/opengl/AWTGLCanvas.java:49: warning: [serial] non-transient instance field of a serializable class declared with a non-serializable type
[javac: lwjglx]     private ContextAttribs mCtxAttrs;
[javac: lwjglx]                            ^
[javac: lwjglx] /app/external/lwjgl3/modules/lwjgl/lwjglx/src/main/java/org/lwjgl/opengl/ContextCapabilities.java:24: warning: [this-escape] possible 'this' escape before subclass is fully initialized
[javac: lwjglx]                         f.setBoolean(this, value);
[javac: lwjglx]                                      ^
[javac: lwjglx] /app/external/lwjgl3/modules/lwjgl/lwjglx/src/main/java/org/lwjgl/opengl/Display.java:292: warning: [cast] redundant cast to int
[javac: lwjglx]                 GLFWInputImplementation.singleton.putKeyboardEvent(0,(byte)1,(int)codepoint,Sys.getNanoTime(),false);
[javac: lwjglx]                                                                              ^
[javac: lwjglx] /app/external/lwjgl3/modules/lwjgl/lwjglx/src/main/java/org/lwjgl/opengl/Sync.java:196: warning: [lossy-conversions] implicit cast from float to long in compound assignment is possibly lossy
[javac: lwjglx]                     this.slots[i] *= DAMPEN_FACTOR;
[javac: lwjglx]                                      ^
[javac: lwjglx] /app/external/lwjgl3/modules/lwjgl/lwjglx/src/main/java/org/lwjgl/util/Rectangle.java:42: warning: [overrides] Class Rectangle overrides equals, but neither it nor any superclass overrides hashCode method
[javac: lwjglx] public final class Rectangle implements ReadableRectangle, WritableRectangle, Serializable {
[javac: lwjglx]              ^
[javac: lwjglx] /app/external/lwjgl3/modules/lwjgl/lwjglx/src/main/java/org/lwjgl/util/Timer.java:76: warning: [this-escape] possible 'this' escape before subclass is fully initialized
[javac: lwjglx] 		reset();
[javac: lwjglx] 		     ^
[javac: lwjglx] /app/external/lwjgl3/modules/lwjgl/lwjglx/src/main/java/org/lwjgl/util/glu/tessellation/GLUtessellatorImpl.java:267: warning: [fallthrough] possible fall-through into case
[javac: lwjglx]             case GLU_TESS_BOUNDARY_ONLY:
[javac: lwjglx]             ^
[javac: lwjglx] /app/external/lwjgl3/modules/lwjgl/lwjglx/src/main/java/org/lwjgl/util/vector/Matrix.java:46: warning: [serial] serializable class Matrix has no definition of serialVersionUID
[javac: lwjglx] public abstract class Matrix implements Serializable {
[javac: lwjglx]                 ^
[javac: lwjglx] /app/external/lwjgl3/modules/lwjgl/lwjglx/src/main/java/org/lwjgl/util/vector/Matrix2f.java:56: warning: [this-escape] possible 'this' escape before subclass is fully initialized
[javac: lwjglx] 		setIdentity();
[javac: lwjglx] 		           ^
[javac: lwjglx] /app/external/lwjgl3/modules/lwjgl/lwjglx/src/main/java/org/lwjgl/util/vector/Matrix2f.java:63: warning: [this-escape] possible 'this' escape before subclass is fully initialized
[javac: lwjglx] 		load(src);
[javac: lwjglx] 		    ^
[javac: lwjglx] /app/external/lwjgl3/modules/lwjgl/lwjglx/src/main/java/org/lwjgl/util/vector/Vector.java:45: warning: [serial] serializable class Vector has no definition of serialVersionUID
[javac: lwjglx] public abstract class Vector implements Serializable, ReadableVector {
[javac: lwjglx]                 ^
[javac: lwjglx] /app/external/lwjgl3/modules/lwjgl/lwjglx/src/main/java/org/lwjgl/util/vector/Vector2f.java:63: warning: [this-escape] possible 'this' escape before subclass is fully initialized
[javac: lwjglx] 		set(src);
[javac: lwjglx] 		   ^
[javac: lwjglx] /app/external/lwjgl3/modules/lwjgl/lwjglx/src/main/java/org/lwjgl/util/vector/Vector2f.java:70: warning: [this-escape] possible 'this' escape before subclass is fully initialized
[javac: lwjglx] 		set(x, y);
[javac: lwjglx] 		   ^
[javac: lwjglx] /app/external/lwjgl3/modules/lwjgl/lwjglx/src/main/java/org/lwjgl/util/vector/Matrix3f.java:65: warning: [this-escape] possible 'this' escape before subclass is fully initialized
[javac: lwjglx] 		setIdentity();
[javac: lwjglx] 		           ^
[javac: lwjglx] /app/external/lwjgl3/modules/lwjgl/lwjglx/src/main/java/org/lwjgl/util/vector/Vector3f.java:63: warning: [this-escape] possible 'this' escape before subclass is fully initialized
[javac: lwjglx] 		set(src);
[javac: lwjglx] 		   ^
[javac: lwjglx] /app/external/lwjgl3/modules/lwjgl/lwjglx/src/main/java/org/lwjgl/util/vector/Vector3f.java:70: warning: [this-escape] possible 'this' escape before subclass is fully initialized
[javac: lwjglx] 		set(x, y, z);
[javac: lwjglx] 		   ^
[javac: lwjglx] /app/external/lwjgl3/modules/lwjgl/lwjglx/src/main/java/org/lwjgl/util/vector/Matrix4f.java:52: warning: [this-escape] possible 'this' escape before subclass is fully initialized
[javac: lwjglx] 		setIdentity();
[javac: lwjglx] 		           ^
[javac: lwjglx] /app/external/lwjgl3/modules/lwjgl/lwjglx/src/main/java/org/lwjgl/util/vector/Matrix4f.java:57: warning: [this-escape] possible 'this' escape before subclass is fully initialized
[javac: lwjglx] 		load(src);
[javac: lwjglx] 		    ^
[javac: lwjglx] /app/external/lwjgl3/modules/lwjgl/lwjglx/src/main/java/org/lwjgl/util/vector/Vector4f.java:63: warning: [this-escape] possible 'this' escape before subclass is fully initialized
[javac: lwjglx] 		set(src);
[javac: lwjglx] 		   ^
[javac: lwjglx] /app/external/lwjgl3/modules/lwjgl/lwjglx/src/main/java/org/lwjgl/util/vector/Vector4f.java:70: warning: [this-escape] possible 'this' escape before subclass is fully initialized
[javac: lwjglx] 		set(x, y, z, w);
[javac: lwjglx] 		   ^
[javac: lwjglx] /app/external/lwjgl3/modules/lwjgl/lwjglx/src/main/java/org/lwjgl/util/vector/Quaternion.java:55: warning: [this-escape] possible 'this' escape before subclass is fully initialized
[javac: lwjglx] 		setIdentity();
[javac: lwjglx] 		           ^
[javac: lwjglx] /app/external/lwjgl3/modules/lwjgl/lwjglx/src/main/java/org/lwjgl/util/vector/Quaternion.java:64: warning: [this-escape] possible 'this' escape before subclass is fully initialized
[javac: lwjglx] 		set(src);
[javac: lwjglx] 		   ^
[javac: lwjglx] /app/external/lwjgl3/modules/lwjgl/lwjglx/src/main/java/org/lwjgl/util/vector/Quaternion.java:72: warning: [this-escape] possible 'this' escape before subclass is fully initialized
[javac: lwjglx] 		set(x, y, z, w);
[javac: lwjglx] 		   ^
[javac: lwjglx] 37 warnings
    [mkdir] Created dir: /app/external/lwjgl3/bin/classes/lwjgl/ktx
    [mkdir] Created dir: /app/external/lwjgl3/bin/classes/lwjgl/openxr

init:
 [override] Build architecture: arm64
 [override] Build offline: true

check-dependencies:

generate:

compile:

compile-native:
    [mkdir] Created dir: /app/external/lwjgl3/bin/linux/arm64

compile-native-platform:
 [Compiler] /opt/android-sdk/ndk/30.0.14904198/toolchains/llvm/prebuilt/linux-x86_64/bin/aarch64-linux-android21-clang --version: "Android (14475230, +pgo, +bolt, +lto, +mlgo, based on r574158) clang version 21.0.0 (https://android.googlesource.com/toolchain/llvm-project 9f872551d3c681d06fd303b36f16ed5c274735eb)"
    [mkdir] Created dir: /app/external/lwjgl3/bin/linux/arm64/core
    [mkdir] Created dir: /app/external/lwjgl3/bin/linux/arm64/nanovg
    [mkdir] Created dir: /app/external/lwjgl3/bin/linux/arm64/opengl
    [mkdir] Created dir: /app/external/lwjgl3/bin/linux/arm64/nuklear
    [mkdir] Created dir: /app/external/lwjgl3/bin/linux/arm64/par
    [mkdir] Created dir: /app/external/lwjgl3/bin/linux/arm64/spng
    [mkdir] Created dir: /app/external/lwjgl3/bin/linux/arm64/stb
    [mkdir] Created dir: /app/external/lwjgl3/bin/linux/arm64/tinyfd
 [Compiler] /app/external/lwjgl3/modules/lwjgl/tinyfd/src/main/c/tinyfiledialogs.c:3500:21: warning: 'strtok' is deprecated: strtok() is not thread-safe; use strtok_r() instead [-Wdeprecated-declarations]
 [Compiler]  3500 |                 lArray[0] = atoi( strtok(lTmp," ,.-") ) ;
 [Compiler]       |                                   ^
 [Compiler] /opt/android-sdk/ndk/30.0.14904198/toolchains/llvm/prebuilt/linux-x86_64/bin/../sysroot/usr/include/string.h:125:20: note: 'strtok' has been explicitly marked deprecated here
 [Compiler]   125 |     __attribute__((__deprecated__("strtok() is not thread-safe; use strtok_r() instead")));
 [Compiler]       |                    ^
 [Compiler] /app/external/lwjgl3/modules/lwjgl/tinyfd/src/main/c/tinyfiledialogs.c:3502:21: warning: 'strtok' is deprecated: strtok() is not thread-safe; use strtok_r() instead [-Wdeprecated-declarations]
 [Compiler]  3502 |                 lArray[1] = atoi( strtok(0," ,.-") ) ;
 [Compiler]       |                                   ^
 [Compiler] /opt/android-sdk/ndk/30.0.14904198/toolchains/llvm/prebuilt/linux-x86_64/bin/../sysroot/usr/include/string.h:125:20: note: 'strtok' has been explicitly marked deprecated here
 [Compiler]   125 |     __attribute__((__deprecated__("strtok() is not thread-safe; use strtok_r() instead")));
 [Compiler]       |                    ^
 [Compiler] /app/external/lwjgl3/modules/lwjgl/tinyfd/src/main/c/tinyfiledialogs.c:3504:21: warning: 'strtok' is deprecated: strtok() is not thread-safe; use strtok_r() instead [-Wdeprecated-declarations]
 [Compiler]  3504 |                 lArray[2] = atoi( strtok(0," ,.-") ) ;
 [Compiler]       |                                   ^
 [Compiler] /opt/android-sdk/ndk/30.0.14904198/toolchains/llvm/prebuilt/linux-x86_64/bin/../sysroot/usr/include/string.h:125:20: note: 'strtok' has been explicitly marked deprecated here
 [Compiler]   125 |     __attribute__((__deprecated__("strtok() is not thread-safe; use strtok_r() instead")));
 [Compiler]       |                    ^
 [Compiler] /app/external/lwjgl3/modules/lwjgl/tinyfd/src/main/c/tinyfiledialogs.c:3587:18: warning: 'strtok' is deprecated: strtok() is not thread-safe; use strtok_r() instead [-Wdeprecated-declarations]
 [Compiler]  3587 |                 lMajor = atoi( strtok(lVersion," ,.-") ) ;
 [Compiler]       |                                ^
 [Compiler] /opt/android-sdk/ndk/30.0.14904198/toolchains/llvm/prebuilt/linux-x86_64/bin/../sysroot/usr/include/string.h:125:20: note: 'strtok' has been explicitly marked deprecated here
 [Compiler]   125 |     __attribute__((__deprecated__("strtok() is not thread-safe; use strtok_r() instead")));
 [Compiler]       |                    ^
 [Compiler] /app/external/lwjgl3/modules/lwjgl/tinyfd/src/main/c/tinyfiledialogs.c:3589:13: warning: 'strtok' is deprecated: strtok() is not thread-safe; use strtok_r() instead [-Wdeprecated-declarations]
 [Compiler]  3589 |                 lMinorP = strtok(0," ,.-abcdefghijklmnopqrstuvxyz");
 [Compiler]       |                           ^
 [Compiler] /opt/android-sdk/ndk/30.0.14904198/toolchains/llvm/prebuilt/linux-x86_64/bin/../sysroot/usr/include/string.h:125:20: note: 'strtok' has been explicitly marked deprecated here
 [Compiler]   125 |     __attribute__((__deprecated__("strtok() is not thread-safe; use strtok_r() instead")));
 [Compiler]       |                    ^
 [Compiler] /app/external/lwjgl3/modules/lwjgl/tinyfd/src/main/c/tinyfiledialogs.c:3592:17: warning: 'strtok' is deprecated: strtok() is not thread-safe; use strtok_r() instead [-Wdeprecated-declarations]
 [Compiler]  3592 |                 lDate = atoi( strtok(0," ,.-") ) ;
 [Compiler]       |                               ^
 [Compiler] /opt/android-sdk/ndk/30.0.14904198/toolchains/llvm/prebuilt/linux-x86_64/bin/../sysroot/usr/include/string.h:125:20: note: 'strtok' has been explicitly marked deprecated here
 [Compiler]   125 |     __attribute__((__deprecated__("strtok() is not thread-safe; use strtok_r() instead")));
 [Compiler]       |                    ^
 [Compiler] /app/external/lwjgl3/modules/lwjgl/tinyfd/src/main/c/tinyfiledialogs.c:3597:3: warning: 'strtok' is deprecated: strtok() is not thread-safe; use strtok_r() instead [-Wdeprecated-declarations]
 [Compiler]  3597 |                 strtok(lLetter," ,.-");
 [Compiler]       |                 ^
 [Compiler] /opt/android-sdk/ndk/30.0.14904198/toolchains/llvm/prebuilt/linux-x86_64/bin/../sysroot/usr/include/string.h:125:20: note: 'strtok' has been explicitly marked deprecated here
 [Compiler]   125 |     __attribute__((__deprecated__("strtok() is not thread-safe; use strtok_r() instead")));
 [Compiler]       |                    ^
 [Compiler] /app/external/lwjgl3/modules/lwjgl/tinyfd/src/main/c/tinyfiledialogs.c:4171:25: warning: 'strtok' is deprecated: strtok() is not thread-safe; use strtok_r() instead [-Wdeprecated-declarations]
 [Compiler]  4171 |                                                                         lIntTmp = atoi(strtok(lBuff,".")+2 ) ;
 [Compiler]       |                                                                                        ^
 [Compiler] /opt/android-sdk/ndk/30.0.14904198/toolchains/llvm/prebuilt/linux-x86_64/bin/../sysroot/usr/include/string.h:125:20: note: 'strtok' has been explicitly marked deprecated here
 [Compiler]   125 |     __attribute__((__deprecated__("strtok() is not thread-safe; use strtok_r() instead")));
 [Compiler]       |                    ^
 [Compiler] /app/external/lwjgl3/modules/lwjgl/tinyfd/src/main/c/tinyfiledialogs.c:4181:50: warning: 'strtok' is deprecated: strtok() is not thread-safe; use strtok_r() instead [-Wdeprecated-declarations]
 [Compiler]  4181 |                                                                 else if ( ( atoi(lBuff) == 2 ) && ( atoi(strtok(lBuff,".")+2 ) >= 32 ) )
 [Compiler]       |                                                                                                          ^
 [Compiler] /opt/android-sdk/ndk/30.0.14904198/toolchains/llvm/prebuilt/linux-x86_64/bin/../sysroot/usr/include/string.h:125:20: note: 'strtok' has been explicitly marked deprecated here
 [Compiler]   125 |     __attribute__((__deprecated__("strtok() is not thread-safe; use strtok_r() instead")));
 [Compiler]       |                    ^
 [Compiler] /app/external/lwjgl3/modules/lwjgl/tinyfd/src/main/c/tinyfiledialogs.c:5406:7: warning: ignoring return value of function declared with 'warn_unused_result' attribute [-Wunused-result]
 [Compiler]  5406 |                                                 getchar() ;
 [Compiler]       |                                                 ^~~~~~~
 [Compiler] /app/external/lwjgl3/modules/lwjgl/core/src/main/c/dependencies/miniz/miniz.c:3206:9: warning: Using fopen, ftello, fseeko, stat() etc. path for file I/O - this path may not support large files. [-W#pragma-messages]
 [Compiler]  3206 | #pragma message("Using fopen, ftello, fseeko, stat() etc. path for file I/O - this path may not support large files.")
 [Compiler]       |         ^
 [Compiler] /app/external/lwjgl3/modules/lwjgl/core/src/main/c/dependencies/miniz/miniz.c:3231:13: warning: 'MZ_FTELL64' macro redefined [-Wmacro-redefined]
 [Compiler]  3231 |     #define MZ_FTELL64 ftell
 [Compiler]       |             ^
 [Compiler] /app/external/lwjgl3/modules/lwjgl/core/src/main/c/dependencies/miniz/miniz.c:3218:9: note: previous definition is here
 [Compiler]  3218 | #define MZ_FTELL64 ftello
 [Compiler]       |         ^
 [Compiler] /app/external/lwjgl3/modules/lwjgl/core/src/main/c/dependencies/miniz/miniz.c:3232:13: warning: 'MZ_FSEEK64' macro redefined [-Wmacro-redefined]
 [Compiler]  3232 |     #define MZ_FSEEK64 fseek
 [Compiler]       |             ^
 [Compiler] /app/external/lwjgl3/modules/lwjgl/core/src/main/c/dependencies/miniz/miniz.c:3219:9: note: previous definition is here
 [Compiler]  3219 | #define MZ_FSEEK64 fseeko
 [Compiler]       |         ^
 [Compiler] In file included from /app/external/lwjgl3/modules/lwjgl/par/src/generated/c/org_lwjgl_util_par_ParShapes.c:15:
 [Compiler] ../../../../modules/lwjgl/par/src/main/c/par_shapes.h:1139:30: warning: implicit conversion from 'int' to 'float' changes value from 2147483647 to 2147483648 [-Wimplicit-const-int-float-conversion]
 [Compiler]  1139 |         r = (float) rand() / RAND_MAX;
 [Compiler]       |                            ~ ^~~~~~~~
 [Compiler] /opt/android-sdk/ndk/30.0.14904198/toolchains/llvm/prebuilt/linux-x86_64/bin/../sysroot/usr/include/stdlib.h:159:18: note: expanded from macro 'RAND_MAX'
 [Compiler]   159 | #define RAND_MAX 0x7fffffff
 [Compiler]       |                  ^~~~~~~~~~
 [Compiler] In file included from /app/external/lwjgl3/modules/lwjgl/par/src/generated/c/org_lwjgl_util_par_ParShapes.c:15:
 [Compiler] ../../../../modules/lwjgl/par/src/main/c/par_shapes.h:1231:17: warning: 'strtok' is deprecated: strtok() is not thread-safe; use strtok_r() instead [-Wdeprecated-declarations]
 [Compiler]  1231 |     char *cmd = strtok(program, delimiters);
 [Compiler]       |                 ^
 [Compiler] /opt/android-sdk/ndk/30.0.14904198/toolchains/llvm/prebuilt/linux-x86_64/bin/../sysroot/usr/include/string.h:125:20: note: 'strtok' has been explicitly marked deprecated here
 [Compiler]   125 |     __attribute__((__deprecated__("strtok() is not thread-safe; use strtok_r() instead")));
 [Compiler]       |                    ^
 [Compiler] In file included from /app/external/lwjgl3/modules/lwjgl/par/src/generated/c/org_lwjgl_util_par_ParShapes.c:15:
 [Compiler] ../../../../modules/lwjgl/par/src/main/c/par_shapes.h:1235:21: warning: 'strtok' is deprecated: strtok() is not thread-safe; use strtok_r() instead [-Wdeprecated-declarations]
 [Compiler]  1235 |         char *arg = strtok(0, delimiters);
 [Compiler]       |                     ^
 [Compiler] /opt/android-sdk/ndk/30.0.14904198/toolchains/llvm/prebuilt/linux-x86_64/bin/../sysroot/usr/include/string.h:125:20: note: 'strtok' has been explicitly marked deprecated here
 [Compiler]   125 |     __attribute__((__deprecated__("strtok() is not thread-safe; use strtok_r() instead")));
 [Compiler]       |                    ^
 [Compiler] In file included from /app/external/lwjgl3/modules/lwjgl/par/src/generated/c/org_lwjgl_util_par_ParShapes.c:15:
 [Compiler] ../../../../modules/lwjgl/par/src/main/c/par_shapes.h:1245:15: warning: 'strtok' is deprecated: strtok() is not thread-safe; use strtok_r() instead [-Wdeprecated-declarations]
 [Compiler]  1245 |         cmd = strtok(0, delimiters);
 [Compiler]       |               ^
 [Compiler] /opt/android-sdk/ndk/30.0.14904198/toolchains/llvm/prebuilt/linux-x86_64/bin/../sysroot/usr/include/string.h:125:20: note: 'strtok' has been explicitly marked deprecated here
 [Compiler]   125 |     __attribute__((__deprecated__("strtok() is not thread-safe; use strtok_r() instead")));
 [Compiler]       |                    ^
 [Compiler] In file included from /app/external/lwjgl3/modules/lwjgl/par/src/generated/c/org_lwjgl_util_par_ParShapes.c:15:
 [Compiler] ../../../../modules/lwjgl/par/src/main/c/par_shapes.h:1264:11: warning: 'strtok' is deprecated: strtok() is not thread-safe; use strtok_r() instead [-Wdeprecated-declarations]
 [Compiler]  1264 |     cmd = strtok(program, delimiters);
 [Compiler]       |           ^
 [Compiler] /opt/android-sdk/ndk/30.0.14904198/toolchains/llvm/prebuilt/linux-x86_64/bin/../sysroot/usr/include/string.h:125:20: note: 'strtok' has been explicitly marked deprecated here
 [Compiler]   125 |     __attribute__((__deprecated__("strtok() is not thread-safe; use strtok_r() instead")));
 [Compiler]       |                    ^
 [Compiler] In file included from /app/external/lwjgl3/modules/lwjgl/par/src/generated/c/org_lwjgl_util_par_ParShapes.c:15:
 [Compiler] ../../../../modules/lwjgl/par/src/main/c/par_shapes.h:1266:21: warning: 'strtok' is deprecated: strtok() is not thread-safe; use strtok_r() instead [-Wdeprecated-declarations]
 [Compiler]  1266 |         char *arg = strtok(0, delimiters);
 [Compiler]       |                     ^
 [Compiler] /opt/android-sdk/ndk/30.0.14904198/toolchains/llvm/prebuilt/linux-x86_64/bin/../sysroot/usr/include/string.h:125:20: note: 'strtok' has been explicitly marked deprecated here
 [Compiler]   125 |     __attribute__((__deprecated__("strtok() is not thread-safe; use strtok_r() instead")));
 [Compiler]       |                    ^
 [Compiler] In file included from /app/external/lwjgl3/modules/lwjgl/par/src/generated/c/org_lwjgl_util_par_ParShapes.c:15:
 [Compiler] ../../../../modules/lwjgl/par/src/main/c/par_shapes.h:1302:15: warning: 'strtok' is deprecated: strtok() is not thread-safe; use strtok_r() instead [-Wdeprecated-declarations]
 [Compiler]  1302 |         cmd = strtok(0, delimiters);
 [Compiler]       |               ^
 [Compiler] /opt/android-sdk/ndk/30.0.14904198/toolchains/llvm/prebuilt/linux-x86_64/bin/../sysroot/usr/include/string.h:125:20: note: 'strtok' has been explicitly marked deprecated here
 [Compiler]   125 |     __attribute__((__deprecated__("strtok() is not thread-safe; use strtok_r() instead")));
 [Compiler]       |                    ^
 [Compiler] 10 warnings generated.
[/opt/android-sdk/ndk/30.0.14904198/toolchains/llvm/prebuilt/linux-x86_64/bin/aarch64-linux-android21-clang] Linking lwjgl_tinyfd
    [mkdir] Created dir: /app/external/lwjgl3/bin/libs/native/linux/arm64/org/lwjgl/tinyfd
 [Compiler] 7 warnings generated.
 [Compiler] In file included from /app/external/lwjgl3/modules/lwjgl/par/src/generated/c/org_lwjgl_util_par_ParStreamlines.c:14:
 [Compiler] ../../../../modules/lwjgl/par/src/main/c/par_streamlines.h:650:46: warning: implicit conversion from 'int' to 'float' changes value from 2147483647 to 2147483648 [-Wimplicit-const-int-float-conversion]
 [Compiler]   650 |             const float r = (float) rand() / RAND_MAX;
 [Compiler]       |                                            ~ ^~~~~~~~
 [Compiler] /opt/android-sdk/ndk/30.0.14904198/toolchains/llvm/prebuilt/linux-x86_64/bin/../sysroot/usr/include/stdlib.h:159:18: note: expanded from macro 'RAND_MAX'
 [Compiler]   159 | #define RAND_MAX 0x7fffffff
 [Compiler]       |                  ^~~~~~~~~~
 [Compiler] In file included from /app/external/lwjgl3/modules/lwjgl/par/src/generated/c/org_lwjgl_util_par_ParStreamlines.c:14:
 [Compiler] ../../../../modules/lwjgl/par/src/main/c/par_streamlines.h:1061:27: warning: implicit conversion from 'unsigned int' to 'float' changes value from 4294967295 to 4294967296 [-Wimplicit-const-int-float-conversion]
 [Compiler]  1061 |     float rscale = 1.0f / UINT_MAX;
 [Compiler]       |                         ~ ^~~~~~~~
 [Compiler] /opt/android-sdk/ndk/30.0.14904198/toolchains/llvm/prebuilt/linux-x86_64/lib/clang/21/include/limits.h:64:37: note: expanded from macro 'UINT_MAX'
 [Compiler]    64 | #define UINT_MAX  (__INT_MAX__  *2U +1U)
 [Compiler]       |                    ~~~~~~~~~~~~~~~~~^~~
 [Compiler] In file included from /app/external/lwjgl3/modules/lwjgl/par/src/generated/c/org_lwjgl_util_par_ParStreamlines.c:14:
 [Compiler] ../../../../modules/lwjgl/par/src/main/c/par_streamlines.h:1086:27: warning: implicit conversion from 'unsigned int' to 'float' changes value from 4294967295 to 4294967296 [-Wimplicit-const-int-float-conversion]
 [Compiler]  1086 |     float rscale = 1.0f / UINT_MAX;
 [Compiler]       |                         ~ ^~~~~~~~
 [Compiler] /opt/android-sdk/ndk/30.0.14904198/toolchains/llvm/prebuilt/linux-x86_64/lib/clang/21/include/limits.h:64:37: note: expanded from macro 'UINT_MAX'
 [Compiler]    64 | #define UINT_MAX  (__INT_MAX__  *2U +1U)
 [Compiler]       |                    ~~~~~~~~~~~~~~~~~^~~
 [Compiler] 3 warnings generated.
[/opt/android-sdk/ndk/30.0.14904198/toolchains/llvm/prebuilt/linux-x86_64/bin/aarch64-linux-android21-clang] Linking lwjgl_par
    [mkdir] Created dir: /app/external/lwjgl3/bin/libs/native/linux/arm64/${module.par.path}
 [Compiler] 3 warnings generated.
 [Compiler] In file included from /app/external/lwjgl3/modules/lwjgl/spng/src/generated/c/org_lwjgl_util_spng_SPNG.c:16:
 [Compiler] ../../../../modules/lwjgl/spng/src/main/c/spng.c:1213:13: warning: inflateValidate() not available, SPNG_CTX_IGNORE_ADLER32 will be ignored [-W#pragma-messages]
 [Compiler]  1213 |     #pragma message ("inflateValidate() not available, SPNG_CTX_IGNORE_ADLER32 will be ignored")
 [Compiler]       |             ^
    [mkdir] Created dir: /app/external/lwjgl3/bin/linux/arm64/vma
 [Compiler] 1 warning generated.
[/opt/android-sdk/ndk/30.0.14904198/toolchains/llvm/prebuilt/linux-x86_64/bin/aarch64-linux-android21-clang] Linking lwjgl_spng
    [mkdir] Created dir: /app/external/lwjgl3/bin/libs/native/linux/arm64/org/lwjgl/spng
[/opt/android-sdk/ndk/30.0.14904198/toolchains/llvm/prebuilt/linux-x86_64/bin/aarch64-linux-android21-clang] Linking lwjgl
[/opt/android-sdk/ndk/30.0.14904198/toolchains/llvm/prebuilt/linux-x86_64/bin/aarch64-linux-android21-clang] Linking lwjgl_vma
    [mkdir] Created dir: /app/external/lwjgl3/bin/libs/native/linux/arm64/org/lwjgl/vma
[/opt/android-sdk/ndk/30.0.14904198/toolchains/llvm/prebuilt/linux-x86_64/bin/aarch64-linux-android21-clang] Linking lwjgl_nuklear
    [mkdir] Created dir: /app/external/lwjgl3/bin/libs/native/linux/arm64/${module.nuklear.path}
[/opt/android-sdk/ndk/30.0.14904198/toolchains/llvm/prebuilt/linux-x86_64/bin/aarch64-linux-android21-clang] Linking lwjgl_nanovg
    [mkdir] Created dir: /app/external/lwjgl3/bin/libs/native/linux/arm64/org/lwjgl/nanovg
[/opt/android-sdk/ndk/30.0.14904198/toolchains/llvm/prebuilt/linux-x86_64/bin/aarch64-linux-android21-clang] Linking lwjgl_stb
    [mkdir] Created dir: /app/external/lwjgl3/bin/libs/native/linux/arm64/org/lwjgl/stb
[/opt/android-sdk/ndk/30.0.14904198/toolchains/llvm/prebuilt/linux-x86_64/bin/aarch64-linux-android21-clang] Linking lwjgl_opengl
    [mkdir] Created dir: /app/external/lwjgl3/bin/libs/native/linux/arm64/org/lwjgl/opengl

-check-release-jdk:
    [input] It is recommended to build LWJGL releases on JDK 25 or higher. Continue with current JDK? (y, [n])

init:
 [override] Build architecture: arm64
 [override] Build offline: true

check-dependencies:

generate:

compile:

-compile-generator:
[javac: Generator Tools] Compiling 3 source files to /app/external/lwjgl3/bin/classes/generator

-build-version:

release:
    [mkdir] Created dir: /app/external/lwjgl3/bin/RELEASE
[module-info-gen :: java] core: OK
[module-info-gen :: java] freetype: OK
[module-info-gen :: java] vulkan: OK
[module-info-gen :: java] glfw: OK
[module-info-gen :: java] openal: OK
[module-info-gen :: java] opengl: OK
[module-info-gen :: java] lwjglx: OK
[module-info-gen :: java] nanovg: OK
[module-info-gen :: java] sdl: OK
[module-info-gen :: java] shaderc: OK
[module-info-gen :: java] spng: OK
[module-info-gen :: java] spvc: OK
[module-info-gen :: java] stb: OK
[module-info-gen :: java] tinyfd: OK
[module-info-gen :: java] vma: OK
     [echo] Missing offline artifact: bin/libs/native/freebsd/x64/org/lwjgl/liblwjgl.so
     [echo] Missing offline artifact: bin/libs/native/linux/x64/org/lwjgl/liblwjgl.so
     [echo] Missing offline artifact: bin/libs/native/linux/arm32/org/lwjgl/liblwjgl.so
     [echo] Missing offline artifact: bin/libs/native/linux/ppc64le/org/lwjgl/liblwjgl.so
     [echo] Missing offline artifact: bin/libs/native/linux/riscv64/org/lwjgl/liblwjgl.so
     [echo] Missing offline artifact: bin/libs/native/macos/x64/org/lwjgl/liblwjgl.dylib
     [echo] Missing offline artifact: bin/libs/native/macos/arm64/org/lwjgl/liblwjgl.dylib
     [echo] Missing offline artifact: bin/libs/native/windows/x64/org/lwjgl/lwjgl.dll
     [echo] Missing offline artifact: bin/libs/native/windows/x86/org/lwjgl/lwjgl.dll
     [echo] Missing offline artifact: bin/libs/native/windows/arm64/org/lwjgl/lwjgl.dll
    [mkdir] Created dir: /app/external/lwjgl3/bin/RELEASE/lwjgl/META-INF
[module-info-gen :: native :: lwjgl] linux.arm64.org.lwjgl: OK
      [jar] Building jar: /app/external/lwjgl3/bin/RELEASE/lwjgl/lwjgl-natives-linux-arm64.jar
      [jar] Building jar: /app/external/lwjgl3/bin/RELEASE/lwjgl/lwjgl.jar
      [jar] Building jar: /app/external/lwjgl3/bin/RELEASE/lwjgl/lwjgl-sources.jar
   [delete] Deleting directory /app/external/lwjgl3/bin/classes/lwjgl/core/META-INF/native-image
     [echo] Missing offline artifact: bin/libs/native/freebsd/x64/org/lwjgl/freetype/libfreetype.so
     [echo] Missing offline artifact: bin/libs/native/linux/x64/org/lwjgl/freetype/libfreetype.so
     [echo] Missing offline artifact: bin/libs/native/linux/arm64/org/lwjgl/freetype/libfreetype.so
     [echo] Missing offline artifact: bin/libs/native/linux/arm32/org/lwjgl/freetype/libfreetype.so
     [echo] Missing offline artifact: bin/libs/native/linux/ppc64le/org/lwjgl/freetype/libfreetype.so
     [echo] Missing offline artifact: bin/libs/native/linux/riscv64/org/lwjgl/freetype/libfreetype.so
     [echo] Missing offline artifact: bin/libs/native/macos/x64/org/lwjgl/freetype/libfreetype.dylib
      [jar] Building jar: /app/external/lwjgl3/bin/RELEASE/lwjgl-lwjglx/lwjgl-lwjglx.jar
     [echo] Missing offline artifact: bin/libs/native/macos/arm64/org/lwjgl/freetype/libfreetype.dylib
     [echo] Missing offline artifact: bin/libs/native/windows/x64/org/lwjgl/freetype/freetype.dll
     [echo] Missing offline artifact: bin/libs/native/freebsd/x64/org/lwjgl/nanovg/liblwjgl_nanovg.so
     [echo] Missing offline artifact: bin/libs/native/windows/x86/org/lwjgl/freetype/freetype.dll
     [echo] Missing offline artifact: bin/libs/native/linux/x64/org/lwjgl/nanovg/liblwjgl_nanovg.so
     [echo] Missing offline artifact: bin/libs/native/freebsd/x64/org/lwjgl/glfw/libglfw.so
     [echo] Missing offline artifact: bin/libs/native/linux/arm32/org/lwjgl/nanovg/liblwjgl_nanovg.so
     [echo] Missing offline artifact: bin/libs/native/windows/arm64/org/lwjgl/freetype/freetype.dll
     [echo] Missing offline artifact: bin/libs/native/linux/ppc64le/org/lwjgl/nanovg/liblwjgl_nanovg.so
     [echo] Missing offline artifact: bin/libs/native/linux/riscv64/org/lwjgl/nanovg/liblwjgl_nanovg.so
     [echo] Missing offline artifact: bin/libs/native/linux/x64/org/lwjgl/glfw/libglfw.so
     [echo] Missing offline artifact: bin/libs/native/linux/arm64/org/lwjgl/glfw/libglfw.so
     [echo] Missing offline artifact: bin/libs/native/macos/x64/org/lwjgl/nanovg/liblwjgl_nanovg.dylib
      [jar] Building jar: /app/external/lwjgl3/bin/RELEASE/lwjgl-freetype/lwjgl-freetype.jar
     [echo] Missing offline artifact: bin/libs/native/macos/arm64/org/lwjgl/nanovg/liblwjgl_nanovg.dylib
     [echo] Missing offline artifact: bin/libs/native/linux/ppc64le/org/lwjgl/glfw/libglfw.so
     [echo] Missing offline artifact: bin/libs/native/linux/arm32/org/lwjgl/glfw/libglfw.so
     [echo] Missing offline artifact: bin/libs/native/windows/x64/org/lwjgl/nanovg/lwjgl_nanovg.dll
      [jar] Building jar: /app/external/lwjgl3/bin/RELEASE/lwjgl-lwjglx/lwjgl-lwjglx-sources.jar
     [echo] Missing offline artifact: bin/libs/native/windows/x86/org/lwjgl/nanovg/lwjgl_nanovg.dll
     [echo] Missing offline artifact: bin/libs/native/windows/arm64/org/lwjgl/nanovg/lwjgl_nanovg.dll
     [echo] Missing offline artifact: bin/libs/native/linux/riscv64/org/lwjgl/glfw/libglfw.so
    [mkdir] Created dir: /app/external/lwjgl3/bin/RELEASE/lwjgl-nanovg/META-INF
     [echo] Missing offline artifact: bin/libs/native/macos/x64/org/lwjgl/glfw/libglfw.dylib
     [echo] Missing offline artifact: bin/libs/native/macos/x64/org/lwjgl/glfw/libglfw_async.dylib
     [echo] Missing offline artifact: bin/libs/native/macos/arm64/org/lwjgl/glfw/libglfw.dylib
     [echo] Missing offline artifact: bin/libs/native/macos/arm64/org/lwjgl/glfw/libglfw_async.dylib
     [echo] Missing offline artifact: bin/libs/native/windows/x64/org/lwjgl/glfw/glfw.dll
     [echo] Missing offline artifact: bin/libs/native/windows/x86/org/lwjgl/glfw/glfw.dll
     [echo] Missing offline artifact: bin/libs/native/windows/arm64/org/lwjgl/glfw/glfw.dll
      [jar] Building jar: /app/external/lwjgl3/bin/RELEASE/lwjgl-glfw/lwjgl-glfw.jar
     [echo] Missing offline artifact: bin/libs/native/freebsd/x64/org/lwjgl/openal/libopenal.so
      [jar] Building jar: /app/external/lwjgl3/bin/RELEASE/lwjgl-freetype/lwjgl-freetype-sources.jar
     [echo] Missing offline artifact: bin/libs/native/linux/x64/org/lwjgl/openal/libopenal.so
      [jar] Building jar: /app/external/lwjgl3/bin/RELEASE/lwjgl-glfw/lwjgl-glfw-sources.jar
     [echo] Missing offline artifact: bin/libs/native/macos/x64/org/lwjgl/openal/libopenal.dylib
     [echo] Missing offline artifact: bin/libs/native/windows/x64/org/lwjgl/openal/OpenAL.dll
     [echo] Missing offline artifact: bin/libs/native/windows/x86/org/lwjgl/openal/OpenAL.dll
     [echo] Missing offline artifact: bin/libs/native/windows/arm64/org/lwjgl/openal/OpenAL.dll
     [echo] Missing offline artifact: bin/libs/native/freebsd/x64/org/lwjgl/opengl/liblwjgl_opengl.so
     [echo] Missing offline artifact: bin/libs/native/linux/x64/org/lwjgl/opengl/liblwjgl_opengl.so
     [echo] Missing offline artifact: bin/libs/native/linux/arm32/org/lwjgl/opengl/liblwjgl_opengl.so
     [echo] Missing offline artifact: bin/libs/native/linux/ppc64le/org/lwjgl/opengl/liblwjgl_opengl.so
     [echo] Missing offline artifact: bin/libs/native/linux/riscv64/org/lwjgl/opengl/liblwjgl_opengl.so
     [echo] Missing offline artifact: bin/libs/native/macos/x64/org/lwjgl/opengl/liblwjgl_opengl.dylib
     [echo] Missing offline artifact: bin/libs/native/macos/arm64/org/lwjgl/opengl/liblwjgl_opengl.dylib
     [echo] Missing offline artifact: bin/libs/native/windows/x64/org/lwjgl/opengl/lwjgl_opengl.dll
     [echo] Missing offline artifact: bin/libs/native/windows/x86/org/lwjgl/opengl/lwjgl_opengl.dll
     [echo] Missing offline artifact: bin/libs/native/windows/arm64/org/lwjgl/opengl/lwjgl_opengl.dll
    [mkdir] Created dir: /app/external/lwjgl3/bin/RELEASE/lwjgl-opengl/META-INF
     [echo] Missing offline artifact: bin/libs/native/freebsd/x64/org/lwjgl/sdl/libSDL3.so
     [echo] Missing offline artifact: bin/libs/native/linux/arm64/org/lwjgl/sdl/libSDL3.so
     [echo] Missing offline artifact: bin/libs/native/linux/x64/org/lwjgl/sdl/libSDL3.so
     [echo] Missing offline artifact: bin/libs/native/linux/arm32/org/lwjgl/sdl/libSDL3.so
     [echo] Missing offline artifact: bin/libs/native/linux/ppc64le/org/lwjgl/sdl/libSDL3.so
     [echo] Missing offline artifact: bin/libs/native/macos/arm64/org/lwjgl/sdl/libSDL3.dylib
     [echo] Missing offline artifact: bin/libs/native/linux/riscv64/org/lwjgl/sdl/libSDL3.so
     [echo] Missing offline artifact: bin/libs/native/macos/x64/org/lwjgl/sdl/libSDL3.dylib
     [echo] Missing offline artifact: bin/libs/native/windows/x64/org/lwjgl/sdl/SDL3.dll
     [echo] Missing offline artifact: bin/libs/native/windows/x86/org/lwjgl/sdl/SDL3.dll
     [echo] Missing offline artifact: bin/libs/native/windows/arm64/org/lwjgl/sdl/SDL3.dll
      [jar] Building jar: /app/external/lwjgl3/bin/RELEASE/lwjgl-sdl/lwjgl-sdl.jar
      [jar] Building jar: /app/external/lwjgl3/bin/RELEASE/lwjgl-sdl/lwjgl-sdl-sources.jar
     [echo] Missing offline artifact: bin/libs/native/freebsd/x64/org/lwjgl/shaderc/libshaderc.so
     [echo] Missing offline artifact: bin/libs/native/linux/x64/org/lwjgl/shaderc/libshaderc.so
     [echo] Missing offline artifact: bin/libs/native/windows/x64/org/lwjgl/shaderc/shaderc.dll
     [echo] Missing offline artifact: bin/libs/native/windows/x86/org/lwjgl/shaderc/shaderc.dll
     [echo] Missing offline artifact: bin/libs/native/windows/arm64/org/lwjgl/shaderc/shaderc.dll
    [mkdir] Created dir: /app/external/lwjgl3/bin/RELEASE/lwjgl-shaderc/META-INF
[module-info-gen :: native :: lwjgl-nanovg] linux.arm64.org.lwjgl.nanovg: OK
      [jar] Building jar: /app/external/lwjgl3/bin/RELEASE/lwjgl-nanovg/lwjgl-nanovg-natives-linux-arm64.jar
      [jar] Building jar: /app/external/lwjgl3/bin/RELEASE/lwjgl-nanovg/lwjgl-nanovg.jar
[module-info-gen :: native :: lwjgl-opengl] linux.arm64.org.lwjgl.opengl: OK
      [jar] Building jar: /app/external/lwjgl3/bin/RELEASE/lwjgl-nanovg/lwjgl-nanovg-sources.jar
     [echo] Missing offline artifact: bin/libs/native/freebsd/x64/org/lwjgl/spng/liblwjgl_spng.so
     [echo] Missing offline artifact: bin/libs/native/linux/x64/org/lwjgl/spng/liblwjgl_spng.so
     [echo] Missing offline artifact: bin/libs/native/linux/arm32/org/lwjgl/spng/liblwjgl_spng.so
     [echo] Missing offline artifact: bin/libs/native/linux/ppc64le/org/lwjgl/spng/liblwjgl_spng.so
     [echo] Missing offline artifact: bin/libs/native/linux/riscv64/org/lwjgl/spng/liblwjgl_spng.so
     [echo] Missing offline artifact: bin/libs/native/macos/x64/org/lwjgl/spng/liblwjgl_spng.dylib
     [echo] Missing offline artifact: bin/libs/native/macos/arm64/org/lwjgl/spng/liblwjgl_spng.dylib
     [echo] Missing offline artifact: bin/libs/native/windows/x64/org/lwjgl/spng/lwjgl_spng.dll
     [echo] Missing offline artifact: bin/libs/native/windows/x86/org/lwjgl/spng/lwjgl_spng.dll
     [echo] Missing offline artifact: bin/libs/native/windows/arm64/org/lwjgl/spng/lwjgl_spng.dll
    [mkdir] Created dir: /app/external/lwjgl3/bin/RELEASE/lwjgl-spng/META-INF
      [jar] Building jar: /app/external/lwjgl3/bin/RELEASE/lwjgl-opengl/lwjgl-opengl.jar
[module-info-gen :: native :: lwjgl-openal] linux.arm64.org.lwjgl.openal: OK
      [jar] Building jar: /app/external/lwjgl3/bin/RELEASE/lwjgl-opengl/lwjgl-opengl-sources.jar
     [echo] Missing offline artifact: bin/libs/native/linux/x64/org/lwjgl/spvc/libspirv-cross.so
     [echo] Missing offline artifact: bin/libs/native/freebsd/x64/org/lwjgl/spvc/libspirv-cross.so
     [echo] Missing offline artifact: bin/libs/native/linux/arm64/org/lwjgl/spvc/libspirv-cross.so
     [echo] Missing offline artifact: bin/libs/native/linux/arm32/org/lwjgl/spvc/libspirv-cross.so
     [echo] Missing offline artifact: bin/libs/native/linux/ppc64le/org/lwjgl/spvc/libspirv-cross.so
     [echo] Missing offline artifact: bin/libs/native/linux/riscv64/org/lwjgl/spvc/libspirv-cross.so
     [echo] Missing offline artifact: bin/libs/native/macos/x64/org/lwjgl/spvc/libspirv-cross.dylib
     [echo] Missing offline artifact: bin/libs/native/macos/arm64/org/lwjgl/spvc/libspirv-cross.dylib
     [echo] Missing offline artifact: bin/libs/native/windows/x64/org/lwjgl/spvc/spirv-cross.dll
     [echo] Missing offline artifact: bin/libs/native/windows/x86/org/lwjgl/spvc/spirv-cross.dll
     [echo] Missing offline artifact: bin/libs/native/windows/arm64/org/lwjgl/spvc/spirv-cross.dll
      [jar] Building jar: /app/external/lwjgl3/bin/RELEASE/lwjgl-spvc/lwjgl-spvc.jar
      [jar] Building jar: /app/external/lwjgl3/bin/RELEASE/lwjgl-spvc/lwjgl-spvc-sources.jar
     [echo] Missing offline artifact: bin/libs/native/linux/x64/org/lwjgl/stb/liblwjgl_stb.so
     [echo] Missing offline artifact: bin/libs/native/linux/arm32/org/lwjgl/stb/liblwjgl_stb.so
     [echo] Missing offline artifact: bin/libs/native/linux/ppc64le/org/lwjgl/stb/liblwjgl_stb.so
     [echo] Missing offline artifact: bin/libs/native/linux/riscv64/org/lwjgl/stb/liblwjgl_stb.so
     [echo] Missing offline artifact: bin/libs/native/macos/x64/org/lwjgl/stb/liblwjgl_stb.dylib
     [echo] Missing offline artifact: bin/libs/native/macos/arm64/org/lwjgl/stb/liblwjgl_stb.dylib
     [echo] Missing offline artifact: bin/libs/native/windows/x64/org/lwjgl/stb/lwjgl_stb.dll
     [echo] Missing offline artifact: bin/libs/native/windows/x86/org/lwjgl/stb/lwjgl_stb.dll
     [echo] Missing offline artifact: bin/libs/native/windows/arm64/org/lwjgl/stb/lwjgl_stb.dll
    [mkdir] Created dir: /app/external/lwjgl3/bin/RELEASE/lwjgl-stb/META-INF
[module-info-gen :: native :: lwjgl-shaderc] linux.arm64.org.lwjgl.shaderc: OK
      [jar] Building jar: /app/external/lwjgl3/bin/RELEASE/lwjgl-shaderc/lwjgl-shaderc-natives-linux-arm64.jar
[module-info-gen :: native :: lwjgl-spng] linux.arm64.org.lwjgl.spng: OK
[module-info-gen :: native :: lwjgl-stb] linux.arm64.org.lwjgl.stb: OK
      [jar] Building jar: /app/external/lwjgl3/bin/RELEASE/lwjgl-stb/lwjgl-stb-natives-linux-arm64.jar
      [jar] Building jar: /app/external/lwjgl3/bin/RELEASE/lwjgl-stb/lwjgl-stb.jar
      [jar] Building jar: /app/external/lwjgl3/bin/RELEASE/lwjgl-stb/lwjgl-stb-sources.jar
     [echo] Missing offline artifact: bin/libs/native/linux/x64/org/lwjgl/tinyfd/liblwjgl_tinyfd.so
     [echo] Missing offline artifact: bin/libs/native/linux/ppc64le/org/lwjgl/tinyfd/liblwjgl_tinyfd.so
     [echo] Missing offline artifact: bin/libs/native/linux/riscv64/org/lwjgl/tinyfd/liblwjgl_tinyfd.so
     [echo] Missing offline artifact: bin/libs/native/macos/x64/org/lwjgl/tinyfd/liblwjgl_tinyfd.dylib
     [echo] Missing offline artifact: bin/libs/native/macos/arm64/org/lwjgl/tinyfd/liblwjgl_tinyfd.dylib
     [echo] Missing offline artifact: bin/libs/native/windows/x64/org/lwjgl/tinyfd/lwjgl_tinyfd.dll
     [echo] Missing offline artifact: bin/libs/native/windows/x86/org/lwjgl/tinyfd/lwjgl_tinyfd.dll
     [echo] Missing offline artifact: bin/libs/native/windows/arm64/org/lwjgl/tinyfd/lwjgl_tinyfd.dll
    [mkdir] Created dir: /app/external/lwjgl3/bin/RELEASE/lwjgl-tinyfd/META-INF
      [jar] Building jar: /app/external/lwjgl3/bin/RELEASE/lwjgl-openal/lwjgl-openal-natives-linux-arm64.jar
      [jar] Building jar: /app/external/lwjgl3/bin/RELEASE/lwjgl-shaderc/lwjgl-shaderc.jar
      [jar] Building jar: /app/external/lwjgl3/bin/RELEASE/lwjgl-shaderc/lwjgl-shaderc-sources.jar
     [echo] Missing offline artifact: bin/libs/native/freebsd/x64/org/lwjgl/vma/liblwjgl_vma.so
     [echo] Missing offline artifact: bin/libs/native/linux/x64/org/lwjgl/vma/liblwjgl_vma.so
     [echo] Missing offline artifact: bin/libs/native/linux/arm32/org/lwjgl/vma/liblwjgl_vma.so
     [echo] Missing offline artifact: bin/libs/native/linux/ppc64le/org/lwjgl/vma/liblwjgl_vma.so
     [echo] Missing offline artifact: bin/libs/native/linux/riscv64/org/lwjgl/vma/liblwjgl_vma.so
     [echo] Missing offline artifact: bin/libs/native/macos/x64/org/lwjgl/vma/liblwjgl_vma.dylib
     [echo] Missing offline artifact: bin/libs/native/macos/arm64/org/lwjgl/vma/liblwjgl_vma.dylib
     [echo] Missing offline artifact: bin/libs/native/windows/x64/org/lwjgl/vma/lwjgl_vma.dll
     [echo] Missing offline artifact: bin/libs/native/windows/arm64/org/lwjgl/vma/lwjgl_vma.dll
     [echo] Missing offline artifact: bin/libs/native/windows/x86/org/lwjgl/vma/lwjgl_vma.dll
    [mkdir] Created dir: /app/external/lwjgl3/bin/RELEASE/lwjgl-vma/META-INF
[module-info-gen :: native :: lwjgl-tinyfd] linux.arm64.org.lwjgl.tinyfd: OK
      [jar] Building jar: /app/external/lwjgl3/bin/RELEASE/lwjgl-tinyfd/lwjgl-tinyfd-natives-linux-arm64.jar
      [jar] Building jar: /app/external/lwjgl3/bin/RELEASE/lwjgl-tinyfd/lwjgl-tinyfd.jar
      [jar] Building jar: /app/external/lwjgl3/bin/RELEASE/lwjgl-tinyfd/lwjgl-tinyfd-sources.jar
     [echo] Missing offline artifact: bin/libs/native/macos/x64/org/lwjgl/vulkan/libMoltenVK.dylib
     [echo] Missing offline artifact: bin/libs/native/macos/arm64/org/lwjgl/vulkan/libMoltenVK.dylib
      [jar] Building jar: /app/external/lwjgl3/bin/RELEASE/lwjgl-vulkan/lwjgl-vulkan.jar
[module-info-gen :: native :: lwjgl-vma] linux.arm64.org.lwjgl.vma: OK
      [jar] Building jar: /app/external/lwjgl3/bin/RELEASE/lwjgl-spng/lwjgl-spng-natives-linux-arm64.jar
      [jar] Building jar: /app/external/lwjgl3/bin/RELEASE/lwjgl-vma/lwjgl-vma-natives-linux-arm64.jar
      [jar] Building jar: /app/external/lwjgl3/bin/RELEASE/lwjgl-spng/lwjgl-spng.jar
      [jar] Building jar: /app/external/lwjgl3/bin/RELEASE/lwjgl-vma/lwjgl-vma.jar
      [jar] Building jar: /app/external/lwjgl3/bin/RELEASE/lwjgl-spng/lwjgl-spng-sources.jar
      [jar] Building jar: /app/external/lwjgl3/bin/RELEASE/lwjgl-vma/lwjgl-vma-sources.jar
      [jar] Building jar: /app/external/lwjgl3/bin/RELEASE/lwjgl-vulkan/lwjgl-vulkan-sources.jar
      [jar] Building jar: /app/external/lwjgl3/bin/RELEASE/lwjgl-openal/lwjgl-openal.jar
      [jar] Building jar: /app/external/lwjgl3/bin/RELEASE/lwjgl-openal/lwjgl-openal-sources.jar

BUILD SUCCESSFUL
Total time: 1 minute 42 seconds

=== packaging natives -> /app/out/lwjgl3/lwjgl-3.4.1-android-natives-arm64.zip ===
  adding: libfreetype.so (deflated 48%)
  adding: liblwjgl.so (deflated 80%)
  adding: liblwjgl_nanovg.so (deflated 54%)
  adding: liblwjgl_opengl.so (deflated 77%)
  adding: liblwjgl_spng.so (deflated 48%)
  adding: liblwjgl_stb.so (deflated 52%)
  adding: liblwjgl_tinyfd.so (deflated 62%)
  adding: liblwjgl_vma.so (deflated 61%)
  adding: libshaderc.so (deflated 67%)

=== packaging modules -> /app/out/lwjgl3/lwjgl-3.4.1-android-modules.zip ===
  adding: lwjgl-openal/lwjgl-openal.jar (deflated 7%)
  adding: lwjgl-openal/openal_soft_license.txt (deflated 64%)
  adding: lwjgl/liburing_license.txt (deflated 42%)
  adding: lwjgl/libffi_license.txt (deflated 41%)
  adding: lwjgl/lwjgl.jar (deflated 5%)
  adding: lwjgl-nanovg/lwjgl-nanovg.jar (deflated 7%)
  adding: lwjgl-nanovg/nanovg_license.txt (deflated 46%)
  adding: lwjgl-nanovg/nanosvg_license.txt (deflated 45%)
  adding: LICENSE (deflated 48%)
  adding: lwjgl-lwjglx/lwjgl-lwjglx.jar (deflated 8%)
  adding: lwjgl-glfw/glfw_license.txt (deflated 46%)
  adding: lwjgl-glfw/lwjgl-glfw.jar (deflated 11%)
  adding: lwjgl-opengl/khronos_license.txt (deflated 42%)
  adding: lwjgl-opengl/lwjgl-opengl.jar (deflated 7%)
  adding: lwjgl-spvc/lwjgl-spvc.jar (deflated 5%)
  adding: lwjgl-vulkan/khronos_license.txt (deflated 42%)
  adding: lwjgl-vulkan/lwjgl-vulkan.jar (deflated 7%)
  adding: lwjgl-spng/lwjgl-spng.jar (deflated 7%)
  adding: lwjgl-shaderc/lwjgl-shaderc.jar (deflated 7%)
  adding: lwjgl-shaderc/shaderc_license.txt (deflated 65%)
  adding: lwjgl-vma/vma_license.txt (deflated 41%)
  adding: lwjgl-vma/lwjgl-vma.jar (deflated 7%)
  adding: lwjgl-sdl/sdl_license.txt (deflated 45%)
  adding: lwjgl-sdl/lwjgl-sdl.jar (deflated 6%)
  adding: build.txt (stored 0%)
  adding: lwjgl-freetype/lwjgl-freetype.jar (deflated 8%)
  adding: lwjgl-freetype/freetype_license.txt (deflated 58%)
  adding: lwjgl-stb/lwjgl-stb.jar (deflated 6%)
  adding: lwjgl-tinyfd/lwjgl-tinyfd.jar (deflated 21%)
  adding: lwjgl-tinyfd/tinyfd_license.txt (deflated 47%)

=== done ===
Outputs:
-rw-rw-r-- 1 jules jules  12M Jul 27 07:17 /app/out/lwjgl3/lwjgl-3.4.1-android-modules.zip
-rw-rw-r-- 1 jules jules 3.8M Jul 27 07:17 /app/out/lwjgl3/lwjgl-3.4.1-android-natives-arm64.zip
